idx,s,r,o,gold_start,gold_end,pred_text,pred_start,pred_end,giou_top1,aeiou_top1,ae_start_top1,ae_end_top1,ae_avg_top1,ctx_1hop,ctx_2hop,ctx_used,prompt_chars,prompt_preview
0,12445,22,5654,2010,2011,Answer: 2010-2011,2010,2011,1.0,1.0,0,0,0.0,0,0,0,682,"### Subject
Nicolás Bertolo: Nicolás Santiago Bertolo (born 2 January 1986) is an Argentinian professional footballer who plays as a winger for Banfield in the Argentine Primera División. …

### Object
Real Zaragoza: Real Zaragoza, S.A.D. (Spanish pronunciation: [reˈal θaɾaˈɣoθa]), commonly referred to as Zaragoza, is a football club based in Zaragoza, Aragon, Spain, that c…

### Question
Predict the yearly time interval for the target fact.
- Target triple: (Nicolás Bertolo, member of sports team, Real Zaragoza)
- Output strictly as 'YYYY-YYYY'. If a single year is known, repeat it (e.g., '1998-1998').
- If unknown, use '####-####'. Provide only the final answer.

ANSWER: "
1,12371,22,10030,1997,1998,Answer: 1998-2002,1998,2002,0.16666666666666666,0.16666666666666666,1,4,2.5,0,0,0,736,"### Subject
Salvatore Fresi: Salvatore Fresi (born 16 January 1973) is an Italian former professional footballer who played as a centre-back & sweeper Fresi was born in La Maddalena, Sardi…

### Object
Italy national association football team: The Italy national football team (Italian: Nazionale di calcio dell'Italia) has represented Italy in international football since its first match in 1910. The …

### Question
Predict the yearly time interval for the target fact.
- Target triple: (Salvatore Fresi, member of sports team, Italy national association football team)
- Output strictly as 'YYYY-YYYY'. If a single year is known, repeat it (e.g., '1998-1998').
- If unknown, use '####-####'. Provide only the final answer.

ANSWER: "
2,10993,22,9854,1982,1982,Answer: 1980-1985,1980,1985,0.16666666666666666,0.16666666666666666,2,3,2.5,0,0,0,750,"### Subject
Roberto Fernández Bonillo: Roberto Fernández Bonillo (born 5 July 1962), often known simply as Robert or Roberto, is a Spanish former footballer who played mostly as a central midfielder…

### Object
Spain national under-23 football team: The Spain Olympic football team (also known as Spain Under-23, or Spain U-23) represents Spain in international football competitions in the Olympic Games. The…

### Question
Predict the yearly time interval for the target fact.
- Target triple: (Roberto Fernández Bonillo, member of sports team, Spain national under-23 football team)
- Output strictly as 'YYYY-YYYY'. If a single year is known, repeat it (e.g., '1998-1998').
- If unknown, use '####-####'. Provide only the final answer.

ANSWER: "
3,10936,22,9633,2013,2014,Answer: 2010-2014,2010,2014,0.4,0.4,3,0,1.5,0,0,0,686,"### Subject
Alexander Merkel: Alexander Merkel (Kazakh: Александр Меркель; born 22 February 1992) is a Kazakh professional footballer who plays as a midfielder for Süper Lig club Gaziantep …

### Object
Udinese Calcio: Udinese Calcio, commonly referred to as Udinese, is a professional Italian football club based in Udine, Friuli-Venezia Giulia, that currently plays in Serie A…

### Question
Predict the yearly time interval for the target fact.
- Target triple: (Alexander Merkel, member of sports team, Udinese Calcio)
- Output strictly as 'YYYY-YYYY'. If a single year is known, repeat it (e.g., '1998-1998').
- If unknown, use '####-####'. Provide only the final answer.

ANSWER: "
4,10579,22,9898,2009,2010,Answer: 2013-2016,2013,2016,-0.25,0.125,4,6,5.0,0,0,0,692,"### Subject
Kornel Saláta: Kornel Saláta (Slovak pronunciation: [ˈkɔrnel ˈsalaːta]; Hungarian: Saláta Kornél; born 24 January 1985) is a Slovak professional football who plays as a centr…

### Object
ŠK Slovan Bratislava: ŠK Slovan Bratislava (Slovak pronunciation: [ˈslɔʋam ˈbracislaʋa], ""Bratislava Slav"") is a football club based in Bratislava, Slovakia, that plays in the Slova…

### Question
Predict the yearly time interval for the target fact.
- Target triple: (Kornel Saláta, member of sports team, ŠK Slovan Bratislava)
- Output strictly as 'YYYY-YYYY'. If a single year is known, repeat it (e.g., '1998-1998').
- If unknown, use '####-####'. Provide only the final answer.

ANSWER: "
5,8441,20,7092,1956,1956,Answer: ####-####,,,0.0,0.0,,,,0,0,0,692,"### Subject
Samuel Goudsmit: Samuel Abraham Goudsmit (July 11, 1902 – December 4, 1978) was a Dutch-American physicist famous for jointly proposing the concept of electron spin with George…

### Object
Nobel Prize in Physics: The Nobel Prize in Physics is a yearly award given by the Royal Swedish Academy of Sciences for those who have made the most outstanding contributions for huma…

### Question
Predict the yearly time interval for the target fact.
- Target triple: (Samuel Goudsmit, nominated for, Nobel Prize in Physics)
- Output strictly as 'YYYY-YYYY'. If a single year is known, repeat it (e.g., '1998-1998').
- If unknown, use '####-####'. Provide only the final answer.

ANSWER: "
6,9351,20,5762,1933,1933,Answer: ####-####,,,0.0,0.0,,,,0,0,0,690,"### Subject
Karel Čapek: Karel Čapek (Czech: [ˈkarɛl ˈtʃapɛk] (listen); 9 January 1890 – 25 December 1938) was a Czech writer, playwright and critic. He has become best known for his s…

### Object
Nobel Prize in Literature: The Nobel Prize in Literature (here meaning for literature) is a Swedish literature prize that is awarded annually, since 1901, to an author from any country w…

### Question
Predict the yearly time interval for the target fact.
- Target triple: (Karel Čapek, nominated for, Nobel Prize in Literature)
- Output strictly as 'YYYY-YYYY'. If a single year is known, repeat it (e.g., '1998-1998').
- If unknown, use '####-####'. Provide only the final answer.

ANSWER: "
7,7573,17,6897,1946,1946,Answer: ####-####,,,0.0,0.0,,,,0,0,0,745,"### Subject
Karl Landsteiner: Karl Landsteiner For Mem RS (German: [kaʁl ˈlantˌʃtaɪnɐ]; 14 June 1868 – 26 June 1943) was an Austrian-born American biologist, physician, and immunologist. He…

### Object
Lasker-De Bakey Clinical Medical Research Award: Lasker-De Bakey Clinical Medical Research Award is one of four annual awards presented by the Lasker Foundation. The Lasker-De Bakey award is given to honor ou…

### Question
Predict the yearly time interval for the target fact.
- Target triple: (Karl Landsteiner, award received, Lasker-De Bakey Clinical Medical Research Award)
- Output strictly as 'YYYY-YYYY'. If a single year is known, repeat it (e.g., '1998-1998').
- If unknown, use '####-####'. Provide only the final answer.

ANSWER: "
8,11922,22,10563,2013,2013,Answer: ####-####,,,0.0,0.0,,,,0,0,0,720,"### Subject
Juan Pablo Pino: Juan Pablo Pino Puello (born 30 March 1987) is a Colombian professional footballer who plays as a forward.On 10 February 2007, Pino played his first Ligue 1 ma…

### Object
Deportivo Independiente Medellín: Deportivo Independiente Medellín, also known as Independiente Medellín or DIM, is a Colombian professional football club based in Medellín that currently plays…

### Question
Predict the yearly time interval for the target fact.
- Target triple: (Juan Pablo Pino, member of sports team, Deportivo Independiente Medellín)
- Output strictly as 'YYYY-YYYY'. If a single year is known, repeat it (e.g., '1998-1998').
- If unknown, use '####-####'. Provide only the final answer.

ANSWER: "
9,3055,17,5950,1978,1978,Answer: 1978-1985,1978,1985,0.125,0.125,0,7,3.5,0,0,0,707,"### Subject
Vladimir Dzhanibekov: Vladimir Aleksandrovich Dzhanibekov (Russian: Владимир Александрович Джанибеков, born 13 May 1942) is a former cosmonaut who made five flights.Dzhanibekov was …

### Object
Hero of the Soviet Union: The title Hero of the Soviet Union (Russian: Герой Советского Союза, romanized: Geroy Sovietskogo Soyuza) was the highest distinction in the Soviet Union, awar…

### Question
Predict the yearly time interval for the target fact.
- Target triple: (Vladimir Dzhanibekov, award received, Hero of the Soviet Union)
- Output strictly as 'YYYY-YYYY'. If a single year is known, repeat it (e.g., '1998-1998').
- If unknown, use '####-####'. Provide only the final answer.

ANSWER: "
10,11899,22,10159,2003,2003,Answer: 2004-2006,2004,2006,0.0,0.25,1,3,2.0,0,0,0,700,"### Subject
Darren Huckerby: Darren Carl Huckerby (born 23 April 1976) is an English football coach and former professional footballer. As a player, he was a forward who notably played in …

### Object
Nottingham Forest F.C.: Nottingham Forest Football Club is an association football club based in West Bridgford, Nottinghamshire, England. Nottingham Forest was founded in 1865 and ha…

### Question
Predict the yearly time interval for the target fact.
- Target triple: (Darren Huckerby, member of sports team, Nottingham Forest F.C.)
- Output strictly as 'YYYY-YYYY'. If a single year is known, repeat it (e.g., '1998-1998').
- If unknown, use '####-####'. Provide only the final answer.

ANSWER: "
11,12422,22,10065,2010,2010,Answer: ####-####,,,0.0,0.0,,,,0,0,0,688,"### Subject
Daniel Reule: Daniel Reule (born 2 May 1983, in Neuenbürg) is a German footballer who plays for SV Kickers Pforzheim as a striker. In the 2. Fußball-Bundesliga he has made s…

### Object
Stuttgarter Kickers: Stuttgarter Kickers is a German association football club that plays in Stuttgart, Baden-Württemberg, founded on 21 September 1899 as FC Stuttgarter Cickers.In…

### Question
Predict the yearly time interval for the target fact.
- Target triple: (Daniel Reule, member of sports team, Stuttgarter Kickers)
- Output strictly as 'YYYY-YYYY'. If a single year is known, repeat it (e.g., '1998-1998').
- If unknown, use '####-####'. Provide only the final answer.

ANSWER: "
12,5506,20,5808,1958,1958,Answer: 1960-1969,1960,1969,-0.08333333333333333,0.08333333333333333,2,11,6.5,0,0,0,726,"### Subject
Bobby Charlton: Sir Robert Charlton CBE (born 11 October 1937) is an English former footballer who played either as a midfielder or a forward. Considered one of the greatest p…

### Object
BBC Sports Personality of the Year Award: The BBC Sports Personality of the Year Award is the main award of the BBC Sports Personality of the Year ceremony, which takes place each December. The winner …

### Question
Predict the yearly time interval for the target fact.
- Target triple: (Bobby Charlton, nominated for, BBC Sports Personality of the Year Award)
- Output strictly as 'YYYY-YYYY'. If a single year is known, repeat it (e.g., '1998-1998').
- If unknown, use '####-####'. Provide only the final answer.

ANSWER: "
13,10598,22,10599,2005,2008,Answer: 2007-2010,2007,2010,0.3333333333333333,0.3333333333333333,2,2,2.0,0,0,0,690,"### Subject
Ákos Buzsáky: Ákos Buzsáky (born 7 May 1982) is a Hungarian former professional footballer who played as a midfielder. He played in the Nemzeti Bajnokság for MTK Budapest an…

### Object
Plymouth Argyle F.C.: Plymouth Argyle Football Club is a professional football club based in the city of Plymouth, Devon, England. As of the 2021–22 season, the team are competing i…

### Question
Predict the yearly time interval for the target fact.
- Target triple: (Ákos Buzsáky, member of sports team, Plymouth Argyle F.C.)
- Output strictly as 'YYYY-YYYY'. If a single year is known, repeat it (e.g., '1998-1998').
- If unknown, use '####-####'. Provide only the final answer.

ANSWER: "
14,11824,22,10323,1994,1995,Answer: ####-####,,,0.0,0.0,,,,0,0,0,690,"### Subject
Roman Mählich: Roman Mählich (born 17 September 1971) is an Austrian football manager and a former player. A stocky midfielder, Mählich started his professional career at Wie…

### Object
FC Wacker Innsbruck: FC Wacker Innsbruck is an Austrian association football club from Innsbruck. The club was formed in June 2002 as FC Wacker Tirol, and plays their home games at…

### Question
Predict the yearly time interval for the target fact.
- Target triple: (Roman Mählich, member of sports team, FC Wacker Innsbruck)
- Output strictly as 'YYYY-YYYY'. If a single year is known, repeat it (e.g., '1998-1998').
- If unknown, use '####-####'. Provide only the final answer.

ANSWER: "
15,11002,22,9775,2012,2014,Answer: 2010-2011,2010,2011,0.0,0.2,2,3,2.5,0,0,0,664,"### Subject
Ben Sahar: Ben Sahar (Hebrew: בן שׂהר, changed the Hebrew spelling of his surname from סהר; born 10 August 1989) is an Israeli professional footballer who plays as a stri…

### Object
Hertha BSC: Hertha, Berliner Sport-Club e. V., commonly known as Hertha BSC (German pronunciation: [ˈhɛʁtaː beː ʔɛs t͡seː]), and sometimes referred to as Hertha Berlin, He…

### Question
Predict the yearly time interval for the target fact.
- Target triple: (Ben Sahar, member of sports team, Hertha BSC)
- Output strictly as 'YYYY-YYYY'. If a single year is known, repeat it (e.g., '1998-1998').
- If unknown, use '####-####'. Provide only the final answer.

ANSWER: "
16,4281,14,4155,1886,1886,Answer: 1880-1899,1880,1899,0.05,0.05,6,13,9.5,0,0,0,700,"### Subject
Petko Karavelov: Petko Stoichev Karavelov (Bulgarian: Петко Стойчев Каравелов; 24 March 1843 – 24 January 1903) was a leading Bulgarian liberal politician who served as Prime M…

### Object
Prime Minister of Bulgaria: The prime minister of Bulgaria (Bulgarian: Министър-председател, romanized: Ministar-predsedatel) is the head of government of Bulgaria. They are the leader of…

### Question
Predict the yearly time interval for the target fact.
- Target triple: (Petko Karavelov, position held, Prime Minister of Bulgaria)
- Output strictly as 'YYYY-YYYY'. If a single year is known, repeat it (e.g., '1998-1998').
- If unknown, use '####-####'. Provide only the final answer.

ANSWER: "
17,1864,11,3095,1972,,Answer: 1970-####,1970,1970,0.0,0.0,2,,,0,0,0,732,"### Subject
Barbara Hendricks: Barbara Anne Hendricks (born 29 April 1952) is a German politician of the Social Democratic Party (SPD) who served as Federal Minister for the Environment, Nat…

### Object
Social Democratic Party of Germany: The Social Democratic Party of Germany (German: Sozialdemokratische Partei Deutschlands, [zoˈtsi̯aːldemoˌkʁaːtɪʃə paʁˌtaɪ ˈdɔʏtʃlants]; SPD, German pronunciati…

### Question
Predict the yearly time interval for the target fact.
- Target triple: (Barbara Hendricks, member of political party, Social Democratic Party of Germany)
- Output strictly as 'YYYY-YYYY'. If a single year is known, repeat it (e.g., '1998-1998').
- If unknown, use '####-####'. Provide only the final answer.

ANSWER: "
18,10368,22,10146,1990,1994,Answer: 1991-1994,1991,1994,0.8,0.8,1,0,0.5,0,0,0,734,"### Subject
Russell Latapy: Russell Nigel Latapy CM (born 2 August 1968) is a Trinidadian former professional footballer who played as an attacking midfielder, and is currently the assist…

### Object
Associação Académica de Coimbra – O.A.F.: The Associação Académica de Coimbra – Organismo Autónomo de Futebol (AAC/OAF), also referred to as Académica de Coimbra (Portuguese pronunciation: [ɐkɐˈðɛmikɐ …

### Question
Predict the yearly time interval for the target fact.
- Target triple: (Russell Latapy, member of sports team, Associação Académica de Coimbra – O.A.F.)
- Output strictly as 'YYYY-YYYY'. If a single year is known, repeat it (e.g., '1998-1998').
- If unknown, use '####-####'. Provide only the final answer.

ANSWER: "
19,619,15,4982,,2014,Answer: ####-2015,2015,2015,0.0,0.0,,1,,0,0,0,607,"### Subject
Breitenfeld an der Rittschein: Breitenfeld an der Rittschein is a former municipality in the district of Südoststeiermark in the Austrian state of Styria. Since the 2015 Styria municipal str…

### Object
rural municipality of Austria: type of Austrian rural municipality

### Question
Predict the yearly time interval for the target fact.
- Target triple: (Breitenfeld an der Rittschein, instance of, rural municipality of Austria)
- Output strictly as 'YYYY-YYYY'. If a single year is known, repeat it (e.g., '1998-1998').
- If unknown, use '####-####'. Provide only the final answer.

ANSWER: "
20,4621,14,3457,2005,2010,Answer: 2005-2010,2005,2010,1.0,1.0,0,0,0.0,0,0,0,582,
21,12115,22,10107,1995,1997,Answer: ####-####,,,0.0,0.0,,,,0,0,0,674,
22,4963,17,4312,2012,2016,Answer: ####-####,,,0.0,0.0,,,,0,0,0,691,
23,7870,20,6722,1979,1979,Answer: 1975-1989,1975,1989,0.06666666666666667,0.06666666666666667,4,10,7.0,0,0,0,736,
24,12302,22,11154,2010,2010,Answer: 2013-2013,2013,2013,-0.5,0.25,3,3,3.0,0,0,0,676,
25,7800,17,7801,1967,1967,Answer: 1967-1989,1967,1989,0.043478260869565216,0.043478260869565216,0,22,11.0,0,0,0,735,
26,11824,22,9893,1992,2002,Answer: 1993-2002,1993,2002,0.9090909090909091,0.9090909090909091,1,0,0.5,0,0,0,736,
27,8380,17,7427,1960,1960,Answer: 1955-1955,1955,1955,-0.6666666666666666,0.16666666666666666,5,5,5.0,0,0,0,701,
28,2428,20,6497,2013,2013,1992-2010,1992,2010,-0.09090909090909091,0.045454545454545456,21,3,12.0,0,0,0,736,
29,6686,17,6687,2015,2015,Answer: ####-####,,,0.0,0.0,,,,0,0,0,523,
30,11990,22,10600,2011,2013,Answer: 2010-2012,2010,2012,0.5,0.5,1,1,1.0,0,0,0,680,
31,7533,17,6357,1973,1973,Answer: 1973-1973,1973,1973,1.0,1.0,0,0,0.0,0,0,0,703,
32,12478,22,9820,1969,1971,Answer: 1978-1979,1978,1979,-0.5454545454545454,0.09090909090909091,9,8,8.5,0,0,0,708,
33,11546,22,9609,2007,2007,Answer: 2006-2008,2006,2008,0.3333333333333333,0.3333333333333333,1,1,1.0,0,0,0,694,
34,2477,9,2478,2000,2001,Answer: 2000-2007,2000,2007,0.25,0.25,0,6,3.0,0,0,0,698,
35,3624,14,3437,1945,1970,Answer: 1945-1970,1945,1970,1.0,1.0,0,0,0.0,0,0,0,573,
36,12101,22,11353,2007,2007,Answer: ####-####,,,0.0,0.0,,,,0,0,0,680,
37,8124,20,6362,2011,2011,Answer: ####-####,,,0.0,0.0,,,,0,0,0,690,
38,10618,22,9736,2012,2013,Answer: 2014-2015,2014,2015,0.0,0.25,2,2,2.0,0,0,0,706,
39,5647,16,5656,1998,1998,Answer: ####-####,,,0.0,0.0,,,,0,0,0,673,
40,4874,14,3431,2007,2012,Answer: 2012-2022,2012,2022,0.0625,0.0625,5,10,7.5,0,0,0,722,
41,7766,20,7343,1980,1980,Answer: 1980-1980,1980,1980,1.0,1.0,0,0,0.0,0,0,0,684,
42,12139,22,9811,2004,2006,Answer: 2003-2006,2003,2006,0.75,0.75,1,0,0.5,0,0,0,730,
43,12215,22,10234,2013,2015,Answer: ####-####,,,0.0,0.0,,,,0,0,0,690,
44,5494,17,6143,1976,1976,Answer: 1966-1976,1966,1976,0.09090909090909091,0.09090909090909091,10,0,5.0,0,0,0,697,
45,1433,9,2485,1957,,Answer: 1993-2024,1993,2024,0.0,0.0,36,,,0,0,0,694,
46,11471,22,10605,2010,2011,Answer: 2010-2013,2010,2013,0.5,0.5,0,2,1.0,0,0,0,704,
47,7312,20,7315,2009,2009,Answer: 2009-2009,2009,2009,1.0,1.0,0,0,0.0,0,0,0,704,
48,10871,22,10789,2007,2009,Answer: 2011-2012,2011,2012,-0.16666666666666666,0.16666666666666666,4,3,3.5,0,0,0,690,
49,3193,20,6825,1981,1981,Answer: ####-####,,,0.0,0.0,,,,0,0,0,726,
50,12065,22,10974,2010,2010,Answer: ####-####,,,0.0,0.0,,,,0,0,0,694,
51,6350,20,6352,1994,1994,Answer: 1995-2016,1995,2016,0.0,0.043478260869565216,1,22,11.5,0,0,0,718,
52,11094,22,10151,2002,2006,Answer: 2002-2010,2002,2010,0.5555555555555556,0.5555555555555556,0,4,2.0,0,0,0,716,
53,7089,17,7090,1981,1981,Answer: 1969-1969,1969,1969,-0.8461538461538461,0.07692307692307693,12,12,12.0,0,0,0,707,
54,242,15,4982,,2014,Answer: ####-2015,2015,2015,0.0,0.0,,1,,0,0,0,563,
55,6340,20,9109,1993,1993,Answer: ####-####,,,0.0,0.0,,,,0,0,0,718,
56,10485,22,9549,2004,2006,Answer: 2006-2009,2006,2009,0.16666666666666666,0.16666666666666666,2,3,2.5,0,0,0,688,
57,9272,20,6706,1920,1920,Answer: 1901-1929,1901,1929,0.034482758620689655,0.034482758620689655,19,9,14.0,0,0,0,730,
58,11269,22,9785,2007,2007,Answer: ####-####,,,0.0,0.0,,,,0,0,0,724,
59,10880,22,9927,1983,1987,Answer: ####-####,,,0.0,0.0,,,,0,0,0,720,
60,11401,22,10219,2012,2012,Answer: ####-####,,,0.0,0.0,,,,0,0,0,672,
61,12196,22,10392,2011,2011,Answer: 2000-2004,2000,2004,-0.5,0.08333333333333333,11,7,9.0,0,0,0,676,
62,251,1,125,1920,,Answer: 1790-2024,1790,2024,0.0,0.0,130,,,0,0,0,681,
63,11071,22,11072,2009,2009,Answer: ####-####,,,0.0,0.0,,,,0,0,0,684,
64,7752,20,6706,1904,1904,Answer: 1902-1902,1902,1902,-0.3333333333333333,0.3333333333333333,2,2,2.0,0,0,0,714,
65,11764,22,10291,2011,2012,Answer: 2001-2003,2001,2003,-0.5833333333333334,0.08333333333333333,10,9,9.5,0,0,0,690,
66,444,1,405,1871,1918,Answer: ####-####,,,0.0,0.0,,,,0,0,0,703,
67,8454,22,10258,1990,1999,Answer: 1990-1999,1990,1999,1.0,1.0,0,0,0.0,0,0,0,734,
68,8604,17,6706,1963,1963,Answer: 1963-1963,1963,1963,1.0,1.0,0,0,0.0,0,0,0,729,
69,11275,22,10811,2012,2013,Answer: 2010-2011,2010,2011,0.0,0.25,2,2,2.0,0,0,0,680,
70,12129,22,11034,2003,2003,Answer: 2004-2007,2004,2007,0.0,0.2,1,4,2.5,0,0,0,686,
71,6792,17,6706,1964,1964,Answer: 1964-1964,1964,1964,1.0,1.0,0,0,0.0,0,0,0,727,
72,2428,20,8772,2006,2006,Answer: ####-####,,,0.0,0.0,,,,0,0,0,734,
73,2635,17,7204,2015,2015,Answer: ####-####,,,0.0,0.0,,,,0,0,0,535,
74,6032,23,12520,1951,1955,Answer: 1952-1956,1952,1956,0.6666666666666666,0.6666666666666666,1,1,1.0,0,0,0,678,
75,11726,22,9717,2008,2009,Answer: 2001-2004,2001,2004,-0.3333333333333333,0.1111111111111111,7,5,6.0,0,0,0,682,
76,473,6,2040,1861,,Answer: 1861-2024,1861,2024,0.0,0.0,0,,,0,0,0,632,
77,9076,20,8236,1996,1996,Answer: 1992-2008,1992,2008,0.058823529411764705,0.058823529411764705,4,12,8.0,0,0,0,692,
78,2153,6,2027,1921,1939,Answer: 1918-1939,1918,1939,0.8636363636363636,0.8636363636363636,3,0,1.5,0,0,0,646,
79,6784,17,6786,2011,2011,Answer: 1972-2008,1972,2008,-0.05,0.025,39,3,21.0,0,0,0,617,
80,10998,22,9604,2009,2009,Answer: ####-####,,,0.0,0.0,,,,0,0,0,688,
81,12416,22,9994,1992,1995,Answer: 1991-1993,1991,1993,0.4,0.4,1,2,1.5,0,0,0,676,
82,3209,14,4053,1977,1977,Answer: ####-####,,,0.0,0.0,,,,0,0,0,554,
83,11853,22,9903,2006,2011,Answer: 2004-2011,2004,2011,0.75,0.75,2,0,1.0,0,0,0,732,
84,5962,20,5967,1994,1994,Answer: 1990-2010,1990,2010,0.047619047619047616,0.047619047619047616,4,16,10.0,0,0,0,738,
85,3844,14,3737,1838,1840,Answer: 1838-1844,1838,1844,0.42857142857142855,0.42857142857142855,0,4,2.0,0,0,0,575,
86,8073,20,7536,1987,1987,Answer: 1982-1989,1982,1989,0.125,0.125,5,2,3.5,0,0,0,736,
87,10820,22,5653,2009,2014,Answer: 2014-2017,2014,2017,0.1111111111111111,0.1111111111111111,5,3,4.0,0,0,0,676,
88,9144,18,686,2016,,Answer: 2016-2024,2016,2024,0.0,0.0,0,,,0,0,0,731,
89,12381,22,9912,2000,2007,Answer: 1998-2006,1998,2006,0.7,0.7,2,1,1.5,0,0,0,744,
90,11424,22,10608,2011,2011,Answer: ####-####,,,0.0,0.0,,,,0,0,0,738,
91,4907,14,3455,2015,2017,Answer: 2015-2017,2015,2017,1.0,1.0,0,0,0.0,0,0,0,582,
92,6282,17,5838,2011,2011,Answer: 1998-1998,1998,1998,-0.8571428571428571,0.07142857142857142,13,13,13.0,0,0,0,711,
93,9214,20,6012,1909,1909,Answer: ####-####,,,0.0,0.0,,,,0,0,0,700,
94,11896,22,10142,2004,2004,Answer: 2003-2006,2003,2006,0.25,0.25,1,2,1.5,0,0,0,736,
95,2827,9,2505,1939,1941,Answer: ####-####,,,0.0,0.0,,,,0,0,0,740,
96,8073,20,6392,1984,1984,Answer: 1982-1989,1982,1989,0.125,0.125,2,5,3.5,0,0,0,736,
97,9855,22,9857,1994,1996,Answer: 2006-2014,2006,2014,-0.42857142857142855,0.047619047619047616,12,18,15.0,0,0,0,712,
98,6784,17,6786,2010,2010,Answer: 1972-2008,1972,2008,-0.02564102564102564,0.02564102564102564,38,2,20.0,0,0,0,617,
99,4684,14,3707,1919,1924,Answer: 1922-1939,1922,1939,0.14285714285714285,0.14285714285714285,3,15,9.0,0,0,0,574,
100,11422,22,10417,1996,1996,Answer: 1990-1991,1990,1991,-0.5714285714285714,0.14285714285714285,6,5,5.5,0,0,0,670,
101,7310,20,9243,2011,2011,Answer: ####-####,,,0.0,0.0,,,,0,0,0,678,
102,7329,20,7330,1960,1960,Answer: 1950-1980,1950,1980,0.03225806451612903,0.03225806451612903,10,20,15.0,0,0,0,744,
103,11831,22,9710,1988,1990,Answer: 1982-1984,1982,1984,-0.3333333333333333,0.1111111111111111,6,6,6.0,0,0,0,688,
104,595,1,125,1790,1871,Answer: 1790-2024,1790,2024,0.34893617021276596,0.34893617021276596,0,153,76.5,0,0,0,689,
105,11176,22,9623,2003,2007,Answer: 2007-2009,2007,2009,0.14285714285714285,0.14285714285714285,4,2,3.0,0,0,0,666,
106,3029,10,3030,1955,,Answer: 1935-1956,1935,1956,0.0,0.0,20,,,0,0,0,725,
107,8081,17,7341,2012,2012,Answer: 2012-2012,2012,2012,1.0,1.0,0,0,0.0,0,0,0,748,
108,3108,17,7288,1973,1973,Answer: ####-####,,,0.0,0.0,,,,0,0,0,611,
109,7252,20,9106,2009,2009,Answer: 2006-2016,2006,2016,0.09090909090909091,0.09090909090909091,3,7,5.0,0,0,0,732,
110,11422,22,9645,1989,1990,Answer: 1990-1991,1990,1991,0.3333333333333333,0.3333333333333333,1,1,1.0,0,0,0,704,
111,10624,22,10627,1984,1985,Answer: 1991-1994,1991,1994,-0.45454545454545453,0.09090909090909091,7,9,8.0,0,0,0,704,
112,11991,22,10527,2002,2005,Answer: 2002-2006,2002,2006,0.8,0.8,0,1,0.5,0,0,0,678,
113,1274,1,129,1790,1871,Answer: 1790-2024,1790,2024,0.34893617021276596,0.34893617021276596,0,153,76.5,0,0,0,689,
114,8258,17,8262,1999,1999,Answer: 1995-2005,1995,2005,0.09090909090909091,0.09090909090909091,4,6,5.0,0,0,0,739,
115,4863,14,3431,2012,2012,Answer: 2007-2017,2007,2017,0.09090909090909091,0.09090909090909091,5,5,5.0,0,0,0,728,
116,7589,17,6213,1984,1984,Answer: ####-####,,,0.0,0.0,,,,0,0,0,593,
117,12439,22,10339,1996,1998,1994-1999,1994,1999,0.5,0.5,2,1,1.5,0,0,0,722,
118,4839,14,3437,2010,,Answer: 2010-2024,2010,2024,0.0,0.0,0,,,0,0,0,527,
119,9144,18,1041,,2016,Answer: 1960-2016,1960,2016,0.0,0.0,,0,,0,0,0,699,
120,11312,22,11313,2014,2014,Answer: 2009-2010,2009,2010,-0.5,0.16666666666666666,5,4,4.5,0,0,0,700,
121,1858,17,5957,2007,2007,Answer: 2007-2017,2007,2017,0.09090909090909091,0.09090909090909091,0,10,5.0,0,0,0,693,
122,11314,22,10729,2000,2001,Answer: 2000-2001,2000,2001,1.0,1.0,0,0,0.0,0,0,0,726,
123,12131,22,9881,2006,2007,Answer: 2003-2004,2003,2004,-0.2,0.2,3,3,3.0,0,0,0,692,
124,11290,22,9570,2009,2010,Answer: 2009-2010,2009,2010,1.0,1.0,0,0,0.0,0,0,0,606,
125,5505,17,5493,1957,1957,Answer: 1957-1959,1957,1959,0.3333333333333333,0.3333333333333333,0,2,1.0,0,0,0,677,
126,5395,20,6365,2006,2006,Answer: 1997-2019,1997,2019,0.043478260869565216,0.043478260869565216,9,13,11.0,0,0,0,679,
127,11718,22,9937,2011,2015,Answer: 2007-2010,2007,2010,0.0,0.1111111111111111,4,5,4.5,0,0,0,698,
128,6955,17,6253,1975,1975,Answer: 1975-1975,1975,1975,1.0,1.0,0,0,0.0,0,0,0,733,
129,7555,17,6163,1956,1956,Answer: 1956-1956,1956,1956,1.0,1.0,0,0,0.0,0,0,0,509,
130,8776,17,7791,1953,1953,Answer: 1954-1954,1954,1954,0.0,0.5,1,1,1.0,0,0,0,729,
131,5633,20,8315,2012,2012,Answer: 2011-2011,2011,2011,0.0,0.5,1,1,1.0,0,0,0,722,
132,11097,22,10763,2008,2010,Answer: 2007-2008,2007,2008,0.25,0.25,1,2,1.5,0,0,0,692,
133,512,15,4983,,2014,Answer: ####-2015,2015,2015,0.0,0.0,,1,,0,0,0,584,
134,7187,17,7191,2002,2002,Answer: ####-####,,,0.0,0.0,,,,0,0,0,561,
135,3202,22,9590,1993,1998,Answer: 1993-1998,1993,1998,1.0,1.0,0,0,0.0,0,0,0,680,
136,2153,6,550,1918,1921,Answer: 1917-1920,1917,1920,0.6,0.6,1,1,1.0,0,0,0,688,
137,3034,10,2963,1934,,Answer: ####-####,,,0.0,0.0,,,,0,0,0,689,
138,8978,17,5817,1900,1900,Answer: ####-####,,,0.0,0.0,,,,0,0,0,587,
139,10606,22,5649,2009,2016,Answer: 2009-2016,2009,2016,1.0,1.0,0,0,0.0,0,0,0,682,
140,2531,9,2531,1939,,Answer: ####-####,,,0.0,0.0,,,,0,0,0,658,
141,7043,20,7104,2006,2006,Answer: 2000-2020,2000,2020,0.047619047619047616,0.047619047619047616,6,14,10.0,0,0,0,707,
142,8472,17,6640,1942,1942,Answer: 1941-1941,1941,1941,0.0,0.5,1,1,1.0,0,0,0,673,
143,11667,22,11383,2004,2005,Answer: ####-####,,,0.0,0.0,,,,0,0,0,674,
144,8394,22,9757,1972,1987,Answer: 1972-1987,1972,1987,1.0,1.0,0,0,0.0,0,0,0,676,
145,10806,22,10783,2005,2005,Answer: 2006-2007,2006,2007,0.0,0.3333333333333333,1,2,1.5,0,0,0,674,
146,10988,22,9952,2008,2009,Answer: ####-####,,,0.0,0.0,,,,0,0,0,690,
147,2448,20,7925,2011,2011,Answer: 2000-2015,2000,2015,0.0625,0.0625,11,4,7.5,0,0,0,746,
148,10716,22,9606,2014,2015,Answer: 2013-2013,2013,2013,0.0,0.3333333333333333,1,2,1.5,0,0,0,680,
149,12160,22,10062,2006,2008,Answer: 2011-2013,2011,2013,-0.25,0.125,5,5,5.0,0,0,0,674,
150,11822,22,9884,2012,2015,Answer: 2013-2014,2013,2014,0.5,0.5,1,1,1.0,0,0,0,684,
151,7517,17,5999,2010,2010,Answer: ####-####,,,0.0,0.0,,,,0,0,0,691,
152,7261,17,5844,1983,1983,Answer: ####-####,,,0.0,0.0,,,,0,0,0,675,
153,10732,22,10735,2009,2009,Answer: ####-####,,,0.0,0.0,,,,0,0,0,551,
154,12209,22,10420,1990,1991,Answer: 1988-1991,1988,1991,0.5,0.5,2,0,1.0,0,0,0,684,
155,12489,22,10131,2004,2006,Answer: ####-####,,,0.0,0.0,,,,0,0,0,670,
156,11057,22,10065,2014,2014,Answer: 2013-2014,2013,2014,0.5,0.5,1,0,0.5,0,0,0,688,
157,5505,17,5678,1958,1958,Answer: 1953-1957,1953,1957,0.0,0.16666666666666666,5,1,3.0,0,0,0,685,
158,4811,14,3437,2005,2010,Answer: 2005-2021,2005,2021,0.35294117647058826,0.35294117647058826,0,11,5.5,0,0,0,543,
159,12059,22,10952,2003,2005,Answer: ####-####,,,0.0,0.0,,,,0,0,0,647,
160,12351,22,10522,2005,2010,Answer: ####-####,,,0.0,0.0,,,,0,0,0,624,
161,2972,17,5897,1960,1960,Answer: ####-####,,,0.0,0.0,,,,0,0,0,683,
162,4648,14,3437,2005,,Answer: 2005-2017,2005,2017,0.0,0.0,0,,,0,0,0,529,
163,1260,1,129,1920,,Answer: 1790-1790,1790,1790,0.0,0.0,130,,,0,0,0,681,
164,11671,22,9756,2010,2010,Answer: 2011-2014,2011,2014,0.0,0.2,1,4,2.5,0,0,0,672,
165,1890,17,4313,2014,2014,Answer: ####-####,,,0.0,0.0,,,,0,0,0,571,
166,11230,22,9878,1994,1994,Answer: 1997-1998,1997,1998,-0.4,0.2,3,4,3.5,0,0,0,692,
167,6973,17,7047,1975,1975,Answer: 1975-1975,1975,1975,1.0,1.0,0,0,0.0,0,0,0,667,
168,8384,17,6426,2009,2009,Answer: ####-####,,,0.0,0.0,,,,0,0,0,683,
169,11907,22,9996,2004,2006,Answer: 2002-2004,2002,2004,0.2,0.2,2,2,2.0,0,0,0,730,
170,2470,20,7605,1994,1994,Answer: 1976-2014,1976,2014,0.02564102564102564,0.02564102564102564,18,20,19.0,0,0,0,702,
171,7024,17,5818,1859,1859,Answer: 1870-1887,1870,1887,-0.3448275862068966,0.034482758620689655,11,28,19.5,0,0,0,602,
172,7800,17,7807,2001,2001,Answer: 2001-2001,2001,2001,1.0,1.0,0,0,0.0,0,0,0,717,
173,8904,20,7862,2001,2001,Answer: ####-####,,,0.0,0.0,,,,0,0,0,730,
174,3243,19,1918,2000,,Answer: 2000-2021,2000,2021,0.0,0.0,0,,,0,0,0,529,
175,11256,22,9791,2000,2004,Answer: ####-####,,,0.0,0.0,,,,0,0,0,712,
176,4573,14,4574,2004,2010,Answer: 2017-2022,2017,2022,-0.3157894736842105,0.05263157894736842,13,12,12.5,0,0,0,672,
177,12368,22,9798,2003,2005,Answer: 2007-2008,2007,2008,-0.16666666666666666,0.16666666666666666,4,3,3.5,0,0,0,682,
178,10221,22,9728,2012,2015,Answer: 2011-2013,2011,2013,0.4,0.4,1,2,1.5,0,0,0,746,
179,1893,17,6426,1989,1989,Answer: 1994-1994,1994,1994,-0.6666666666666666,0.16666666666666666,5,5,5.0,0,0,0,679,
180,4613,14,3495,1807,1813,Answer: 1807-1813,1807,1813,1.0,1.0,0,0,0.0,0,0,0,698,
181,10772,22,9589,2011,2015,Answer: 2011-2015,2011,2015,1.0,1.0,0,0,0.0,0,0,0,674,
182,12336,22,10061,2006,2006,Answer: 2007-2008,2007,2008,0.0,0.3333333333333333,1,2,1.5,0,0,0,696,
183,1877,17,7090,1974,1974,Answer: 1975-1975,1975,1975,0.0,0.5,1,1,1.0,0,0,0,715,
184,8795,17,6370,1998,1998,Answer: ####-####,,,0.0,0.0,,,,0,0,0,677,
185,12197,22,9856,2003,2006,Answer: 2003-2007,2003,2007,0.8,0.8,0,1,0.5,0,0,0,682,
186,10971,22,9593,1999,1999,Answer: 1998-1999,1998,1999,0.5,0.5,1,0,0.5,0,0,0,760,
187,7372,20,7092,1957,1957,Answer: 1986-1986,1986,1986,-0.9333333333333333,0.03333333333333333,29,29,29.0,0,0,0,684,
188,10379,22,9580,2011,2012,Answer: 2011-2012,2011,2012,1.0,1.0,0,0,0.0,0,0,0,678,
189,12473,22,10253,2007,2007,Answer: ####-####,,,0.0,0.0,,,,0,0,0,670,
190,9522,21,9442,1975,1975,Answer: 1975-1975,1975,1975,1.0,1.0,0,0,0.0,0,0,0,666,
191,5678,16,5683,1945,1945,Answer: 1944-1953,1944,1953,0.1,0.1,1,8,4.5,0,0,0,663,
192,8050,20,8051,2008,2008,Answer: ####-####,,,0.0,0.0,,,,0,0,0,698,
193,10586,22,10588,2008,2008,Answer: 2010-2011,2010,2011,-0.25,0.25,2,3,2.5,0,0,0,688,
194,2735,9,2490,1962,,Answer: ####-####,,,0.0,0.0,,,,0,0,0,718,
195,6334,17,6338,1993,1993,Answer: 1993-1993,1993,1993,1.0,1.0,0,0,0.0,0,0,0,671,
196,2404,14,3507,1997,1998,Answer: ####-####,,,0.0,0.0,,,,0,0,0,577,
197,1745,17,6958,2010,2010,Answer: 2009-2013,2009,2013,0.2,0.2,1,3,2.0,0,0,0,669,
198,11809,22,11157,2008,2009,Answer: 2007-2008,2007,2008,0.3333333333333333,0.3333333333333333,1,1,1.0,0,0,0,680,
199,11470,22,10763,2016,,Answer: ####-####,,,0.0,0.0,,,,0,0,0,688,
200,12167,22,10003,2013,2014,Answer: 2013-2015,2013,2015,0.6666666666666666,0.6666666666666666,0,1,0.5,0,0,0,680,
201,1637,17,6360,1991,1991,Answer: ####-####,,,0.0,0.0,,,,0,0,0,669,
202,1366,1,953,1790,1871,Answer: 1790-2024,1790,2024,0.34893617021276596,0.34893617021276596,0,153,76.5,0,0,0,683,
203,5850,17,8963,2014,2014,Answer: 2014-2014,2014,2014,1.0,1.0,0,0,0.0,0,0,0,717,
204,12124,22,9590,2004,2009,Answer: 2002-2007,2002,2007,0.5,0.5,2,2,2.0,0,0,0,706,
205,1306,1,129,1920,,Answer: 1790-2024,1790,2024,0.0,0.0,130,,,0,0,0,692,
206,11526,22,10016,1999,2000,Answer: ####-####,,,0.0,0.0,,,,0,0,0,690,
207,9268,20,6706,1928,1928,Answer: ####-####,,,0.0,0.0,,,,0,0,0,722,
208,8941,17,6800,1988,1988,Answer: 1986-1997,1986,1997,0.08333333333333333,0.08333333333333333,2,9,5.5,0,0,0,674,
209,12143,22,10165,2007,2007,Answer: 2007-2008,2007,2008,0.5,0.5,0,1,0.5,0,0,0,662,
210,11970,22,10957,2010,2011,Answer: ####-####,,,0.0,0.0,,,,0,0,0,698,
211,11598,22,11599,2006,2006,Answer: 2010-2011,2010,2011,-0.5,0.16666666666666666,4,5,4.5,0,0,0,684,
212,6971,20,5984,2000,2000,Answer: 1983-2015,1983,2015,0.030303030303030304,0.030303030303030304,17,15,16.0,0,0,0,678,
213,3533,14,3456,2010,2015,Answer: 2010-2015,2010,2015,1.0,1.0,0,0,0.0,0,0,0,584,
214,2402,20,7470,1979,1979,Answer: ####-####,,,0.0,0.0,,,,0,0,0,710,
215,11900,22,9856,2006,2012,Answer: 2007-2012,2007,2012,0.8571428571428571,0.8571428571428571,1,0,0.5,0,0,0,694,
216,8011,20,6446,2000,2000,Answer: 1998-2009,1998,2009,0.08333333333333333,0.08333333333333333,2,9,5.5,0,0,0,734,
217,6821,20,6823,2014,2014,Answer: 2000-2011,2000,2011,-0.13333333333333333,0.06666666666666667,14,3,8.5,0,0,0,702,
218,10739,22,10733,2006,2006,Answer: ####-####,,,0.0,0.0,,,,0,0,0,676,
219,3204,12,2155,1943,,Answer: 1941-1964,1941,1964,0.0,0.0,2,,,0,0,0,697,
220,11435,22,11034,2009,2012,Answer: 2007-2010,2007,2010,0.3333333333333333,0.3333333333333333,2,2,2.0,0,0,0,688,
221,4540,14,4541,2001,2005,Answer: 2001-2006,2001,2006,0.8333333333333334,0.8333333333333334,0,1,0.5,0,0,0,576,
222,7575,17,5841,1983,1983,Answer: 1984-1984,1984,1984,0.0,0.5,1,1,1.0,0,0,0,703,
223,12463,22,9866,2002,2005,Answer: 2005-2006,2005,2006,0.2,0.2,3,1,2.0,0,0,0,686,
224,11584,22,9817,2010,2011,Answer: 2007-2009,2007,2009,0.0,0.2,3,2,2.5,0,0,0,722,
225,2068,6,2107,1807,1815,Answer: 1807-1815,1807,1815,1.0,1.0,0,0,0.0,0,0,0,650,
226,12271,22,10879,2001,2007,Answer: 2017-2018,2017,2018,-0.5,0.05555555555555555,16,11,13.5,0,0,0,694,
227,4904,14,3455,2015,2017,Answer: ####-####,,,0.0,0.0,,,,0,0,0,576,
228,1354,1,953,1790,1871,Answer: 1790-2024,1790,2024,0.34893617021276596,0.34893617021276596,0,153,76.5,0,0,0,681,
229,7491,20,6706,1915,1915,Answer: 1901-1925,1901,1925,0.04,0.04,14,10,12.0,0,0,0,734,
230,11703,22,2999,1953,1955,Answer: 1938-1948,1938,1948,-0.2222222222222222,0.05555555555555555,15,7,11.0,0,0,0,698,
231,11519,22,10241,1990,1992,Answer: 1992-1995,1992,1995,0.16666666666666666,0.16666666666666666,2,3,2.5,0,0,0,736,
232,8454,22,9926,1998,1999,Answer: 1995-1996,1995,1996,-0.2,0.2,3,3,3.0,0,0,0,690,
233,10711,22,5648,1994,1996,Answer: 1994-1996,1994,1996,1.0,1.0,0,0,0.0,0,0,0,674,
234,4279,17,6981,1992,1992,Answer: ####-####,,,0.0,0.0,,,,0,0,0,531,
235,4120,14,3898,1870,1871,Answer: 1866-1867,1866,1867,-0.3333333333333333,0.16666666666666666,4,4,4.0,0,0,0,686,
236,709,1,369,,2014,Answer: ####-2015,2015,2015,0.0,0.0,,1,,0,0,0,693,
237,10517,22,10521,1992,1994,Answer: ####-####,,,0.0,0.0,,,,0,0,0,682,
238,11219,22,10743,2011,2013,Answer: ####-####,,,0.0,0.0,,,,0,0,0,692,
239,10751,22,9859,1932,1934,Answer: 1930-1934,1930,1934,0.6,0.6,2,0,1.0,0,0,0,674,
240,11799,22,9902,1999,1999,Answer: 2001-2004,2001,2004,-0.16666666666666666,0.16666666666666666,2,5,3.5,0,0,0,728,
241,11623,22,10604,2009,2011,Answer: 2010-2011,2010,2011,0.6666666666666666,0.6666666666666666,1,0,0.5,0,0,0,680,
242,509,6,32,1710,1721,Answer: 1581-1621,1581,1621,-0.624113475177305,0.0070921985815602835,129,100,114.5,0,0,0,654,
243,12276,22,11092,1985,1986,Answer: ####-####,,,0.0,0.0,,,,0,0,0,700,
244,8221,20,7400,2005,2005,Answer: 2005-2005,2005,2005,1.0,1.0,0,0,0.0,0,0,0,629,
245,6839,17,6840,1925,1925,Answer: ####-####,,,0.0,0.0,,,,0,0,0,683,
246,4666,14,3457,2005,2010,Answer: 2005-2010,2005,2010,1.0,1.0,0,0,0.0,0,0,0,576,
247,3889,14,3507,1992,1997,Answer: ####-####,,,0.0,0.0,,,,0,0,0,573,
248,11333,22,10564,2009,2010,Answer: ####-####,,,0.0,0.0,,,,0,0,0,720,
249,1579,6,29,1922,1991,Answer: 1922-1991,1922,1991,1.0,1.0,0,0,0.0,0,0,0,648,
250,12353,22,10359,2004,2004,Answer: ####-####,,,0.0,0.0,,,,0,0,0,726,
251,12423,22,11135,2001,2003,Answer: ####-####,,,0.0,0.0,,,,0,0,0,700,
252,10680,22,10073,2010,2011,Answer: 2013-2016,2013,2016,-0.14285714285714285,0.14285714285714285,3,5,4.0,0,0,0,690,
253,11723,22,11722,1967,1968,Answer: ####-####,,,0.0,0.0,,,,0,0,0,670,
254,10130,22,9769,2006,2007,Answer: 2017-2017,2017,2017,-0.75,0.08333333333333333,11,10,10.5,0,0,0,680,
255,9516,21,9477,1934,1934,Answer: 1934-1935,1934,1935,0.5,0.5,0,1,0.5,0,0,0,656,
256,11075,22,9998,2012,,Answer: 2012-2014,2012,2014,0.0,0.0,0,,,0,0,0,672,
257,10913,22,10123,2011,2013,Answer: 2011-2014,2011,2014,0.75,0.75,0,1,0.5,0,0,0,682,
258,11500,22,9723,2006,2007,Answer: 1991-1995,1991,1995,-0.5882352941176471,0.058823529411764705,15,12,13.5,0,0,0,704,
259,12145,22,10564,2005,2006,Answer: ####-####,,,0.0,0.0,,,,0,0,0,712,
260,6053,20,6054,1992,1992,Answer: 1974-2009,1974,2009,0.027777777777777776,0.027777777777777776,18,17,17.5,0,0,0,740,
261,10612,22,9816,2009,2009,Answer: 2008-2009,2008,2009,0.5,0.5,1,0,0.5,0,0,0,728,
262,6053,20,8096,1986,1986,Answer: 1985-2009,1985,2009,0.04,0.04,1,23,12.0,0,0,0,740,
263,9852,22,9625,1993,1995,Answer: ####-####,,,0.0,0.0,,,,0,0,0,696,
264,11704,22,10157,2012,2012,Answer: 2000-2006,2000,2006,-0.38461538461538464,0.07692307692307693,12,6,9.0,0,0,0,702,
265,8967,17,6543,1976,1976,Answer: ####-####,,,0.0,0.0,,,,0,0,0,691,
266,12318,22,9597,1997,2004,Answer: 1999-2006,1999,2006,0.6,0.6,2,2,2.0,0,0,0,690,
267,12119,22,11591,2012,2013,Answer: ####-####,,,0.0,0.0,,,,0,0,0,676,
268,7102,17,7105,2014,2014,Answer: 2002-2005,2002,2005,-0.6153846153846154,0.07692307692307693,12,9,10.5,0,0,0,737,
269,11865,22,9756,2000,2005,Answer: 2004-2005,2004,2005,0.3333333333333333,0.3333333333333333,4,0,2.0,0,0,0,678,
270,6325,17,6794,1996,1996,Answer: ####-####,,,0.0,0.0,,,,0,0,0,679,
271,12155,22,10030,2006,2006,Answer: 2005-2005,2005,2005,0.0,0.5,1,1,1.0,0,0,0,742,
272,10951,22,10952,2007,2010,Answer: 2011-2012,2011,2012,0.0,0.16666666666666666,4,2,3.0,0,0,0,698,
273,10710,22,9866,1990,1992,Answer: 1988-1991,1988,1991,0.4,0.4,2,1,1.5,0,0,0,692,
274,12121,22,5648,1988,1991,Answer: 1988-1994,1988,1994,0.5714285714285714,0.5714285714285714,0,3,1.5,0,0,0,674,
275,6350,20,6354,1995,1995,Answer: ####-####,,,0.0,0.0,,,,0,0,0,744,
276,5962,20,5970,1996,1996,Answer: 1990-2005,1990,2005,0.0625,0.0625,6,9,7.5,0,0,0,696,
277,12497,22,10801,1942,1948,Answer: 1937-1944,1937,1944,0.25,0.25,5,4,4.5,0,0,0,680,
278,4295,14,3444,1977,1981,Answer: 1979-1981,1979,1981,0.6,0.6,2,0,1.0,0,0,0,544,
279,1206,1,953,1920,,Answer: 1790-2024,1790,2024,0.0,0.0,130,,,0,0,0,693,
280,11881,22,10333,2006,2007,Answer: 2007-2007,2007,2007,0.5,0.5,1,0,0.5,0,0,0,682,
281,8617,17,6798,1997,1997,Answer: 1997-1999,1997,1999,0.3333333333333333,0.3333333333333333,0,2,1.0,0,0,0,546,
282,7422,20,8100,2012,2012,Answer: ####-####,,,0.0,0.0,,,,0,0,0,728,
283,9094,22,10138,2011,2012,Answer: 2010-2012,2010,2012,0.6666666666666666,0.6666666666666666,1,0,0.5,0,0,0,674,
284,3624,14,3435,1960,1970,Answer: 1960-1970,1960,1970,1.0,1.0,0,0,0.0,0,0,0,748,
285,8438,20,6780,1933,1933,Answer: 1901-1938,1901,1938,0.02631578947368421,0.02631578947368421,32,5,18.5,0,0,0,694,
286,10135,22,10030,1997,2007,Answer: 1997-2007,1997,2007,1.0,1.0,0,0,0.0,0,0,0,736,
287,7303,17,7304,2007,2007,Answer: 1992-2014,1992,2014,0.043478260869565216,0.043478260869565216,15,7,11.0,0,0,0,665,
288,11026,22,10631,1997,1997,Answer: 1996-1997,1996,1997,0.5,0.5,1,0,0.5,0,0,0,728,
289,7693,17,6945,2016,2016,Answer: 2011-2011,2011,2011,-0.6666666666666666,0.16666666666666666,5,5,5.0,0,0,0,565,
290,9733,22,9644,2013,2013,Answer: 2013-2014,2013,2014,0.5,0.5,0,1,0.5,0,0,0,672,
291,1258,1,1210,1871,1920,Answer: 1871-1918,1871,1918,0.96,0.96,0,2,1.0,0,0,0,707,
292,4517,17,5975,1855,1855,Answer: 1852-1870,1852,1870,0.05263157894736842,0.05263157894736842,3,15,9.0,0,0,0,621,
293,9113,20,7091,1996,1996,Answer: 1991-2002,1991,2002,0.08333333333333333,0.08333333333333333,5,6,5.5,0,0,0,694,
294,11413,22,9866,1993,1994,Answer: ####-####,,,0.0,0.0,,,,0,0,0,684,
295,8892,20,9182,1998,1998,Answer: ####-####,,,0.0,0.0,,,,0,0,0,670,
296,10541,22,9612,1976,1976,Answer: ####-####,,,0.0,0.0,,,,0,0,0,682,
297,990,1,510,1918,1940,Answer: ####-####,,,0.0,0.0,,,,0,0,0,679,
298,9398,20,9317,2007,2007,Answer: 2007-2007,2007,2007,1.0,1.0,0,0,0.0,0,0,0,744,
299,11038,22,11039,2016,,Answer: 2017-2018,2017,2018,0.0,0.0,1,,,0,0,0,700,
300,2724,20,5762,1966,1966,Answer: ####-####,,,0.0,0.0,,,,0,0,0,694,
301,8684,17,6708,1994,1994,Answer: ####-####,,,0.0,0.0,,,,0,0,0,701,
302,2142,6,2029,1569,1772,Answer: 1569-1795,1569,1795,0.8986784140969163,0.8986784140969163,0,23,11.5,0,0,0,692,
303,11805,22,9905,1998,1999,Answer: ####-####,,,0.0,0.0,,,,0,0,0,696,
304,10495,22,9603,2015,,Answer: 2015-2017,2015,2017,0.0,0.0,0,,,0,0,0,686,
305,5441,20,6280,2013,2013,Answer: 2005-2024,2005,2024,0.05,0.05,8,11,9.5,0,0,0,710,
306,6929,17,7186,2007,2007,Answer: ####-####,,,0.0,0.0,,,,0,0,0,707,
307,10216,22,9701,2002,2007,Answer: 2007-2010,2007,2010,0.1111111111111111,0.1111111111111111,5,3,4.0,0,0,0,672,
308,10877,22,9724,1997,1997,Answer: 1996-1997,1996,1997,0.5,0.5,1,0,0.5,0,0,0,736,
309,7100,17,6189,1995,1995,Answer: 1998-1998,1998,1998,-0.5,0.25,3,3,3.0,0,0,0,677,
310,9559,22,9557,2006,2010,Answer: 2006-2012,2006,2012,0.7142857142857143,0.7142857142857143,0,2,1.0,0,0,0,738,
311,8560,17,8193,2012,2012,Answer: ####-####,,,0.0,0.0,,,,0,0,0,579,
312,2687,9,2494,1966,,Answer: ####-####,,,0.0,0.0,,,,0,0,0,726,
313,11901,22,9812,2005,2007,Answer: 2004-2006,2004,2006,0.5,0.5,1,1,1.0,0,0,0,716,
314,10737,22,9871,1998,2004,Answer: 2007-2011,2007,2011,-0.14285714285714285,0.07142857142857142,9,7,8.0,0,0,0,678,
315,9316,20,6012,1917,1917,Answer: 1901-1920,1901,1920,0.05,0.05,16,3,9.5,0,0,0,686,
316,8998,20,8852,1977,1977,Answer: 1968-2005,1968,2005,0.02631578947368421,0.02631578947368421,9,28,18.5,0,0,0,694,
317,11327,22,9843,2009,2012,Answer: 2009-2010,2009,2010,0.5,0.5,0,2,1.0,0,0,0,666,
318,8674,20,6039,2012,2012,Answer: 2007-2007,2007,2007,-0.6666666666666666,0.16666666666666666,5,5,5.0,0,0,0,706,
319,6973,23,2996,,1949,Answer: 1945-1949,1945,1949,0.0,0.0,,0,,0,0,0,678,
320,12152,22,11180,2011,2012,Answer: ####-####,,,0.0,0.0,,,,0,0,0,662,
321,11587,22,10789,1967,1972,Answer: 1957-1961,1957,1961,-0.3125,0.0625,10,11,10.5,0,0,0,674,
322,3092,14,4274,1951,1955,Answer: ####-####,,,0.0,0.0,,,,0,0,0,447,
323,3547,14,3461,1967,1970,Answer: ####-####,,,0.0,0.0,,,,0,0,0,714,
324,7312,20,7097,2009,2009,Answer: 2009-2009,2009,2009,1.0,1.0,0,0,0.0,0,0,0,702,
325,7339,20,7803,1974,1974,Answer: 1975-1975,1975,1975,0.0,0.5,1,1,1.0,0,0,0,746,
326,5443,20,5440,2009,2009,Answer: 2009-2009,2009,2009,1.0,1.0,0,0,0.0,0,0,0,748,
327,1284,1,129,1920,,Answer: 1790-2024,1790,2024,0.0,0.0,130,,,0,0,0,681,
328,11932,22,2999,2008,2009,Answer: 2010-2010,2010,2010,0.0,0.3333333333333333,2,1,1.5,0,0,0,698,
329,11358,22,11157,2007,2008,Answer: 2009-2010,2009,2010,0.0,0.25,2,2,2.0,0,0,0,664,
330,5926,20,7796,2009,2009,Answer: 2009-2012,2009,2012,0.25,0.25,0,3,1.5,0,0,0,732,
331,10629,22,10632,2011,2012,Answer: 2011-2012,2011,2012,1.0,1.0,0,0,0.0,0,0,0,740,
332,11523,22,10142,1975,1975,Answer: 1976-1976,1976,1976,0.0,0.5,1,1,1.0,0,0,0,724,
333,12439,22,10351,2005,2005,Answer: ####-####,,,0.0,0.0,,,,0,0,0,702,
334,1911,23,12505,1884,1887,Answer: 1883-1891,1883,1891,0.4444444444444444,0.4444444444444444,1,4,2.5,0,0,0,722,
335,7559,17,5799,1995,1995,Answer: 1986-2001,1986,2001,0.0625,0.0625,9,6,7.5,0,0,0,673,
336,10711,22,9870,1995,2004,Answer: 1996-2003,1996,2003,0.8,0.8,1,1,1.0,0,0,0,714,
337,3603,14,3473,1997,2001,Answer: 1997-2001,1997,2001,1.0,1.0,0,0,0.0,0,0,0,574,
338,11752,22,10153,2006,2009,Answer: ####-####,,,0.0,0.0,,,,0,0,0,684,
339,5765,16,5448,2013,2013,Answer: ####-####,,,0.0,0.0,,,,0,0,0,677,
340,4058,17,6875,2003,2003,Answer: 2004-2009,2004,2009,0.0,0.14285714285714285,1,6,3.5,0,0,0,693,
341,11376,22,9600,2010,2012,Answer: 2007-2010,2007,2010,0.16666666666666666,0.16666666666666666,3,2,2.5,0,0,0,676,
342,8454,22,10032,1990,1992,Answer: 1993-1994,1993,1994,0.0,0.2,3,2,2.5,0,0,0,676,
343,3207,12,2687,1988,,Answer: 1960-2017,1960,2017,0.0,0.0,28,,,0,0,0,661,
344,11077,22,10285,2003,2004,Answer: 2007-2008,2007,2008,-0.3333333333333333,0.16666666666666666,4,4,4.0,0,0,0,680,
345,11040,22,11041,1998,1999,Answer: ####-####,,,0.0,0.0,,,,0,0,0,696,
346,11214,22,10631,2010,2010,Answer: 2009-2010,2009,2010,0.5,0.5,1,0,0.5,0,0,0,736,
347,12441,22,5584,2001,2007,Answer: 2001-2010,2001,2010,0.7,0.7,0,3,1.5,0,0,0,706,
348,11331,22,5655,2017,,Answer: 2013-2016,2013,2016,0.0,0.0,4,,,0,0,0,658,
349,10702,22,9833,1995,1997,Answer: 1990-1995,1990,1995,0.125,0.125,5,2,3.5,0,0,0,690,
350,9090,20,7092,1936,1936,Answer: ####-####,,,0.0,0.0,,,,0,0,0,708,
351,3943,14,3696,1922,1949,Answer: 1910-1935,1910,1935,0.35,0.35,12,14,13.0,0,0,0,654,
352,1232,1,122,1790,1871,Answer: 1790-1871,1790,1871,1.0,1.0,0,0,0.0,0,0,0,691,
353,10493,22,9959,2008,,Answer: 2008-2016,2008,2016,0.0,0.0,0,,,0,0,0,704,
354,6053,20,8080,1997,1997,Answer: 1974-2009,1974,2009,0.027777777777777776,0.027777777777777776,23,12,17.5,0,0,0,740,
355,11657,22,9984,2011,2011,Answer: 2017-2017,2017,2017,-0.7142857142857143,0.14285714285714285,6,6,6.0,0,0,0,688,
356,8258,20,8264,1999,1999,Answer: 1993-2011,1993,2011,0.05263157894736842,0.05263157894736842,6,12,9.0,0,0,0,738,
357,12454,22,10989,2014,2014,Answer: ####-####,,,0.0,0.0,,,,0,0,0,619,
358,11892,22,9769,1999,1999,Answer: 1995-1997,1995,1997,-0.2,0.2,4,2,3.0,0,0,0,686,
359,11306,22,9970,2004,2005,Answer: 2002-2004,2002,2004,0.25,0.25,2,1,1.5,0,0,0,730,
360,11005,22,10032,1993,1996,Answer: 1993-1996,1993,1996,1.0,1.0,0,0,0.0,0,0,0,682,
361,467,1,126,1871,1920,Answer: 1800-1918,1800,1918,0.39669421487603307,0.39669421487603307,71,2,36.5,0,0,0,697,
362,9883,22,9887,2008,2009,Answer: 2007-2008,2007,2008,0.3333333333333333,0.3333333333333333,1,1,1.0,0,0,0,696,
363,7422,20,8100,1990,1990,Answer: ####-####,,,0.0,0.0,,,,0,0,0,728,
364,4455,14,3454,2017,,Answer: 2017-2019,2017,2019,0.0,0.0,0,,,0,0,0,576,
365,4827,14,3526,2007,2008,Answer: 2009-2010,2009,2010,0.0,0.25,2,2,2.0,0,0,0,579,
366,7329,20,7330,1959,1959,Answer: 1950-1980,1950,1980,0.03225806451612903,0.03225806451612903,9,21,15.0,0,0,0,744,
367,11005,22,9863,1994,2002,Answer: 1994-2002,1994,2002,1.0,1.0,0,0,0.0,0,0,0,740,
368,10331,22,9900,2011,2012,Answer: 2013-2014,2013,2014,0.0,0.25,2,2,2.0,0,0,0,680,
369,12456,22,10967,2014,2014,Answer: ####-####,,,0.0,0.0,,,,0,0,0,676,
370,3979,14,3781,2009,2012,Answer: ####-####,,,0.0,0.0,,,,0,0,0,668,
371,1268,1,129,1920,,Answer: 1790-2024,1790,2024,0.0,0.0,130,,,0,0,0,711,
372,5720,17,5815,2001,2001,Answer: ####-####,,,0.0,0.0,,,,0,0,0,689,
373,8615,20,8616,1987,1987,Answer: 1986-1995,1986,1995,0.1,0.1,1,8,4.5,0,0,0,728,
374,11254,22,9757,2005,2007,Answer: 2003-2005,2003,2005,0.2,0.2,2,2,2.0,0,0,0,670,
375,2126,6,625,1920,1946,Answer: 1920-1946,1920,1946,1.0,1.0,0,0,0.0,0,0,0,658,
376,8227,20,7109,1992,1992,Answer: 1992-1992,1992,1992,1.0,1.0,0,0,0.0,0,0,0,710,
377,10586,22,9574,2012,2012,Answer: 2009-2010,2009,2010,-0.25,0.25,3,2,2.5,0,0,0,668,
378,11464,22,10452,2008,2010,Answer: 2007-2008,2007,2008,0.25,0.25,1,2,1.5,0,0,0,680,
379,11324,22,9824,2005,2006,Answer: 2005-2006,2005,2006,1.0,1.0,0,0,0.0,0,0,0,726,
380,6540,17,6541,1992,1992,Answer: ####-####,,,0.0,0.0,,,,0,0,0,543,
381,11502,22,9906,2005,2008,Answer: ####-####,,,0.0,0.0,,,,0,0,0,682,
382,6769,20,6770,1993,1993,Answer: 1992-1992,1992,1992,0.0,0.5,1,1,1.0,0,0,0,726,
383,11889,22,9663,2016,,Answer: 2011-2015,2011,2015,0.0,0.0,5,,,0,0,0,670,
384,11838,22,9827,2014,2016,Answer: 2022-2022,2022,2022,-0.5555555555555556,0.1111111111111111,8,6,7.0,0,0,0,690,
385,7154,20,7092,1958,1958,Answer: 1957-1957,1957,1957,0.0,0.5,1,1,1.0,0,0,0,692,
386,10374,22,10077,2016,2016,Answer: 2013-2014,2013,2014,-0.25,0.25,3,2,2.5,0,0,0,694,
387,11916,22,9815,1995,1995,Answer: 1993-1994,1993,1994,0.0,0.3333333333333333,2,1,1.5,0,0,0,732,
388,8964,22,10333,2015,2016,Answer: 1997-2004,1997,2004,-0.5,0.05,18,12,15.0,0,0,0,676,
389,10610,22,9569,2005,2005,Answer: ####-####,,,0.0,0.0,,,,0,0,0,722,
390,2106,16,5764,1981,1981,Answer: ####-####,,,0.0,0.0,,,,0,0,0,657,
391,8462,20,7605,1992,1992,Answer: 1981-1999,1981,1999,0.05263157894736842,0.05263157894736842,11,7,9.0,0,0,0,706,
392,7851,17,7171,2012,2012,Answer: 2012-2012,2012,2012,1.0,1.0,0,0,0.0,0,0,0,671,
393,11026,22,10723,1997,1997,Answer: 1995-1996,1995,1996,0.0,0.3333333333333333,2,1,1.5,0,0,0,728,
394,4067,14,3431,2012,2017,Answer: ####-####,,,0.0,0.0,,,,0,0,0,740,
395,10282,22,10284,2009,2011,Answer: 2010-2012,2010,2012,0.5,0.5,1,1,1.0,0,0,0,656,
396,9425,20,6706,1938,1938,Answer: ####-####,,,0.0,0.0,,,,0,0,0,730,
397,4210,14,3458,2002,2005,Answer: ####-####,,,0.0,0.0,,,,0,0,0,590,
398,10529,22,9546,1986,1987,Answer: 1980-1996,1980,1996,0.11764705882352941,0.11764705882352941,6,9,7.5,0,0,0,670,
399,10977,22,10275,2011,2011,Answer: ####-####,,,0.0,0.0,,,,0,0,0,605,
400,11804,22,10526,2015,,Answer: 2014-2015,2014,2015,0.0,0.0,1,,,0,0,0,670,
401,11416,22,10233,2009,2009,Answer: 2011-2011,2011,2011,-0.3333333333333333,0.3333333333333333,2,2,2.0,0,0,0,710,
402,8429,17,7026,1960,1960,Answer: ####-####,,,0.0,0.0,,,,0,0,0,570,
403,12175,22,9942,2007,2010,Answer: 2007-2008,2007,2008,0.5,0.5,0,2,1.0,0,0,0,706,
404,6053,17,8096,1996,1996,Answer: 1985-2009,1985,2009,0.04,0.04,11,13,12.0,0,0,0,741,
405,10638,22,10125,2009,2011,Answer: 2009-2011,2009,2011,1.0,1.0,0,0,0.0,0,0,0,676,
406,4654,14,4655,1874,1875,Answer: 1897-1898,1897,1898,-0.84,0.04,23,23,23.0,0,0,0,591,
407,12376,22,9639,2002,2003,Answer: ####-####,,,0.0,0.0,,,,0,0,0,676,
408,2857,17,6603,1991,1991,Answer: 1991-1991,1991,1991,1.0,1.0,0,0,0.0,0,0,0,765,
409,5455,16,5460,2002,2002,Answer: 1997-1997,1997,1997,-0.6666666666666666,0.16666666666666666,5,5,5.0,0,0,0,699,
410,11185,22,9857,2011,2014,Answer: 2010-2011,2010,2011,0.2,0.2,1,3,2.0,0,0,0,704,
411,12356,22,9785,1979,1979,Answer: 1981-1985,1981,1985,-0.14285714285714285,0.14285714285714285,2,6,4.0,0,0,0,694,
412,9922,22,9831,2002,2003,Answer: 2006-2006,2006,2006,-0.4,0.2,4,3,3.5,0,0,0,514,
413,11356,22,9683,1998,1999,Answer: 2003-2005,2003,2005,-0.375,0.125,5,6,5.5,0,0,0,674,
414,7891,17,6706,1968,1968,Answer: 1968-1968,1968,1968,1.0,1.0,0,0,0.0,0,0,0,729,
415,12063,22,9594,2000,2000,Answer: 1998-2000,1998,2000,0.3333333333333333,0.3333333333333333,2,0,1.0,0,0,0,752,
416,8197,20,5762,1959,1959,Answer: 1950-1979,1950,1979,0.03333333333333333,0.03333333333333333,9,20,14.5,0,0,0,694,
417,10382,22,9617,2006,2008,Answer: 2006-2007,2006,2007,0.6666666666666666,0.6666666666666666,0,1,0.5,0,0,0,684,
418,12488,22,10283,2005,2007,Answer: ####-####,,,0.0,0.0,,,,0,0,0,559,
419,11907,22,10030,2009,2009,Answer: 2005-2012,2005,2012,0.125,0.125,4,3,3.5,0,0,0,736,
420,8056,20,8057,2010,2010,Answer: 2009-2009,2009,2009,0.0,0.5,1,1,1.0,0,0,0,728,
421,11923,22,9996,1987,1990,Answer: 1987-1990,1987,1990,1.0,1.0,0,0,0.0,0,0,0,734,
422,10837,22,10807,2002,2004,Answer: 1990-1992,1990,1992,-0.6,0.06666666666666667,12,12,12.0,0,0,0,672,
423,6831,17,6833,1900,1900,Answer: 1905-1905,1905,1905,-0.6666666666666666,0.16666666666666666,5,5,5.0,0,0,0,583,
424,11283,22,10362,2000,2000,Answer: ####-####,,,0.0,0.0,,,,0,0,0,688,
425,4927,14,3729,1963,1969,Answer: 1963-1969,1963,1969,1.0,1.0,0,0,0.0,0,0,0,678,
426,11749,22,9669,2012,2014,Answer: 2010-2011,2010,2011,0.0,0.2,2,3,2.5,0,0,0,676,
427,11651,22,10191,1998,2001,Answer: 1998-2000,1998,2000,0.75,0.75,0,1,0.5,0,0,0,698,
428,10026,22,10030,2009,,Answer: 2007-2017,2007,2017,0.0,0.0,2,,,0,0,0,742,
429,12447,22,9906,1983,1985,Answer: ####-####,,,0.0,0.0,,,,0,0,0,558,
430,10832,22,10040,2011,2013,Answer: 2004-2011,2004,2011,0.1,0.1,7,2,4.5,0,0,0,686,
431,12494,22,10076,2011,2012,Answer: 2010-2011,2010,2011,0.3333333333333333,0.3333333333333333,1,1,1.0,0,0,0,700,
432,7772,17,8369,2004,2004,Answer: 2004-2004,2004,2004,1.0,1.0,0,0,0.0,0,0,0,713,
433,12468,22,9613,2012,2012,Answer: 2014-2014,2014,2014,-0.3333333333333333,0.3333333333333333,2,2,2.0,0,0,0,686,
434,2848,23,2931,1736,1739,Answer: 1736-1739,1736,1739,1.0,1.0,0,0,0.0,0,0,0,718,
435,7959,20,7960,1998,1998,Answer: ####-####,,,0.0,0.0,,,,0,0,0,666,
436,12301,22,10583,2006,2009,Answer: 2004-2006,2004,2006,0.16666666666666666,0.16666666666666666,2,3,2.5,0,0,0,690,
437,2792,14,3711,1925,1925,Answer: 1917-1925,1917,1925,0.1111111111111111,0.1111111111111111,8,0,4.0,0,0,0,625,
438,10936,22,9830,2011,2011,Answer: 2010-2012,2010,2012,0.3333333333333333,0.3333333333333333,1,1,1.0,0,0,0,736,
439,11896,22,9973,2010,2011,Answer: 2013-2015,2013,2015,-0.16666666666666666,0.16666666666666666,3,4,3.5,0,0,0,688,
440,6282,17,6288,2001,2001,Answer: ####-####,,,0.0,0.0,,,,0,0,0,695,
441,7922,17,6311,2012,2012,Answer: ####-####,,,0.0,0.0,,,,0,0,0,456,
442,11227,22,9890,2009,2010,Answer: 2013-2014,2013,2014,-0.3333333333333333,0.16666666666666666,4,4,4.0,0,0,0,660,
443,11896,22,10273,2011,2011,Answer: 2013-2014,2013,2014,-0.25,0.25,2,3,2.5,0,0,0,676,
444,7547,20,6675,1983,1983,Answer: 1983-1988,1983,1988,0.16666666666666666,0.16666666666666666,0,5,2.5,0,0,0,740,
445,8011,20,9323,2007,2007,Answer: 1998-2002,1998,2002,-0.4,0.1,9,5,7.0,0,0,0,726,
446,11076,22,9574,2008,2010,Answer: 2007-2008,2007,2008,0.25,0.25,1,2,1.5,0,0,0,674,
447,10900,22,9845,1995,1998,Answer: 2004-2005,2004,2005,-0.45454545454545453,0.09090909090909091,9,7,8.0,0,0,0,682,
448,11458,22,9679,1985,1989,Answer: 1978-1988,1978,1988,0.3333333333333333,0.3333333333333333,7,1,4.0,0,0,0,708,
449,10506,22,9881,2012,2013,Answer: 2012-2013,2012,2013,1.0,1.0,0,0,0.0,0,0,0,694,
450,12169,22,9843,2009,2010,Answer: 2007-2010,2007,2010,0.5,0.5,2,0,1.0,0,0,0,660,
451,3186,17,6124,2008,2008,Answer: ####-####,,,0.0,0.0,,,,0,0,0,675,
452,2161,6,2061,1639,1920,Answer: 1638-1917,1638,1917,0.9858657243816255,0.9858657243816255,1,3,2.0,0,0,0,654,
453,2579,14,3431,2017,,Answer: 2012-2022,2012,2022,0.0,0.0,5,,,0,0,0,716,
454,12010,22,10236,2015,,Answer: 2010-2011,2010,2011,0.0,0.0,5,,,0,0,0,674,
455,9295,20,6012,1913,1913,Answer: ####-####,,,0.0,0.0,,,,0,0,0,532,
456,6613,17,6616,2003,2003,Answer: ####-####,,,0.0,0.0,,,,0,0,0,743,
457,11813,22,10098,2007,2008,Answer: 2006-2008,2006,2008,0.6666666666666666,0.6666666666666666,1,0,0.5,0,0,0,721,
458,2582,9,2520,1854,,Answer: 1861-1884,1861,1884,0.0,0.0,7,,,0,0,0,682,
459,11024,22,10569,2010,2012,Answer: 2010-2011,2010,2011,0.6666666666666666,0.6666666666666666,0,1,0.5,0,0,0,682,
460,8081,20,5848,2012,2012,Answer: 2013-2013,2013,2013,0.0,0.5,1,1,1.0,0,0,0,713,
461,5573,20,7315,1989,1989,Answer: 1988-2006,1988,2006,0.05263157894736842,0.05263157894736842,1,17,9.0,0,0,0,716,
462,9786,22,9579,2012,2013,Answer: 2012-2013,2012,2013,1.0,1.0,0,0,0.0,0,0,0,664,
463,11619,22,10669,2003,2003,Answer: 2005-2006,2005,2006,-0.25,0.25,2,3,2.5,0,0,0,672,
464,11111,22,9792,2011,2012,Answer: 2011-2012,2011,2012,1.0,1.0,0,0,0.0,0,0,0,684,
465,10489,22,9630,2002,2002,Answer: 2007-2008,2007,2008,-0.5714285714285714,0.14285714285714285,5,6,5.5,0,0,0,684,
466,2632,9,2517,1899,,Answer: ####-####,,,0.0,0.0,,,,0,0,0,630,
467,11016,22,10738,1982,1983,Answer: ####-####,,,0.0,0.0,,,,0,0,0,678,
468,11359,22,10615,2012,2013,Answer: 2013-2014,2013,2014,0.3333333333333333,0.3333333333333333,1,1,1.0,0,0,0,686,
469,7855,17,7856,2002,2002,Answer: 1998-2005,1998,2005,0.125,0.125,4,3,3.5,0,0,0,735,
470,9542,22,9547,2012,2014,Answer: ####-####,,,0.0,0.0,,,,0,0,0,688,
471,6053,20,8079,1993,1993,Answer: 1972-2009,1972,2009,0.02631578947368421,0.02631578947368421,21,16,18.5,0,0,0,738,
472,10814,22,10585,2006,2006,Answer: 2006-2007,2006,2007,0.5,0.5,0,1,0.5,0,0,0,708,
473,4416,23,12521,1968,1973,Answer: ####-####,,,0.0,0.0,,,,0,0,0,545,
474,4377,14,4011,1447,1450,Answer: 1450-1458,1450,1458,0.08333333333333333,0.08333333333333333,3,8,5.5,0,0,0,644,
475,8011,20,9325,2002,2002,Answer: 1998-2009,1998,2009,0.08333333333333333,0.08333333333333333,4,7,5.5,0,0,0,726,
476,5962,20,8616,2011,2011,Answer: 1990-2019,1990,2019,0.03333333333333333,0.03333333333333333,21,8,14.5,0,0,0,738,
477,6796,17,6804,2012,2012,Answer: 2006-2018,2006,2018,0.07692307692307693,0.07692307692307693,6,6,6.0,0,0,0,701,
478,12410,22,10633,2002,2003,Answer: ####-####,,,0.0,0.0,,,,0,0,0,740,
479,8826,17,8401,1953,1953,Answer: 1972-1994,1972,1994,-0.42857142857142855,0.023809523809523808,19,41,30.0,0,0,0,671,
480,8763,20,7837,2003,2003,Answer: ####-####,,,0.0,0.0,,,,0,0,0,726,
481,9222,20,5762,1962,1962,Answer: ####-####,,,0.0,0.0,,,,0,0,0,692,
482,8974,20,7473,1991,1991,Answer: 1976-1999,1976,1999,0.041666666666666664,0.041666666666666664,15,8,11.5,0,0,0,732,
483,12344,22,10284,1985,1988,Answer: 1985-2000,1985,2000,0.25,0.25,0,12,6.0,0,0,0,674,
484,12414,22,9905,2005,2006,Answer: 2003-2004,2003,2004,0.0,0.25,2,2,2.0,0,0,0,706,
485,8552,23,3023,,1943,Answer: 1943-1949,1943,1949,0.0,0.0,,6,,0,0,0,674,
486,11802,22,9562,1996,1996,Answer: 1994-1996,1994,1996,0.3333333333333333,0.3333333333333333,2,0,1.0,0,0,0,674,
487,12216,22,10984,2011,2012,Answer: 2007-2010,2007,2010,0.0,0.16666666666666666,4,2,3.0,0,0,0,690,
488,8896,17,6488,1983,1983,Answer: 1977-1977,1977,1977,-0.7142857142857143,0.14285714285714285,6,6,6.0,0,0,0,545,
489,340,1,341,1918,1937,Answer: 1918-1946,1918,1946,0.6896551724137931,0.6896551724137931,0,9,4.5,0,0,0,583,
490,12319,22,5656,2004,2004,Answer: 2007-2008,2007,2008,-0.4,0.2,3,4,3.5,0,0,0,642,
491,2099,15,4969,1945,,Answer: 1945-1945,1945,1945,0.0,0.0,0,,,0,0,0,700,
492,12411,22,10355,2007,2008,Answer: 2001-2005,2001,2005,-0.125,0.125,6,3,4.5,0,0,0,704,
493,2780,14,3450,1990,1994,Answer: 1953-1969,1953,1969,-0.47619047619047616,0.023809523809523808,37,25,31.0,0,0,0,559,
494,771,6,332,1917,1917,Answer: 1917-1917,1917,1917,1.0,1.0,0,0,0.0,0,0,0,662,
495,11294,22,11154,2004,2007,Answer: 2004-2006,2004,2006,0.75,0.75,0,1,0.5,0,0,0,678,
496,8630,17,7347,2002,2002,Answer: 1998-1998,1998,1998,-0.6,0.2,4,4,4.0,0,0,0,693,
497,1851,23,2997,1910,1914,Answer: 1908-1915,1908,1915,0.625,0.625,2,1,1.5,0,0,0,734,
498,10701,22,9846,2004,2012,Answer: 2006-2008,2006,2008,0.3333333333333333,0.3333333333333333,2,4,3.0,0,0,0,680,
499,5514,17,5411,1983,1983,Answer: ####-####,,,0.0,0.0,,,,0,0,0,691,
500,11490,22,9859,2003,2013,Answer: 2003-2012,2003,2012,0.9090909090909091,0.9090909090909091,0,1,0.5,0,0,0,672,
501,3375,13,3255,1999,,Answer: ####-####,,,0.0,0.0,,,,0,0,0,581,
502,2449,20,9208,1980,1980,Answer: 1955-2014,1955,2014,0.016666666666666666,0.016666666666666666,25,34,29.5,0,0,0,740,
503,12187,22,9625,2002,2004,Answer: 2007-2009,2007,2009,-0.25,0.125,5,5,5.0,0,0,0,692,
504,7382,20,6012,1923,1923,Answer: 1922-1922,1922,1922,0.0,0.5,1,1,1.0,0,0,0,682,
505,11237,22,10997,2003,2008,Answer: 2007-2013,2007,2013,0.18181818181818182,0.18181818181818182,4,5,4.5,0,0,0,696,
506,11032,22,10096,2007,2008,Answer: 2005-2007,2005,2007,0.25,0.25,2,1,1.5,0,0,0,740,
507,5962,20,5965,2008,2008,Answer: 1991-2003,1991,2003,-0.2222222222222222,0.05555555555555555,17,5,11.0,0,0,0,720,
508,11828,22,10048,2012,2013,Answer: ####-####,,,0.0,0.0,,,,0,0,0,672,
509,8123,17,5818,1920,1920,Answer: ####-####,,,0.0,0.0,,,,0,0,0,586,
510,11665,22,10644,2002,2002,Answer: 2001-2002,2001,2002,0.5,0.5,1,0,0.5,0,0,0,645,
511,12375,22,10826,1992,1998,Answer: ####-####,,,0.0,0.0,,,,0,0,0,730,
512,2635,17,6476,2015,2015,Answer: 2016-2016,2016,2016,0.0,0.5,1,1,1.0,0,0,0,563,
513,1204,1,1142,1871,1920,Answer: 1871-1918,1871,1918,0.96,0.96,0,2,1.0,0,0,0,725,
514,11311,22,10989,2011,2011,Answer: ####-####,,,0.0,0.0,,,,0,0,0,676,
515,10898,22,5648,1995,1998,Answer: 1995-2001,1995,2001,0.5714285714285714,0.5714285714285714,0,3,1.5,0,0,0,680,
516,12412,22,10897,2011,2011,Answer: ####-####,,,0.0,0.0,,,,0,0,0,688,
517,12109,22,9807,2015,2016,Answer: 2014-2015,2014,2015,0.3333333333333333,0.3333333333333333,1,1,1.0,0,0,0,678,
518,11256,22,10810,2002,2002,Answer: ####-####,,,0.0,0.0,,,,0,0,0,676,
519,12217,22,10054,1999,2000,Answer: 2007-2008,2007,2008,-0.6,0.1,8,8,8.0,0,0,0,690,
520,11467,22,11091,2007,2009,Answer: ####-####,,,0.0,0.0,,,,0,0,0,698,
521,1094,15,4973,,2015,Answer: ####-2015,2015,2015,0.0,0.0,,0,,0,0,0,668,
522,6971,20,6364,1997,1997,Answer: ####-####,,,0.0,0.0,,,,0,0,0,714,
523,10130,22,9941,2005,2006,Answer: ####-####,,,0.0,0.0,,,,0,0,0,686,
524,11732,22,10921,2009,2010,Answer: 2013-2014,2013,2014,-0.3333333333333333,0.16666666666666666,4,4,4.0,0,0,0,682,
525,4761,14,3457,2005,2010,Answer: 2005-2010,2005,2010,1.0,1.0,0,0,0.0,0,0,0,572,
526,11291,22,10808,2012,2013,Answer: 2010-2011,2010,2011,0.0,0.25,2,2,2.0,0,0,0,680,
527,1530,15,5057,1649,1654,Answer: 1648-1764,1648,1764,0.05128205128205128,0.05128205128205128,1,110,55.5,0,0,0,571,
528,11629,22,11466,2003,2004,Answer: 1991-1995,1991,1995,-0.5,0.07142857142857142,12,9,10.5,0,0,0,692,
529,4622,14,3431,2007,2012,Answer: 2004-2017,2004,2017,0.42857142857142855,0.42857142857142855,3,5,4.0,0,0,0,720,
530,8820,20,8509,2011,2011,Answer: ####-####,,,0.0,0.0,,,,0,0,0,730,
531,6137,20,6142,2009,2009,Answer: 2006-2014,2006,2014,0.1111111111111111,0.1111111111111111,3,5,4.0,0,0,0,716,
532,9060,22,10646,1995,1998,Answer: 1994-1997,1994,1997,0.6,0.6,1,1,1.0,0,0,0,752,
533,12025,22,9933,1999,2003,Answer: 1998-2004,1998,2004,0.7142857142857143,0.7142857142857143,1,1,1.0,0,0,0,684,
534,5756,20,5773,2007,2007,Answer: 1995-2013,1995,2013,0.05263157894736842,0.05263157894736842,12,6,9.0,0,0,0,740,
535,5671,17,6764,1993,1993,Answer: 1987-2006,1987,2006,0.05,0.05,6,13,9.5,0,0,0,695,
536,5713,17,6071,2000,2000,Answer: ####-####,,,0.0,0.0,,,,0,0,0,675,
537,10423,22,9873,2013,2014,Answer: 1998-1998,1998,1998,-0.8235294117647058,0.058823529411764705,15,16,15.5,0,0,0,714,
538,12332,22,10342,2011,2011,Answer: 2010-2010,2010,2010,0.0,0.5,1,1,1.0,0,0,0,708,
539,3503,14,3505,2010,2010,Answer: 1999-2001,1999,2001,-0.6666666666666666,0.08333333333333333,11,9,10.0,0,0,0,684,
540,12116,22,10035,2006,2006,Answer: 2004-2006,2004,2006,0.3333333333333333,0.3333333333333333,2,0,1.0,0,0,0,724,
541,2696,14,3690,1834,1834,Answer: 1815-1815,1815,1815,-0.9,0.05,19,19,19.0,0,0,0,586,
542,5756,20,6816,1972,1972,Answer: 1963-1978,1963,1978,0.0625,0.0625,9,6,7.5,0,0,0,740,
543,12083,22,10064,2000,2002,Answer: 1998-1999,1998,1999,0.0,0.2,2,3,2.5,0,0,0,688,
544,11776,22,10687,2011,2013,Answer: 2013-2014,2013,2014,0.25,0.25,2,1,1.5,0,0,0,672,
545,2613,17,8900,2012,2012,Answer: 2018-2018,2018,2018,-0.7142857142857143,0.14285714285714285,6,6,6.0,0,0,0,645,
546,3093,17,6011,1951,1951,Answer: 1941-1954,1941,1954,0.07142857142857142,0.07142857142857142,10,3,6.5,0,0,0,565,
547,10468,22,9789,1987,1987,Answer: ####-####,,,0.0,0.0,,,,0,0,0,732,
548,10939,22,10116,2010,2011,Answer: ####-####,,,0.0,0.0,,,,0,0,0,670,
549,11327,22,9637,2005,2007,Answer: 2007-2008,2007,2008,0.25,0.25,2,1,1.5,0,0,0,658,
550,12496,22,10392,2012,2013,Answer: 2013-2014,2013,2014,0.3333333333333333,0.3333333333333333,1,1,1.0,0,0,0,682,
551,3093,17,5949,1954,1954,Answer: ####-####,,,0.0,0.0,,,,0,0,0,723,
552,1836,4,1829,1994,1994,Answer: ####-####,,,0.0,0.0,,,,0,0,0,670,
553,11088,22,9756,2005,2012,Answer: 1997-2009,1997,2009,0.3125,0.3125,8,3,5.5,0,0,0,678,
554,10966,22,10967,2006,2006,Answer: 2005-2010,2005,2010,0.16666666666666666,0.16666666666666666,1,4,2.5,0,0,0,672,
555,11954,22,9743,2001,2004,Answer: 2007-2013,2007,2013,-0.15384615384615385,0.07692307692307693,6,9,7.5,0,0,0,696,
556,12269,22,9911,2001,2002,Answer: ####-####,,,0.0,0.0,,,,0,0,0,606,
557,12393,22,11168,2015,2016,Answer: 2013-2014,2013,2014,0.0,0.25,2,2,2.0,0,0,0,692,
558,11222,22,10125,2015,2016,Answer: 2017-2019,2017,2019,0.0,0.2,2,3,2.5,0,0,0,674,
559,11993,22,9578,1998,1999,Answer: ####-####,,,0.0,0.0,,,,0,0,0,680,
560,12230,22,9950,2001,2003,Answer: 1998-2000,1998,2000,0.0,0.16666666666666666,3,3,3.0,0,0,0,698,
561,6968,20,6969,1975,1975,Answer: 1971-1979,1971,1979,0.1111111111111111,0.1111111111111111,4,4,4.0,0,0,0,748,
562,365,15,4983,,2014,Answer: ####-2015,2015,2015,0.0,0.0,,1,,0,0,0,582,
563,11370,22,9538,1916,1916,Answer: 1910-1920,1910,1920,0.09090909090909091,0.09090909090909091,6,4,5.0,0,0,0,716,
564,11550,22,9826,2001,2004,Answer: 2001-2003,2001,2003,0.75,0.75,0,1,0.5,0,0,0,690,
565,83,0,84,,1920,Answer: 1872-1921,1872,1921,0.0,0.0,,1,,0,0,0,527,
566,10693,22,9629,2013,2014,Answer: 2007-2011,2007,2011,-0.125,0.125,6,3,4.5,0,0,0,666,
567,12382,22,9998,1994,1995,Answer: ####-####,,,0.0,0.0,,,,0,0,0,694,
568,9965,22,9775,2011,2012,Answer: 2008-2013,2008,2013,0.3333333333333333,0.3333333333333333,3,1,2.0,0,0,0,668,
569,5420,16,5421,1951,1951,Answer: 1949-1990,1949,1990,0.023809523809523808,0.023809523809523808,2,39,20.5,0,0,0,543,
570,3631,14,3458,2001,2005,Answer: 2001-2005,2001,2005,1.0,1.0,0,0,0.0,0,0,0,582,
571,12184,22,10826,1991,1996,Answer: 1990-1997,1990,1997,0.75,0.75,1,1,1.0,0,0,0,722,
572,10473,22,9918,2007,2007,Answer: ####-####,,,0.0,0.0,,,,0,0,0,724,
573,11850,22,10057,2000,2003,Answer: 2006-2009,2006,2009,-0.2,0.1,6,6,6.0,0,0,0,672,
574,11327,22,10767,2001,2005,Answer: 2007-2008,2007,2008,-0.125,0.125,6,3,4.5,0,0,0,672,
575,12049,22,11220,2012,2012,Answer: ####-####,,,0.0,0.0,,,,0,0,0,682,
576,2862,12,2027,1949,1950,Answer: ####-####,,,0.0,0.0,,,,0,0,0,675,
577,7906,17,7913,2010,2010,Answer: 1995-2015,1995,2015,0.047619047619047616,0.047619047619047616,15,5,10.0,0,0,0,719,
578,10684,22,10041,2009,2009,Answer: ####-####,,,0.0,0.0,,,,0,0,0,664,
579,11463,22,10042,1994,1994,Answer: ####-####,,,0.0,0.0,,,,0,0,0,726,
580,124,1,125,1920,,Answer: 1945-2024,1945,2024,0.0,0.0,25,,,0,0,0,689,
581,12440,22,10140,2002,2003,Answer: 2003-2007,2003,2007,0.16666666666666666,0.16666666666666666,1,4,2.5,0,0,0,672,
582,2643,10,2951,1944,1945,Answer: ####-####,,,0.0,0.0,,,,0,0,0,691,
583,8584,17,8632,2000,2000,Answer: ####-####,,,0.0,0.0,,,,0,0,0,699,
584,8777,20,7094,2014,2014,Answer: 2015-2020,2015,2020,0.0,0.14285714285714285,1,6,3.5,0,0,0,746,
585,1177,1,1142,1871,,Answer: 1871-1918,1871,1918,0.0,0.0,0,,,0,0,0,709,
586,12098,22,10168,2013,2013,Answer: 2013-2013,2013,2013,1.0,1.0,0,0,0.0,0,0,0,670,
587,11919,22,10583,2008,2011,Answer: ####-####,,,0.0,0.0,,,,0,0,0,684,
588,12045,22,10273,2009,2009,Answer: 2010-2011,2010,2011,0.0,0.3333333333333333,1,2,1.5,0,0,0,668,
589,8056,17,8058,2010,2010,Answer: 2009-2009,2009,2009,0.0,0.5,1,1,1.0,0,0,0,721,
590,9922,22,9924,2008,2010,Answer: 2010-2012,2010,2012,0.2,0.2,2,2,2.0,0,0,0,694,
591,1370,1,129,1920,,Answer: 1790-1790,1790,1790,0.0,0.0,130,,,0,0,0,685,
592,11684,22,9809,2009,2009,Answer: 2003-2005,2003,2005,-0.42857142857142855,0.14285714285714285,6,4,5.0,0,0,0,708,
593,1392,1,129,1920,,Answer: 1790-2024,1790,2024,0.0,0.0,130,,,0,0,0,672,
594,6053,17,8528,1993,1993,Answer: 1974-2009,1974,2009,0.027777777777777776,0.027777777777777776,19,16,17.5,0,0,0,741,
595,11163,22,10268,2009,2010,Answer: ####-####,,,0.0,0.0,,,,0,0,0,670,
596,12105,22,10004,2010,2011,Answer: 2011-2011,2011,2011,0.5,0.5,1,0,0.5,0,0,0,668,
597,10382,22,9663,2012,2013,Answer: 2010-2011,2010,2011,0.0,0.25,2,2,2.0,0,0,0,682,
598,11813,22,11478,2015,,Answer: 2017-2018,2017,2018,0.0,0.0,2,,,0,0,0,684,
599,10067,22,9923,2008,2008,Answer: ####-####,,,0.0,0.0,,,,0,0,0,688,
600,8943,17,6780,1981,1981,Answer: 1981-1981,1981,1981,1.0,1.0,0,0,0.0,0,0,0,695,
601,12483,22,10675,2009,2009,Answer: ####-####,,,0.0,0.0,,,,0,0,0,688,
602,8892,17,7513,1988,1988,Answer: 1989-1989,1989,1989,0.0,0.5,1,1,1.0,0,0,0,705,
603,7130,17,5924,1997,1997,Answer: ####-####,,,0.0,0.0,,,,0,0,0,701,
604,1309,1,1210,1871,1920,Answer: 1940-1944,1940,1944,-0.25675675675675674,0.013513513513513514,69,24,46.5,0,0,0,707,
605,11048,22,10587,2011,2012,Answer: 2004-2005,2004,2005,-0.5555555555555556,0.1111111111111111,7,7,7.0,0,0,0,704,
606,11740,22,9741,1995,1995,Answer: ####-####,,,0.0,0.0,,,,0,0,0,726,
607,2059,6,2060,1918,1918,Answer: 1878-2024,1878,2024,0.006802721088435374,0.006802721088435374,40,106,73.0,0,0,0,644,
608,4523,14,3458,2001,2005,Answer: 2001-2005,2001,2005,1.0,1.0,0,0,0.0,0,0,0,572,
609,7312,20,5700,2010,2010,Answer: 2010-2010,2010,2010,1.0,1.0,0,0,0.0,0,0,0,726,
610,11240,22,11241,2011,2012,Answer: ####-####,,,0.0,0.0,,,,0,0,0,690,
611,11468,22,9586,2001,2002,Answer: 1999-2002,1999,2002,0.5,0.5,2,0,1.0,0,0,0,734,
612,6964,17,6240,2008,2008,Answer: 2008-2022,2008,2022,0.06666666666666667,0.06666666666666667,0,14,7.0,0,0,0,540,
613,2742,9,2491,2012,,Answer: 2012-2012,2012,2012,0.0,0.0,0,,,0,0,0,710,
614,2664,9,2486,1978,,Answer: 1978-2024,1978,2024,0.0,0.0,0,,,0,0,0,672,
615,8389,17,6512,1961,1961,Answer: 1961-1961,1961,1961,1.0,1.0,0,0,0.0,0,0,0,687,
616,6663,20,6677,2002,2002,Answer: 1999-2007,1999,2007,0.1111111111111111,0.1111111111111111,3,5,4.0,0,0,0,738,
617,10951,22,9957,2010,2011,Answer: 2010-2011,2010,2011,1.0,1.0,0,0,0.0,0,0,0,680,
618,8974,20,7473,1982,1982,Answer: 1976-1999,1976,1999,0.041666666666666664,0.041666666666666664,6,17,11.5,0,0,0,732,
619,12357,22,9767,2002,2003,Answer: ####-####,,,0.0,0.0,,,,0,0,0,722,
620,11807,22,10509,2010,2010,Answer: ####-####,,,0.0,0.0,,,,0,0,0,720,
621,12428,22,11596,1976,1990,Answer: 1978-1990,1978,1990,0.8666666666666667,0.8666666666666667,2,0,1.0,0,0,0,752,
622,11128,22,10219,2009,2010,Answer: 2007-2008,2007,2008,0.0,0.25,2,2,2.0,0,0,0,696,
623,10700,22,9816,2003,2003,Answer: 2002-2003,2002,2003,0.5,0.5,1,0,0.5,0,0,0,724,
624,3093,17,5947,1954,1954,Answer: ####-####,,,0.0,0.0,,,,0,0,0,703,
625,11723,22,11315,1971,1974,Answer: ####-####,,,0.0,0.0,,,,0,0,0,670,
626,9844,22,9845,2015,2017,Answer: 2019-2020,2019,2020,-0.16666666666666666,0.16666666666666666,4,3,3.5,0,0,0,684,
627,9958,22,9959,2014,,Answer: 2013-2015,2013,2015,0.0,0.0,1,,,0,0,0,700,
628,11529,22,11530,1997,1997,Answer: ####-####,,,0.0,0.0,,,,0,0,0,676,
629,11813,22,10589,2009,2010,Answer: 2012-2013,2012,2013,-0.2,0.2,3,3,3.0,0,0,0,698,
630,6247,23,2935,,1971,Answer: 1959-1963,1959,1963,0.0,0.0,,8,,0,0,0,674,
631,11893,22,11133,2013,2014,Answer: 2006-2008,2006,2008,-0.4444444444444444,0.1111111111111111,7,6,6.5,0,0,0,694,
632,11394,22,9732,2007,2008,Answer: 2006-2008,2006,2008,0.6666666666666666,0.6666666666666666,1,0,0.5,0,0,0,612,
633,10737,22,10316,2001,2003,Answer: 1999-2002,1999,2002,0.4,0.4,2,1,1.5,0,0,0,728,
634,10446,22,10447,2012,2012,Answer: ####-####,,,0.0,0.0,,,,0,0,0,680,
635,10317,22,10093,2004,2009,Answer: ####-####,,,0.0,0.0,,,,0,0,0,686,
636,11726,22,11611,2004,2004,Answer: 2007-2008,2007,2008,-0.4,0.2,3,4,3.5,0,0,0,684,
637,11757,22,11096,2008,2009,Answer: ####-####,,,0.0,0.0,,,,0,0,0,699,
638,7573,20,6706,1922,1922,Answer: 1930-1930,1930,1930,-0.7777777777777778,0.1111111111111111,8,8,8.0,0,0,0,724,
639,2794,14,3922,1994,2007,Answer: ####-####,,,0.0,0.0,,,,0,0,0,538,
640,5671,17,6764,1999,1999,Answer: 1987-2006,1987,2006,0.05,0.05,12,7,9.5,0,0,0,695,
641,11610,22,10975,2006,2007,Answer: ####-####,,,0.0,0.0,,,,0,0,0,641,
642,11316,22,9966,2010,2013,Answer: 2010-2012,2010,2012,0.75,0.75,0,1,0.5,0,0,0,682,
643,11724,22,10430,2014,,Answer: 2013-2014,2013,2014,0.0,0.0,1,,,0,0,0,684,
644,12120,22,11236,2009,2012,Answer: 2010-2012,2010,2012,0.75,0.75,1,0,0.5,0,0,0,714,
645,7704,17,7454,1984,1984,Answer: ####-####,,,0.0,0.0,,,,0,0,0,709,
646,1435,1,125,1920,,Answer: 1790-2024,1790,2024,0.0,0.0,130,,,0,0,0,691,
647,3115,14,3853,2012,2014,Answer: 2012-2017,2012,2017,0.5,0.5,0,3,1.5,0,0,0,614,
648,11063,22,9574,1998,2001,Answer: 2004-2005,2004,2005,-0.25,0.125,6,4,5.0,0,0,0,674,
649,11904,22,10457,1999,2003,Answer: 2010-2011,2010,2011,-0.46153846153846156,0.07692307692307693,11,8,9.5,0,0,0,688,
650,12483,22,10632,2004,2004,Answer: 2002-2004,2002,2004,0.3333333333333333,0.3333333333333333,2,0,1.0,0,0,0,738,
651,8568,20,8570,2007,2007,Answer: 1990-2019,1990,2019,0.03333333333333333,0.03333333333333333,17,12,14.5,0,0,0,740,
652,9404,20,6706,1925,1925,Answer: ####-####,,,0.0,0.0,,,,0,0,0,742,
653,139,1,125,1920,,Answer: 1790-2024,1790,2024,0.0,0.0,130,,,0,0,0,717,
654,9111,20,7513,1993,1993,Answer: 1971-2000,1971,2000,0.03333333333333333,0.03333333333333333,22,7,14.5,0,0,0,718,
655,11164,22,11165,2004,2008,Answer: ####-####,,,0.0,0.0,,,,0,0,0,716,
656,12157,22,10831,2008,2012,Answer: 2007-2009,2007,2009,0.3333333333333333,0.3333333333333333,1,3,2.0,0,0,0,672,
657,4796,14,3457,2005,2010,Answer: 2005-2010,2005,2010,1.0,1.0,0,0,0.0,0,0,0,582,
658,3214,14,4350,1848,1848,Answer: 1860-1861,1860,1861,-0.7857142857142857,0.07142857142857142,12,13,12.5,0,0,0,586,
659,5479,16,5488,1999,1999,Answer: 1996-1999,1996,1999,0.25,0.25,3,0,1.5,0,0,0,731,
660,7089,20,7513,1974,1974,Answer: 1971-2001,1971,2001,0.03225806451612903,0.03225806451612903,3,27,15.0,0,0,0,716,
661,8674,20,7802,2008,2008,Answer: 2013-2024,2013,2024,-0.23529411764705882,0.058823529411764705,5,16,10.5,0,0,0,702,
662,8167,17,5862,1902,1902,Answer: 1888-1905,1888,1905,0.05555555555555555,0.05555555555555555,14,3,8.5,0,0,0,683,
663,12259,22,10253,2004,2005,Answer: ####-####,,,0.0,0.0,,,,0,0,0,668,
664,2868,17,6221,2009,2009,Answer: ####-####,,,0.0,0.0,,,,0,0,0,685,
665,3989,14,3473,1997,2001,Answer: 1997-2001,1997,2001,1.0,1.0,0,0,0.0,0,0,0,578,
666,5698,22,9738,1996,1997,Answer: ####-####,,,0.0,0.0,,,,0,0,0,690,
667,12487,22,9574,2000,2008,Answer: 2000-2006,2000,2006,0.7777777777777778,0.7777777777777778,0,2,1.0,0,0,0,678,
668,10837,22,10801,1997,1997,Answer: 1990-1995,1990,1995,-0.125,0.125,7,2,4.5,0,0,0,674,
669,12071,22,9713,2010,2011,Answer: ####-####,,,0.0,0.0,,,,0,0,0,688,
670,9864,22,9735,1989,1990,Answer: 1992-1993,1992,1993,-0.2,0.2,3,3,3.0,0,0,0,672,
671,9015,20,7862,1998,1998,Answer: 1989-2011,1989,2011,0.043478260869565216,0.043478260869565216,9,13,11.0,0,0,0,724,
672,8288,17,6240,1988,1988,Answer: 1982-1990,1982,1990,0.1111111111111111,0.1111111111111111,6,2,4.0,0,0,0,546,
673,8025,17,6144,2014,2014,Answer: ####-####,,,0.0,0.0,,,,0,0,0,684,
674,12326,22,10378,2007,2008,Answer: 2007-2008,2007,2008,1.0,1.0,0,0,0.0,0,0,0,682,
675,4852,14,3431,2002,2007,Answer: 1986-1997,1986,1997,-0.18181818181818182,0.045454545454545456,16,10,13.0,0,0,0,726,
676,10710,22,10538,1988,1990,Answer: 1988-1991,1988,1991,0.75,0.75,0,1,0.5,0,0,0,684,
677,9113,20,7091,1999,1999,Answer: 1991-2002,1991,2002,0.08333333333333333,0.08333333333333333,8,3,5.5,0,0,0,694,
678,10023,22,9822,2007,2008,Answer: 2006-2009,2006,2009,0.5,0.5,1,1,1.0,0,0,0,722,
679,11509,22,10057,2008,2010,Answer: 1999-2001,1999,2001,-0.5,0.08333333333333333,9,9,9.0,0,0,0,670,
680,4381,14,3498,1995,1998,Answer: 1989-2001,1989,2001,0.3076923076923077,0.3076923076923077,6,3,4.5,0,0,0,702,
681,8197,20,5762,1958,1958,Answer: 1950-1979,1950,1979,0.03333333333333333,0.03333333333333333,8,21,14.5,0,0,0,694,
682,3167,11,3095,1988,,Answer: ####-####,,,0.0,0.0,,,,0,0,0,718,
683,12390,22,11279,2013,2013,Answer: 2007-2009,2007,2009,-0.42857142857142855,0.14285714285714285,6,4,5.0,0,0,0,684,
684,8171,17,7754,2004,2004,Answer: 2001-2014,2001,2014,0.07142857142857142,0.07142857142857142,3,10,6.5,0,0,0,709,
685,8353,20,5762,1965,1965,Answer: ####-####,,,0.0,0.0,,,,0,0,0,698,
686,12329,22,10273,2001,2002,Answer: 1999-2004,1999,2004,0.3333333333333333,0.3333333333333333,2,2,2.0,0,0,0,668,
687,2465,20,6012,1922,1922,Answer: 1921-1923,1921,1923,0.3333333333333333,0.3333333333333333,1,1,1.0,0,0,0,686,
688,5103,15,5022,2005,2008,Answer: ####-####,,,0.0,0.0,,,,0,0,0,598,
689,1057,1,332,1917,1917,Answer: 1917-1918,1917,1918,0.5,0.5,0,1,0.5,0,0,0,723,
690,11668,22,10202,1994,1998,Answer: 1996-2001,1996,2001,0.375,0.375,2,3,2.5,0,0,0,736,
691,6484,17,6201,1964,1964,Answer: 1963-1963,1963,1963,0.0,0.5,1,1,1.0,0,0,0,524,
692,6511,17,6059,1905,1905,Answer: 1902-1931,1902,1931,0.03333333333333333,0.03333333333333333,3,26,14.5,0,0,0,703,
693,8725,20,8728,2003,2003,Answer: ####-####,,,0.0,0.0,,,,0,0,0,730,
694,11848,22,9879,2010,2011,Answer: ####-####,,,0.0,0.0,,,,0,0,0,694,
695,8552,19,9149,,1996,Answer: 1950-1989,1950,1989,0.0,0.0,,7,,0,0,0,654,
696,3310,13,3252,1960,,Answer: 1960-1960,1960,1960,0.0,0.0,0,,,0,0,0,705,
697,11381,22,10128,2015,2015,Answer: 2009-2013,2009,2013,-0.14285714285714285,0.14285714285714285,6,2,4.0,0,0,0,706,
698,7959,20,7960,2001,2001,Answer: ####-####,,,0.0,0.0,,,,0,0,0,666,
699,11738,22,10020,2014,2014,Answer: ####-####,,,0.0,0.0,,,,0,0,0,670,
700,11305,22,10209,2008,2013,Answer: 2010-2012,2010,2012,0.5,0.5,2,1,1.5,0,0,0,674,
701,2269,17,5898,1996,1996,Answer: 1996-1996,1996,1996,1.0,1.0,0,0,0.0,0,0,0,537,
702,3033,23,2952,1966,1969,Answer: 1966-1969,1966,1969,1.0,1.0,0,0,0.0,0,0,0,720,
703,10495,22,9809,2000,2006,Answer: 2015-2017,2015,2017,-0.4444444444444444,0.05555555555555555,15,11,13.0,0,0,0,710,
704,11561,22,10523,1998,2002,Answer: ####-####,,,0.0,0.0,,,,0,0,0,670,
705,10731,22,9617,1957,1961,Answer: 1957-1961,1957,1961,1.0,1.0,0,0,0.0,0,0,0,676,
706,8494,20,6780,1944,1944,Answer: ####-####,,,0.0,0.0,,,,0,0,0,690,
707,2860,14,3802,1992,1994,Answer: 1992-1994,1992,1994,1.0,1.0,0,0,0.0,0,0,0,686,
708,12367,22,9996,1990,1991,Answer: 1990-1993,1990,1993,0.5,0.5,0,2,1.0,0,0,0,730,
709,11528,22,10224,2003,2003,Answer: 2003-2010,2003,2010,0.125,0.125,0,7,3.5,0,0,0,714,
710,9405,20,7301,1989,1989,Answer: 1984-1984,1984,1984,-0.6666666666666666,0.16666666666666666,5,5,5.0,0,0,0,718,
711,12316,22,10741,1998,1998,Answer: ####-####,,,0.0,0.0,,,,0,0,0,680,
712,5761,17,6678,2011,2011,Answer: ####-####,,,0.0,0.0,,,,0,0,0,743,
713,788,1,444,2004,,Answer: 1946-2024,1946,2024,0.0,0.0,58,,,0,0,0,693,
714,11799,22,9902,2005,2005,Answer: 2001-2004,2001,2004,0.0,0.2,4,1,2.5,0,0,0,728,
715,10816,22,9822,1994,1995,Answer: 1992-1994,1992,1994,0.25,0.25,2,1,1.5,0,0,0,724,
716,8428,17,6640,1963,1963,Answer: ####-####,,,0.0,0.0,,,,0,0,0,675,
717,7528,17,7030,1980,1980,Answer: ####-####,,,0.0,0.0,,,,0,0,0,693,
718,11980,22,10611,2013,2014,Answer: ####-####,,,0.0,0.0,,,,0,0,0,682,
719,11412,22,9941,2010,2011,Answer: ####-####,,,0.0,0.0,,,,0,0,0,698,
720,765,1,767,1796,1928,Answer: 1744-1928,1744,1928,0.7189189189189189,0.7189189189189189,52,0,26.0,0,0,0,709,
721,7790,20,6669,1980,1980,Answer: 1997-1997,1997,1997,-0.8888888888888888,0.05555555555555555,17,17,17.0,0,0,0,740,
722,7730,17,7732,1983,1983,Answer: ####-####,,,0.0,0.0,,,,0,0,0,677,
723,10748,22,9706,1993,1995,Answer: 1994-1997,1994,1997,0.4,0.4,1,2,1.5,0,0,0,686,
724,1044,1,125,1790,1871,Answer: 1790-2024,1790,2024,0.34893617021276596,0.34893617021276596,0,153,76.5,0,0,0,709,
725,11638,22,10171,2008,2013,Answer: 2004-2014,2004,2014,0.5454545454545454,0.5454545454545454,4,1,2.5,0,0,0,722,
726,11284,22,10957,2003,2004,Answer: 2000-2003,2000,2003,0.2,0.2,3,1,2.0,0,0,0,694,
727,11682,22,10209,1982,1988,Answer: 1982-1991,1982,1991,0.7,0.7,0,3,1.5,0,0,0,674,
728,8258,17,8259,1995,1995,Answer: 1996-1996,1996,1996,0.0,0.5,1,1,1.0,0,0,0,713,
729,11017,22,11018,2013,2014,Answer: ####-####,,,0.0,0.0,,,,0,0,0,553,
730,10841,22,5655,2013,2016,Answer: 2014-2016,2014,2016,0.75,0.75,1,0,0.5,0,0,0,654,
731,11535,22,10427,1979,1984,Answer: 1983-1987,1983,1987,0.2222222222222222,0.2222222222222222,4,3,3.5,0,0,0,680,
732,3997,14,3455,2015,2017,Answer: 2019-2024,2019,2024,-0.1,0.1,4,7,5.5,0,0,0,578,
733,11259,22,9572,2016,2017,Answer: 2012-2015,2012,2015,0.0,0.16666666666666666,4,2,3.0,0,0,0,690,
734,10070,22,9840,2008,2009,Answer: 2019-2024,2019,2024,-0.5294117647058824,0.058823529411764705,11,15,13.0,0,0,0,684,
735,11108,22,10094,2004,2008,Answer: 2002-2010,2002,2010,0.5555555555555556,0.5555555555555556,2,2,2.0,0,0,0,706,
736,8578,17,6023,1986,1986,Answer: 1993-1993,1993,1993,-0.75,0.125,7,7,7.0,0,0,0,735,
737,5500,22,9785,1994,2011,Answer: 1994-2011,1994,2011,1.0,1.0,0,0,0.0,0,0,0,698,
738,12213,22,10724,2006,2007,Answer: 2006-2007,2006,2007,1.0,1.0,0,0,0.0,0,0,0,728,
739,2805,17,4313,2000,2000,Answer: ####-####,,,0.0,0.0,,,,0,0,0,551,
740,9264,20,6706,1920,1920,Answer: ####-####,,,0.0,0.0,,,,0,0,0,716,
741,11985,22,9683,1980,1981,Answer: 1973-1974,1973,1974,-0.5555555555555556,0.1111111111111111,7,7,7.0,0,0,0,680,
742,12199,22,11767,2012,2012,Answer: ####-####,,,0.0,0.0,,,,0,0,0,682,
743,10955,22,9996,1994,1995,Answer: 1992-1995,1992,1995,0.5,0.5,2,0,1.0,0,0,0,730,
744,11600,22,9880,2008,2011,Answer: 2007-2013,2007,2013,0.5714285714285714,0.5714285714285714,1,2,1.5,0,0,0,690,
745,11025,22,10248,1998,2014,Answer: 1998-2011,1998,2011,0.8235294117647058,0.8235294117647058,0,3,1.5,0,0,0,720,
746,11244,22,9548,2013,2014,Answer: 2001-2004,2001,2004,-0.5714285714285714,0.07142857142857142,12,10,11.0,0,0,0,674,
747,10070,22,9840,2009,,Answer: 2019-2024,2019,2024,0.0,0.0,10,,,0,0,0,684,
748,11941,22,9635,2003,2008,Answer: 2007-2009,2007,2009,0.2857142857142857,0.2857142857142857,4,1,2.5,0,0,0,676,
749,7312,20,7607,2010,2010,Answer: 2010-2010,2010,2010,1.0,1.0,0,0,0.0,0,0,0,692,
750,11473,22,9900,2002,2005,Answer: 2000-2003,2000,2003,0.3333333333333333,0.3333333333333333,2,2,2.0,0,0,0,684,
751,11239,22,10165,2009,2011,Answer: 2007-2012,2007,2012,0.5,0.5,2,1,1.5,0,0,0,660,
752,12137,22,10421,2005,2006,Answer: 2005-2006,2005,2006,1.0,1.0,0,0,0.0,0,0,0,712,
753,6266,17,6110,1910,1910,Answer: ####-####,,,0.0,0.0,,,,0,0,0,693,
754,11690,22,11081,2009,2011,Answer: 2013-2014,2013,2014,-0.16666666666666666,0.16666666666666666,4,3,3.5,0,0,0,680,
755,9004,17,5845,2016,2016,Answer: ####-####,,,0.0,0.0,,,,0,0,0,693,
756,10336,22,9744,2004,2004,Answer: 1997-1999,1997,1999,-0.5,0.125,7,5,6.0,0,0,0,696,
757,3813,14,3724,2011,2016,Answer: 2011-2016,2011,2016,1.0,1.0,0,0,0.0,0,0,0,615,
758,1877,20,7513,1988,1988,Answer: 1971-1987,1971,1987,0.0,0.05555555555555555,17,1,9.0,0,0,0,724,
759,7277,17,7280,1996,1996,Answer: 1997-1997,1997,1997,0.0,0.5,1,1,1.0,0,0,0,741,
760,12034,22,10957,1997,1999,Answer: 2007-2008,2007,2008,-0.5833333333333334,0.08333333333333333,10,9,9.5,0,0,0,690,
761,11843,22,9727,1997,2001,Answer: 1994-1997,1994,1997,0.125,0.125,3,4,3.5,0,0,0,684,
762,8108,17,6213,1989,1989,Answer: ####-####,,,0.0,0.0,,,,0,0,0,579,
763,5671,17,6763,1992,1992,Answer: 1992-2003,1992,2003,0.08333333333333333,0.08333333333333333,0,11,5.5,0,0,0,699,
764,12448,22,9938,2004,2005,Answer: 2003-2005,2003,2005,0.6666666666666666,0.6666666666666666,1,0,0.5,0,0,0,756,
765,8940,20,6706,1935,1935,Answer: 1934-1934,1934,1934,0.0,0.5,1,1,1.0,0,0,0,720,
766,1042,1,687,,2015,Answer: 1972-2015,1972,2015,0.0,0.0,,0,,0,0,0,721,
767,8023,17,7558,1985,1985,Answer: ####-####,,,0.0,0.0,,,,0,0,0,747,
768,5695,22,5648,1996,1998,Answer: 1995-1996,1995,1996,0.25,0.25,1,2,1.5,0,0,0,686,
769,11099,22,10068,2003,2003,Answer: 2013-2014,2013,2014,-0.75,0.08333333333333333,10,11,10.5,0,0,0,696,
770,9987,22,9980,2003,2004,Answer: 2009-2010,2009,2010,-0.5,0.125,6,6,6.0,0,0,0,676,
771,10923,22,10494,1985,1986,Answer: ####-####,,,0.0,0.0,,,,0,0,0,704,
772,12472,22,10522,2009,2009,Answer: ####-####,,,0.0,0.0,,,,0,0,0,666,
773,12065,22,9996,2005,2005,Answer: 2003-2006,2003,2006,0.25,0.25,2,1,1.5,0,0,0,732,
774,10821,22,9853,2002,2005,Answer: 2005-2005,2005,2005,0.25,0.25,3,0,1.5,0,0,0,740,
775,11766,22,10666,2004,2005,Answer: 2013-2014,2013,2014,-0.6363636363636364,0.09090909090909091,9,9,9.0,0,0,0,678,
776,8759,20,6706,1923,1923,Answer: 1929-1929,1929,1929,-0.7142857142857143,0.14285714285714285,6,6,6.0,0,0,0,726,
777,7093,20,7094,2002,2002,Answer: 1992-2018,1992,2018,0.037037037037037035,0.037037037037037035,10,16,13.0,0,0,0,738,
778,4586,17,5816,1925,,Answer: ####-####,,,0.0,0.0,,,,0,0,0,600,
779,12122,22,5650,2006,2006,Answer: 1999-2001,1999,2001,-0.5,0.125,7,5,6.0,0,0,0,706,
780,4754,14,3696,1969,1996,Answer: 1969-1996,1969,1996,1.0,1.0,0,0,0.0,0,0,0,554,
781,2136,6,173,1815,1871,Answer: 1701-1918,1701,1918,0.26146788990825687,0.26146788990825687,114,47,80.5,0,0,0,670,
782,7393,20,8368,1959,1959,Answer: 1960-1989,1960,1989,0.0,0.03225806451612903,1,30,15.5,0,0,0,722,
783,9384,20,5722,1997,1997,Answer: 1998-1998,1998,1998,0.0,0.5,1,1,1.0,0,0,0,726,
784,8440,17,5860,1904,1904,Answer: ####-####,,,0.0,0.0,,,,0,0,0,687,
785,8441,20,7092,1964,1964,Answer: ####-####,,,0.0,0.0,,,,0,0,0,692,
786,11730,22,10762,2005,2005,Answer: ####-####,,,0.0,0.0,,,,0,0,0,718,
787,12037,22,10288,2000,2003,Answer: 2008-2010,2008,2010,-0.36363636363636365,0.09090909090909091,8,7,7.5,0,0,0,682,
788,11593,22,9625,2008,2008,Answer: ####-####,,,0.0,0.0,,,,0,0,0,694,
789,11025,22,10243,2009,,Answer: 2009-2019,2009,2019,0.0,0.0,0,,,0,0,0,702,
790,1837,23,2986,1975,1975,Answer: ####-####,,,0.0,0.0,,,,0,0,0,734,
791,12150,22,10314,2013,2014,Answer: 2007-2010,2007,2010,-0.25,0.125,6,4,5.0,0,0,0,694,
792,10933,22,10365,2008,2009,Answer: 2007-2009,2007,2009,0.6666666666666666,0.6666666666666666,1,0,0.5,0,0,0,746,
793,5409,20,5798,2007,2007,Answer: ####-####,,,0.0,0.0,,,,0,0,0,710,
794,11374,22,10052,2006,2007,Answer: ####-####,,,0.0,0.0,,,,0,0,0,692,
795,9649,22,9610,2014,2014,Answer: 2011-2013,2011,2013,0.0,0.25,3,1,2.0,0,0,0,748,
796,8011,20,9323,2008,2008,Answer: 1998-2002,1998,2002,-0.45454545454545453,0.09090909090909091,10,6,8.0,0,0,0,726,
797,768,1,291,1993,2004,Answer: 1934-2024,1934,2024,0.13186813186813187,0.13186813186813187,59,20,39.5,0,0,0,707,
798,12111,22,9993,2010,2011,Answer: ####-####,,,0.0,0.0,,,,0,0,0,694,
799,12449,22,9557,1967,1967,Answer: 1966-1966,1966,1966,0.0,0.5,1,1,1.0,0,0,0,736,
800,5840,20,5665,1982,1982,Answer: ####-####,,,0.0,0.0,,,,0,0,0,712,
801,11076,22,10590,2007,2008,Answer: 2007-2008,2007,2008,1.0,1.0,0,0,0.0,0,0,0,692,
802,9983,22,9538,1995,1997,Answer: 1995-1999,1995,1999,0.6,0.6,0,2,1.0,0,0,0,716,
803,1342,1,953,1920,,Answer: 1790-2024,1790,2024,0.0,0.0,130,,,0,0,0,681,
804,12146,22,9629,2010,2013,Answer: 2010-2011,2010,2011,0.5,0.5,0,2,1.0,0,0,0,668,
805,1877,20,6306,1978,1978,Answer: 1967-1978,1967,1978,0.08333333333333333,0.08333333333333333,11,0,5.5,0,0,0,722,
806,349,18,348,,2014,Answer: ####-2015,2015,2015,0.0,0.0,,1,,0,0,0,689,
807,12076,22,9732,2004,2004,Answer: 2003-2005,2003,2005,0.3333333333333333,0.3333333333333333,1,1,1.0,0,0,0,580,
808,6390,20,6394,2005,2005,Answer: 2004-2006,2004,2006,0.3333333333333333,0.3333333333333333,1,1,1.0,0,0,0,754,
809,11914,22,9813,1983,1993,Answer: 1983-1993,1983,1993,1.0,1.0,0,0,0.0,0,0,0,714,
810,11636,22,10008,2001,2002,Answer: 2007-2008,2007,2008,-0.5,0.125,6,6,6.0,0,0,0,684,
811,6663,20,6664,2007,2007,Answer: 1999-2007,1999,2007,0.1111111111111111,0.1111111111111111,8,0,4.0,0,0,0,693,
812,11111,22,11012,2007,2009,Answer: 2010-2011,2010,2011,0.0,0.2,3,2,2.5,0,0,0,680,
813,3613,14,3552,1998,2003,Answer: 1998-2002,1998,2002,0.8333333333333334,0.8333333333333334,0,1,0.5,0,0,0,652,
814,11505,22,10627,1994,1999,Answer: 1991-1993,1991,1993,0.0,0.1111111111111111,3,6,4.5,0,0,0,678,
815,9480,21,9481,2012,2013,Answer: 2009-2009,2009,2009,-0.4,0.2,3,4,3.5,0,0,0,700,
816,11305,22,10556,1999,1999,Answer: 1998-2000,1998,2000,0.3333333333333333,0.3333333333333333,1,1,1.0,0,0,0,724,
817,1662,1,125,1790,1871,Answer: 1790-2024,1790,2024,0.34893617021276596,0.34893617021276596,0,153,76.5,0,0,0,689,
818,5446,16,5458,1990,1990,Answer: 1989-1999,1989,1999,0.09090909090909091,0.09090909090909091,1,9,5.0,0,0,0,711,
819,12453,22,9738,2002,2004,Answer: 2003-2006,2003,2006,0.4,0.4,1,2,1.5,0,0,0,686,
820,205,6,30,1809,1917,Answer: 1809-1917,1809,1917,1.0,1.0,0,0,0.0,0,0,0,648,
821,11342,22,10092,2009,2010,Answer: ####-####,,,0.0,0.0,,,,0,0,0,688,
822,12218,22,9973,2006,2010,Answer: 2009-2011,2009,2011,0.3333333333333333,0.3333333333333333,3,1,2.0,0,0,0,678,
823,4967,14,4100,1972,1974,Answer: 1974-1974,1974,1974,0.3333333333333333,0.3333333333333333,2,0,1.0,0,0,0,698,
824,8081,20,5639,2012,2012,Answer: 2013-2013,2013,2013,0.0,0.5,1,1,1.0,0,0,0,748,
825,8739,17,5916,2009,2009,Answer: 2016-2016,2016,2016,-0.75,0.125,7,7,7.0,0,0,0,691,
826,7089,20,7091,1981,1981,Answer: 1959-1969,1959,1969,-0.4782608695652174,0.043478260869565216,22,12,17.0,0,0,0,710,
827,11582,22,10733,2008,2010,Answer: 1999-2003,1999,2003,-0.3333333333333333,0.08333333333333333,9,7,8.0,0,0,0,682,
828,6032,20,8810,2002,2002,Answer: 1999-2016,1999,2016,0.05555555555555555,0.05555555555555555,3,14,8.5,0,0,0,716,
829,12076,22,9966,2005,2007,Answer: 2004-2006,2004,2006,0.5,0.5,1,1,1.0,0,0,0,658,
830,12209,22,9648,1994,2001,Answer: 1990-1999,1990,1999,0.5,0.5,4,2,3.0,0,0,0,748,
831,10361,22,9790,2011,2011,Answer: 2013-2014,2013,2014,-0.25,0.25,2,3,2.5,0,0,0,702,
832,3216,12,2155,,1998,Answer: ####-####,,,0.0,0.0,,,,0,0,0,695,
833,6234,17,6236,1908,1908,Answer: 1902-1931,1902,1931,0.03333333333333333,0.03333333333333333,6,23,14.5,0,0,0,687,
834,11558,22,9732,2004,2004,Answer: 2003-2004,2003,2004,0.5,0.5,1,0,0.5,0,0,0,600,
835,6731,17,5829,1964,1964,Answer: ####-####,,,0.0,0.0,,,,0,0,0,566,
836,11978,22,10173,2012,2012,Answer: ####-####,,,0.0,0.0,,,,0,0,0,702,
837,11011,22,10197,1999,1999,Answer: ####-####,,,0.0,0.0,,,,0,0,0,738,
838,7195,23,2947,1958,1959,Answer: ####-####,,,0.0,0.0,,,,0,0,0,716,
839,7936,17,7033,2012,2012,Answer: ####-####,,,0.0,0.0,,,,0,0,0,691,
840,8507,20,8510,2011,2011,Answer: 2010-2019,2010,2019,0.1,0.1,1,8,4.5,0,0,0,716,
841,1864,14,3450,2002,2005,Answer: 1998-2013,1998,2013,0.25,0.25,4,8,6.0,0,0,0,712,
842,616,1,233,2015,,Answer: 2015-####,2015,2015,0.0,0.0,0,,,0,0,0,687,
843,6663,20,6666,2005,2005,Answer: 1999-2007,1999,2007,0.1111111111111111,0.1111111111111111,6,2,4.0,0,0,0,738,
844,11799,22,11021,2002,2003,Answer: 2003-2005,2003,2005,0.25,0.25,1,2,1.5,0,0,0,664,
845,5840,20,7513,2005,2005,Answer: ####-####,,,0.0,0.0,,,,0,0,0,710,
846,2074,6,402,1919,1933,Answer: 1919-1933,1919,1933,1.0,1.0,0,0,0.0,0,0,0,652,
847,9420,20,6581,1994,1994,Answer: 2000-2000,2000,2000,-0.7142857142857143,0.14285714285714285,6,6,6.0,0,0,0,732,
848,11074,22,9549,2006,2007,Answer: 2003-2006,2003,2006,0.2,0.2,3,1,2.0,0,0,0,690,
849,2008,9,259,1815,1866,Answer: 1815-1866,1815,1866,1.0,1.0,0,0,0.0,0,0,0,684,
850,8892,20,7513,1982,1982,Answer: 1980-1999,1980,1999,0.05,0.05,2,17,9.5,0,0,0,704,
851,10218,22,10219,2003,2004,Answer: 1994-1996,1994,1996,-0.5454545454545454,0.09090909090909091,9,8,8.5,0,0,0,672,
852,8637,20,7473,1979,1979,Answer: 1975-1999,1975,1999,0.04,0.04,4,20,12.0,0,0,0,710,
853,4584,17,5887,2008,2008,Answer: ####-####,,,0.0,0.0,,,,0,0,0,628,
854,8004,20,7097,2001,2001,Answer: ####-####,,,0.0,0.0,,,,0,0,0,714,
855,11740,22,9815,1995,1995,Answer: 1994-1995,1994,1995,0.5,0.5,1,0,0.5,0,0,0,726,
856,7000,17,5953,1943,1943,Answer: 1942-1949,1942,1949,0.125,0.125,1,6,3.5,0,0,0,565,
857,9972,22,9974,2015,,Answer: 2007-2011,2007,2011,0.0,0.0,8,,,0,0,0,672,
858,3032,23,3060,1834,1838,Answer: 1834-1836,1834,1836,0.6,0.6,0,2,1.0,0,0,0,682,
859,2428,20,9265,1993,1993,Answer: 1992-1999,1992,1999,0.125,0.125,1,6,3.5,0,0,0,736,
860,7976,17,6008,2002,2002,Answer: ####-####,,,0.0,0.0,,,,0,0,0,677,
861,9943,22,9720,2014,2015,Answer: 2017-2018,2017,2018,-0.2,0.2,3,3,3.0,0,0,0,694,
862,12489,22,10735,2006,2007,Answer: ####-####,,,0.0,0.0,,,,0,0,0,676,
863,11108,22,10115,2001,2001,Answer: ####-####,,,0.0,0.0,,,,0,0,0,676,
864,4012,14,3700,2007,2011,Answer: 2007-2011,2007,2011,1.0,1.0,0,0,0.0,0,0,0,615,
865,6303,17,6308,1943,1943,Answer: ####-####,,,0.0,0.0,,,,0,0,0,687,
866,11397,22,10417,1999,2002,Answer: 1997-1998,1997,1998,0.0,0.16666666666666666,2,4,3.0,0,0,0,672,
867,11996,22,10642,2002,2003,Answer: 2003-2003,2003,2003,0.5,0.5,1,0,0.5,0,0,0,647,
868,10872,22,10255,2003,2004,Answer: 1994-1995,1994,1995,-0.6363636363636364,0.09090909090909091,9,9,9.0,0,0,0,690,
869,4304,14,3431,2017,,Answer: 2007-2020,2007,2020,0.0,0.0,10,,,0,0,0,720,
870,9113,20,7862,1997,1997,Answer: 1991-2002,1991,2002,0.08333333333333333,0.08333333333333333,6,5,5.5,0,0,0,720,
871,2919,17,7234,2017,2017,Answer: ####-####,,,0.0,0.0,,,,0,0,0,677,
872,8081,20,8444,2012,2012,Answer: 2013-2013,2013,2013,0.0,0.5,1,1,1.0,0,0,0,760,
873,11192,22,9668,2013,2014,Answer: 2007-2009,2007,2009,-0.375,0.125,6,5,5.5,0,0,0,662,
874,11883,22,10954,2016,,Answer: 2019-2020,2019,2020,0.0,0.0,3,,,0,0,0,692,
875,11791,22,9769,2008,2008,Answer: 2017-2017,2017,2017,-0.8,0.1,9,9,9.0,0,0,0,668,
876,6663,20,6670,2000,2000,Answer: 1999-2007,1999,2007,0.1111111111111111,0.1111111111111111,1,7,4.0,0,0,0,738,
877,11090,22,9639,2002,2003,Answer: 2017-2018,2017,2018,-0.7647058823529411,0.058823529411764705,15,15,15.0,0,0,0,672,
878,11954,22,5593,2002,,Answer: 2002-2013,2002,2013,0.0,0.0,0,,,0,0,0,716,
879,8232,17,8233,1986,1986,Answer: 1986-1986,1986,1986,1.0,1.0,0,0,0.0,0,0,0,727,
880,4355,17,4313,1996,1996,Answer: ####-####,,,0.0,0.0,,,,0,0,0,547,
881,4666,14,3619,2010,2011,Answer: 2020-2024,2020,2024,-0.5333333333333333,0.06666666666666667,10,13,11.5,0,0,0,736,
882,9048,17,6725,1956,1956,Answer: 1960-1960,1960,1960,-0.6,0.2,4,4,4.0,0,0,0,511,
883,7906,17,7908,2000,2000,Answer: 1992-2014,1992,2014,0.043478260869565216,0.043478260869565216,8,14,11.0,0,0,0,735,
884,5760,20,5755,2010,2010,Answer: ####-####,,,0.0,0.0,,,,0,0,0,746,
885,3571,14,3455,2015,2017,Answer: 2015-2017,2015,2017,1.0,1.0,0,0,0.0,0,0,0,580,
886,11507,22,10651,2013,2013,Answer: 2011-2012,2011,2012,0.0,0.3333333333333333,2,1,1.5,0,0,0,692,
887,11026,22,9668,1998,1998,Answer: 2013-2015,2013,2015,-0.7777777777777778,0.05555555555555555,15,17,16.0,0,0,0,672,
888,8028,17,5874,1987,1987,Answer: ####-####,,,0.0,0.0,,,,0,0,0,669,
889,11883,22,10763,2015,2016,Answer: 2015-2016,2015,2016,1.0,1.0,0,0,0.0,0,0,0,684,
890,10873,22,9854,2012,2012,Answer: ####-####,,,0.0,0.0,,,,0,0,0,720,
891,3517,14,3520,1979,1980,Answer: 1976-1980,1976,1980,0.4,0.4,3,0,1.5,0,0,0,716,
892,10797,22,9564,2007,2007,Answer: 2007-2007,2007,2007,1.0,1.0,0,0,0.0,0,0,0,744,
893,10402,22,9766,2008,2008,Answer: 2006-2007,2006,2007,0.0,0.3333333333333333,2,1,1.5,0,0,0,712,
894,3068,23,3027,,1977,Answer: ####-####,,,0.0,0.0,,,,0,0,0,690,
895,554,15,4983,,2014,Answer: ####-2015,2015,2015,0.0,0.0,,1,,0,0,0,572,
896,10985,22,10637,2005,2006,Answer: ####-####,,,0.0,0.0,,,,0,0,0,708,
897,5499,22,9789,1999,1999,Answer: 1997-1997,1997,1997,-0.3333333333333333,0.3333333333333333,2,2,2.0,0,0,0,722,
898,3677,14,3555,2003,2007,Answer: 2003-2007,2003,2007,1.0,1.0,0,0,0.0,0,0,0,736,
899,2615,9,2517,1873,,Answer: 1861-1894,1861,1894,0.0,0.0,12,,,0,0,0,642,
900,1056,1,666,2016,,Answer: 2016-2024,2016,2024,0.0,0.0,0,,,0,0,0,717,
901,8554,17,6251,1966,1966,Answer: ####-####,,,0.0,0.0,,,,0,0,0,560,
902,12494,22,10426,2005,2008,Answer: 2007-2009,2007,2009,0.4,0.4,2,1,1.5,0,0,0,682,
903,9129,17,6156,1985,1985,Answer: 1989-1989,1989,1989,-0.6,0.2,4,4,4.0,0,0,0,693,
904,11148,22,10034,2011,2011,Answer: 2013-2013,2013,2013,-0.3333333333333333,0.3333333333333333,2,2,2.0,0,0,0,682,
905,3678,14,3437,1945,1963,Answer: 1945-1963,1945,1963,1.0,1.0,0,0,0.0,0,0,0,537,
906,5518,17,5411,1984,1984,Answer: ####-####,,,0.0,0.0,,,,0,0,0,681,
907,1906,17,6002,2008,2008,Answer: 2008-2008,2008,2008,1.0,1.0,0,0,0.0,0,0,0,675,
908,10877,22,9991,2004,2004,Answer: 1999-2000,1999,2000,-0.5,0.16666666666666666,5,4,4.5,0,0,0,696,
909,11397,22,10879,2001,2001,Answer: 1995-1996,1995,1996,-0.5714285714285714,0.14285714285714285,6,5,5.5,0,0,0,688,
910,2094,6,2104,1802,1805,Answer: 1802-1805,1802,1805,1.0,1.0,0,0,0.0,0,0,0,662,
911,11806,22,9681,1992,1993,Answer: 1992-1993,1992,1993,1.0,1.0,0,0,0.0,0,0,0,744,
912,5611,16,5622,2014,2014,Answer: 2003-2014,2003,2014,0.08333333333333333,0.08333333333333333,11,0,5.5,0,0,0,538,
913,2726,20,6012,1933,1933,Answer: ####-####,,,0.0,0.0,,,,0,0,0,680,
914,11438,22,10486,2013,2014,Answer: 2005-2007,2005,2007,-0.5,0.1,8,7,7.5,0,0,0,704,
915,1063,1,642,,2005,Answer: 1927-2016,1927,2016,0.0,0.0,,11,,0,0,0,719,
916,2114,15,4988,1581,1795,Answer: 1581-1795,1581,1795,1.0,1.0,0,0,0.0,0,0,0,674,
917,12257,22,9600,1986,1987,Answer: 1983-1988,1983,1988,0.3333333333333333,0.3333333333333333,3,1,2.0,0,0,0,682,
918,4941,14,3652,2011,2013,Answer: 2009-2013,2009,2013,0.6,0.6,2,0,1.0,0,0,0,574,
919,9480,21,9481,2013,2013,Answer: 2009-2009,2009,2009,-0.6,0.2,4,4,4.0,0,0,0,700,
920,7170,20,7092,1952,1952,Answer: 1954-1954,1954,1954,-0.3333333333333333,0.3333333333333333,2,2,2.0,0,0,0,678,
921,219,15,4971,2016,,Answer: ####-####,,,0.0,0.0,,,,0,0,0,500,
922,1866,12,170,,1939,Answer: 1906-1933,1906,1933,0.0,0.0,,6,,0,0,0,667,
923,2428,17,6467,2000,2000,Answer: 1999-1999,1999,1999,0.0,0.5,1,1,1.0,0,0,0,737,
924,10361,22,9839,2012,2014,Answer: 2009-2011,2009,2011,0.0,0.16666666666666666,3,3,3.0,0,0,0,672,
925,1640,1,125,1790,1871,Answer: 1790-2024,1790,2024,0.34893617021276596,0.34893617021276596,0,153,76.5,0,0,0,691,
926,1579,6,1560,1320,1503,Answer: 1362-1569,1362,1569,0.568,0.568,42,66,54.0,0,0,0,672,
927,10329,22,9732,2008,2008,Answer: 2007-2008,2007,2008,0.5,0.5,1,0,0.5,0,0,0,602,
928,11331,22,9624,2013,2016,Answer: 2013-2016,2013,2016,1.0,1.0,0,0,0.0,0,0,0,658,
929,7000,17,5948,1943,1943,Answer: 1941-1945,1941,1945,0.2,0.2,2,2,2.0,0,0,0,717,
930,5840,20,7513,1986,1986,Answer: ####-####,,,0.0,0.0,,,,0,0,0,710,
931,10905,22,9791,2002,2002,Answer: 1999-1999,1999,1999,-0.5,0.25,3,3,3.0,0,0,0,714,
932,2911,10,2940,1861,,Answer: 1854-1887,1854,1887,0.0,0.0,7,,,0,0,0,595,
933,11604,22,9912,2000,2009,Answer: ####-####,,,0.0,0.0,,,,0,0,0,732,
934,7864,17,7648,1994,1994,Answer: ####-####,,,0.0,0.0,,,,0,0,0,715,
935,10361,22,9553,2014,,Answer: 2003-2005,2003,2005,0.0,0.0,11,,,0,0,0,658,
936,3942,14,3697,1904,1904,Answer: 1904-1904,1904,1904,1.0,1.0,0,0,0.0,0,0,0,686,
937,11800,22,10092,1995,1996,Answer: 1997-1998,1997,1998,0.0,0.25,2,2,2.0,0,0,0,696,
938,1167,1,953,1790,1871,Answer: 1790-2024,1790,2024,0.34893617021276596,0.34893617021276596,0,153,76.5,0,0,0,689,
939,10822,22,9694,1998,2002,Answer: ####-####,,,0.0,0.0,,,,0,0,0,686,
940,6484,17,6240,1968,1968,Answer: 1964-1968,1964,1968,0.2,0.2,4,0,2.0,0,0,0,542,
941,9596,22,9605,1993,1994,Answer: 2003-2004,2003,2004,-0.6666666666666666,0.08333333333333333,10,10,10.0,0,0,0,690,
942,10603,22,5653,1992,1995,Answer: 1987-1990,1987,1990,-0.1111111111111111,0.1111111111111111,5,5,5.0,0,0,0,676,
943,2754,20,6706,1907,1907,Answer: 1901-1916,1901,1916,0.0625,0.0625,6,9,7.5,0,0,0,720,
944,11607,22,10718,1996,1997,Answer: 1997-1998,1997,1998,0.3333333333333333,0.3333333333333333,1,1,1.0,0,0,0,668,
945,6459,17,8005,2005,2005,Answer: ####-####,,,0.0,0.0,,,,0,0,0,713,
946,6968,17,5479,1979,1979,Answer: 1971-1979,1971,1979,0.1111111111111111,0.1111111111111111,8,0,4.0,0,0,0,749,
947,12007,22,11018,2014,2015,Answer: 2016-2017,2016,2017,0.0,0.25,2,2,2.0,0,0,0,674,
948,11697,22,9996,1998,1998,Answer: 1997-1999,1997,1999,0.3333333333333333,0.3333333333333333,1,1,1.0,0,0,0,734,
949,5695,22,10781,1990,1991,Answer: 1996-1997,1996,1997,-0.5,0.125,6,6,6.0,0,0,0,704,
950,3159,17,6003,1971,1971,Answer: 1967-1996,1967,1996,0.03333333333333333,0.03333333333333333,4,25,14.5,0,0,0,731,
951,205,6,2019,1917,,Answer: 1917-2024,1917,2024,0.0,0.0,0,,,0,0,0,634,
952,2173,6,2040,2009,,Answer: 1993-2024,1993,2024,0.0,0.0,16,,,0,0,0,640,
953,2778,20,6192,1982,1982,Answer: 1970-1991,1970,1991,0.045454545454545456,0.045454545454545456,12,9,10.5,0,0,0,724,
954,7972,20,6674,1991,1991,Answer: 1987-1989,1987,1989,-0.2,0.2,4,2,3.0,0,0,0,742,
955,10702,22,9572,2000,2001,Answer: ####-####,,,0.0,0.0,,,,0,0,0,698,
956,7102,17,6204,2001,2001,Answer: 2012-2012,2012,2012,-0.8333333333333334,0.08333333333333333,11,11,11.0,0,0,0,681,
957,2945,14,3623,1892,,Answer: 1922-1922,1922,1922,0.0,0.0,30,,,0,0,0,612,
958,12131,22,10283,2006,2006,Answer: ####-####,,,0.0,0.0,,,,0,0,0,684,
959,11504,22,9710,1999,2001,Answer: 2003-2008,2003,2008,-0.1,0.1,4,7,5.5,0,0,0,688,
960,6742,17,6744,2003,2003,Answer: 2004-2004,2004,2004,0.0,0.5,1,1,1.0,0,0,0,727,
961,11186,22,9996,2007,2009,Answer: 2005-2008,2005,2008,0.4,0.4,2,1,1.5,0,0,0,736,
962,7740,20,6780,1953,1953,Answer: ####-####,,,0.0,0.0,,,,0,0,0,692,
963,10329,22,9806,2007,2010,Answer: ####-####,,,0.0,0.0,,,,0,0,0,668,
964,8701,20,6028,1960,1960,Answer: 1961-1961,1961,1961,0.0,0.5,1,1,1.0,0,0,0,718,
965,9288,20,5762,1902,1902,Answer: 1901-1909,1901,1909,0.1111111111111111,0.1111111111111111,1,7,4.0,0,0,0,698,
966,12093,22,10862,1980,1980,Answer: ####-####,,,0.0,0.0,,,,0,0,0,704,
967,7667,17,7047,1994,1994,Answer: 1994-1994,1994,1994,1.0,1.0,0,0,0.0,0,0,0,677,
968,5548,16,5719,1995,1995,Answer: 1982-2010,1982,2010,0.034482758620689655,0.034482758620689655,13,15,14.0,0,0,0,697,
969,4498,17,7143,1976,1976,Answer: ####-####,,,0.0,0.0,,,,0,0,0,681,
970,1745,17,6958,2009,2009,Answer: 2009-2013,2009,2013,0.2,0.2,0,4,2.0,0,0,0,669,
971,4686,14,4241,1996,1997,Answer: 1996-1997,1996,1997,1.0,1.0,0,0,0.0,0,0,0,700,
972,12499,22,10810,2008,2011,Answer: 2007-2008,2007,2008,0.2,0.2,1,3,2.0,0,0,0,680,
973,7404,20,6744,2013,2013,Answer: 2012-2012,2012,2012,0.0,0.5,1,1,1.0,0,0,0,716,
974,7277,17,7283,1996,1996,Answer: 1997-1997,1997,1997,0.0,0.5,1,1,1.0,0,0,0,713,
975,6931,17,6932,2002,2002,Answer: ####-####,,,0.0,0.0,,,,0,0,0,560,
976,9051,20,6150,1965,1965,Answer: 1966-1966,1966,1966,0.0,0.5,1,1,1.0,0,0,0,720,
977,11531,22,9619,2014,2015,Answer: 2014-2015,2014,2015,1.0,1.0,0,0,0.0,0,0,0,698,
978,3243,17,5901,2012,2012,Answer: 2010-2015,2010,2015,0.16666666666666666,0.16666666666666666,2,3,2.5,0,0,0,548,
979,8898,20,7092,1953,1953,Answer: ####-####,,,0.0,0.0,,,,0,0,0,708,
980,3535,14,3456,2010,2015,Answer: 2017-2019,2017,2019,-0.1,0.1,7,4,5.5,0,0,0,584,
981,8386,17,6066,1993,1993,Answer: 1993-1993,1993,1993,1.0,1.0,0,0,0.0,0,0,0,743,
982,1239,1,129,1790,1871,Answer: 1790-2024,1790,2024,0.34893617021276596,0.34893617021276596,0,153,76.5,0,0,0,689,
983,12108,22,10689,1999,2003,Answer: 2003-2006,2003,2006,0.125,0.125,4,3,3.5,0,0,0,674,
984,10844,22,9939,2008,2011,Answer: 2008-2009,2008,2009,0.5,0.5,0,2,1.0,0,0,0,670,
985,11487,22,10191,2008,2011,Answer: 2008-2011,2008,2011,1.0,1.0,0,0,0.0,0,0,0,708,
986,10672,22,9746,2000,2000,Answer: ####-####,,,0.0,0.0,,,,0,0,0,660,
987,8630,17,6569,2009,2009,Answer: ####-####,,,0.0,0.0,,,,0,0,0,493,
988,9015,20,7862,1993,1993,Answer: 1989-2011,1989,2011,0.043478260869565216,0.043478260869565216,4,18,11.0,0,0,0,724,
989,11811,22,10956,1996,1997,Answer: 1993-1995,1993,1995,0.0,0.2,3,2,2.5,0,0,0,694,
990,11498,22,10430,2001,2003,Answer: 2003-2005,2003,2005,0.2,0.2,2,2,2.0,0,0,0,688,
991,2906,17,5860,1996,1996,Answer: 1997-1997,1997,1997,0.0,0.5,1,1,1.0,0,0,0,669,
992,9596,22,9602,2004,2005,Answer: 1997-2000,1997,2000,-0.3333333333333333,0.1111111111111111,7,5,6.0,0,0,0,686,
993,1910,14,3981,1930,1931,Answer: 1920-1922,1920,1922,-0.5833333333333334,0.08333333333333333,10,9,9.5,0,0,0,680,
994,12148,22,5473,2012,2012,Answer: 2013-2014,2013,2014,0.0,0.3333333333333333,1,2,1.5,0,0,0,708,
995,3703,14,3704,2011,2015,Answer: 2011-2015,2011,2015,1.0,1.0,0,0,0.0,0,0,0,684,
996,8600,20,7501,1968,1968,Answer: 1968-1968,1968,1968,1.0,1.0,0,0,0.0,0,0,0,716,
997,11074,22,9702,1996,1998,Answer: 1994-1997,1994,1997,0.4,0.4,2,1,1.5,0,0,0,740,
998,5699,22,5656,2007,2008,Answer: 2007-2009,2007,2009,0.6666666666666666,0.6666666666666666,0,1,0.5,0,0,0,692,
999,7528,20,6192,1978,1978,Answer: 1970-1994,1970,1994,0.04,0.04,8,16,12.0,0,0,0,730,
1000,9616,22,9614,1979,1980,Answer: 1977-1985,1977,1985,0.2222222222222222,0.2222222222222222,2,5,3.5,0,0,0,680,
1001,7339,20,5453,1974,1974,Answer: 1975-1975,1975,1975,0.0,0.5,1,1,1.0,0,0,0,710,
1002,7411,17,8252,1988,1988,Answer: ####-####,,,0.0,0.0,,,,0,0,0,689,
1003,8126,20,6825,1994,1994,Answer: 1976-2004,1976,2004,0.034482758620689655,0.034482758620689655,18,10,14.0,0,0,0,724,
1004,4507,14,3496,1999,2003,Answer: 1999-2013,1999,2013,0.3333333333333333,0.3333333333333333,0,10,5.0,0,0,0,554,
1005,9529,21,9477,1898,1898,Answer: 1900-1900,1900,1900,-0.3333333333333333,0.3333333333333333,2,2,2.0,0,0,0,656,
1006,1349,1,129,1920,,Answer: 1790-2024,1790,2024,0.0,0.0,130,,,0,0,0,654,
1007,10592,22,9695,2006,2006,Answer: ####-####,,,0.0,0.0,,,,0,0,0,688,
1008,5843,17,5844,1973,1973,Answer: ####-####,,,0.0,0.0,,,,0,0,0,667,
1009,12430,22,9695,1979,1985,Answer: ####-####,,,0.0,0.0,,,,0,0,0,692,
1010,12230,22,10018,2009,2009,Answer: 2005-2007,2005,2007,-0.2,0.2,4,2,3.0,0,0,0,682,
1011,4482,14,3869,1832,1834,Answer: 1832-1834,1832,1834,1.0,1.0,0,0,0.0,0,0,0,730,
1012,11504,22,9576,2002,2002,Answer: 2003-2004,2003,2004,0.0,0.3333333333333333,1,2,1.5,0,0,0,690,
1013,8907,20,9274,1999,1999,Answer: 1993-2000,1993,2000,0.125,0.125,6,1,3.5,0,0,0,714,
1014,11351,22,11352,2002,2007,Answer: 2001-2004,2001,2004,0.42857142857142855,0.42857142857142855,1,3,2.0,0,0,0,668,
1015,10175,22,9610,1999,1999,Answer: 1999-2000,1999,2000,0.5,0.5,0,1,0.5,0,0,0,744,
1016,7378,20,9256,2006,2006,Answer: 2006-2006,2006,2006,1.0,1.0,0,0,0.0,0,0,0,692,
1017,11846,22,11135,1999,2001,Answer: 2007-2008,2007,2008,-0.5,0.1,8,7,7.5,0,0,0,690,
1018,10496,22,10497,2002,2003,Answer: 1988-1988,1988,1988,-0.8125,0.0625,14,15,14.5,0,0,0,706,
1019,9935,22,9938,2009,2009,Answer: 2007-2008,2007,2008,0.0,0.3333333333333333,2,1,1.5,0,0,0,744,
1020,8197,20,5762,1961,1961,Answer: 1950-1979,1950,1979,0.03333333333333333,0.03333333333333333,11,18,14.5,0,0,0,694,
1021,11811,22,10101,1995,1996,Answer: ####-####,,,0.0,0.0,,,,0,0,0,690,
1022,3231,17,7514,2014,2014,Answer: 2000-2018,2000,2018,0.05263157894736842,0.05263157894736842,14,4,9.0,0,0,0,669,
1023,9398,20,7803,2007,2007,Answer: 2007-2007,2007,2007,1.0,1.0,0,0,0.0,0,0,0,744,
1024,12436,22,11427,2000,2001,Answer: 2007-2007,2007,2007,-0.625,0.125,7,6,6.5,0,0,0,758,
1025,5730,17,8608,1986,1986,Answer: 1986-1986,1986,1986,1.0,1.0,0,0,0.0,0,0,0,701,
1026,11685,22,10776,2015,2016,Answer: 2017-2018,2017,2018,0.0,0.25,2,2,2.0,0,0,0,680,
1027,4216,14,4127,1987,1989,Answer: ####-####,,,0.0,0.0,,,,0,0,0,527,
1028,4888,14,3437,1970,2010,Answer: 1970-2010,1970,2010,1.0,1.0,0,0,0.0,0,0,0,531,
1029,8126,17,7096,1977,1977,Answer: 1960-2004,1960,2004,0.022222222222222223,0.022222222222222223,17,27,22.0,0,0,0,715,
1030,7798,17,7092,2010,2010,Answer: 2010-2010,2010,2010,1.0,1.0,0,0,0.0,0,0,0,683,
1031,9542,22,2999,2011,2012,Answer: 2011-2012,2011,2012,1.0,1.0,0,0,0.0,0,0,0,692,
1032,10620,22,10490,2004,2005,Answer: 2003-2005,2003,2005,0.6666666666666666,0.6666666666666666,1,0,0.5,0,0,0,708,
1033,5497,22,9723,1999,2020,Answer: 2005-2006,2005,2006,0.09090909090909091,0.09090909090909091,6,14,10.0,0,0,0,698,
1034,10861,22,10862,1996,2002,Answer: 1997-2001,1997,2001,0.7142857142857143,0.7142857142857143,1,1,1.0,0,0,0,706,
1035,10791,22,10480,2013,2015,Answer: 2012-2014,2012,2014,0.5,0.5,1,1,1.0,0,0,0,660,
1036,9571,22,9546,2002,2003,Answer: 2002-2003,2002,2003,1.0,1.0,0,0,0.0,0,0,0,676,
1037,7893,20,6706,1920,1920,Answer: 1929-1929,1929,1929,-0.8,0.1,9,9,9.0,0,0,0,728,
1038,11573,22,10169,2009,2009,Answer: 2009-2009,2009,2009,1.0,1.0,0,0,0.0,0,0,0,672,
1039,9844,22,9849,2010,2014,Answer: 2010-2013,2010,2013,0.8,0.8,0,1,0.5,0,0,0,746,
1040,11731,22,10165,2003,2005,Answer: 2004-2006,2004,2006,0.5,0.5,1,1,1.0,0,0,0,678,
1041,9480,21,9481,2013,2014,Answer: 2009-2009,2009,2009,-0.5,0.16666666666666666,4,5,4.5,0,0,0,700,
1042,7547,20,6667,1985,1985,Answer: 1983-1990,1983,1990,0.125,0.125,2,5,3.5,0,0,0,740,
1043,3740,14,3742,1963,1969,Answer: 1951-1953,1951,1953,-0.47368421052631576,0.05263157894736842,12,16,14.0,0,0,0,712,
1044,11552,22,11553,2001,2001,Answer: ####-####,,,0.0,0.0,,,,0,0,0,700,
1045,11775,22,11003,2009,2011,Answer: 2003-2005,2003,2005,-0.3333333333333333,0.1111111111111111,6,6,6.0,0,0,0,694,
1046,7869,17,6366,2006,2006,Answer: ####-####,,,0.0,0.0,,,,0,0,0,563,
1047,11158,22,11159,2008,2009,Answer: ####-####,,,0.0,0.0,,,,0,0,0,700,
1048,2418,20,5762,1966,1966,Answer: ####-####,,,0.0,0.0,,,,0,0,0,696,
1049,11755,22,10385,1983,1983,Answer: 1970-1972,1970,1972,-0.7142857142857143,0.07142857142857142,13,11,12.0,0,0,0,744,
1050,5714,17,6962,1976,1976,Answer: ####-####,,,0.0,0.0,,,,0,0,0,671,
1051,3175,14,4053,1987,1990,Answer: 1984-1987,1984,1987,0.14285714285714285,0.14285714285714285,3,3,3.0,0,0,0,548,
1052,1236,1,129,1920,,Answer: 1790-2024,1790,2024,0.0,0.0,130,,,0,0,0,702,
1053,11873,22,11317,2014,2015,Answer: 2007-2010,2007,2010,-0.3333333333333333,0.1111111111111111,7,5,6.0,0,0,0,680,
1054,8615,20,8616,1992,1992,Answer: 1986-1995,1986,1995,0.1,0.1,6,3,4.5,0,0,0,728,
1055,4827,14,3583,2010,2011,Answer: 2010-2013,2010,2013,0.5,0.5,0,2,1.0,0,0,0,720,
1056,10788,22,9939,2007,2010,Answer: 2009-2011,2009,2011,0.4,0.4,2,1,1.5,0,0,0,694,
1057,4652,17,6921,1998,1998,Answer: ####-####,,,0.0,0.0,,,,0,0,0,681,
1058,7372,20,7092,1960,1960,Answer: 1986-1986,1986,1986,-0.9259259259259259,0.037037037037037035,26,26,26.0,0,0,0,684,
1059,10267,22,10270,2014,2014,Answer: ####-####,,,0.0,0.0,,,,0,0,0,716,
1060,1585,1,948,1968,,Answer: ####-####,,,0.0,0.0,,,,0,0,0,699,
1061,11314,22,10069,2003,2004,Answer: 2002-2005,2002,2005,0.5,0.5,1,1,1.0,0,0,0,696,
1062,1885,17,7092,1979,1979,Answer: 1979-1979,1979,1979,1.0,1.0,0,0,0.0,0,0,0,693,
1063,5424,17,5813,1981,1981,Answer: ####-####,,,0.0,0.0,,,,0,0,0,717,
1064,8323,20,8115,1957,1957,Answer: 1957-1957,1957,1957,1.0,1.0,0,0,0.0,0,0,0,756,
1065,11038,22,9942,2009,2013,Answer: 2014-2016,2014,2016,0.0,0.125,5,3,4.0,0,0,0,700,
1066,7154,20,7092,1960,1960,Answer: 1957-1957,1957,1957,-0.5,0.25,3,3,3.0,0,0,0,692,
1067,9607,22,9608,2010,2011,Answer: 2010-2011,2010,2011,1.0,1.0,0,0,0.0,0,0,0,690,
1068,12025,22,9659,2005,2005,Answer: 2013-2015,2013,2015,-0.6363636363636364,0.09090909090909091,8,10,9.0,0,0,0,678,
1069,11131,22,9646,2002,2003,Answer: 2002-2002,2002,2002,0.5,0.5,0,1,0.5,0,0,0,744,
1070,12006,22,9716,2007,2011,Answer: 2010-2011,2010,2011,0.4,0.4,3,0,1.5,0,0,0,716,
1071,3554,14,3546,1979,1987,Answer: 1979-1987,1979,1987,1.0,1.0,0,0,0.0,0,0,0,750,
1072,11745,22,5651,2005,2005,Answer: 2001-2003,2001,2003,-0.2,0.2,4,2,3.0,0,0,0,682,
1073,3549,14,3458,2001,2005,Answer: 2001-2005,2001,2005,1.0,1.0,0,0,0.0,0,0,0,580,
1074,6748,20,6038,2005,2005,Answer: ####-####,,,0.0,0.0,,,,0,0,0,706,
1075,5619,17,5611,1997,1997,Answer: 1990-1997,1990,1997,0.125,0.125,7,0,3.5,0,0,0,409,
1076,10503,22,9624,2008,2008,Answer: 2006-2007,2006,2007,0.0,0.3333333333333333,2,1,1.5,0,0,0,682,
1077,2358,17,6098,2001,2001,Answer: 2018-2018,2018,2018,-0.8888888888888888,0.05555555555555555,17,17,17.0,0,0,0,697,
1078,4701,14,4699,1960,1962,Answer: 1967-1970,1967,1970,-0.36363636363636365,0.09090909090909091,7,8,7.5,0,0,0,602,
1079,5667,20,6963,1989,1989,Answer: ####-####,,,0.0,0.0,,,,0,0,0,714,
1080,1287,1,1210,1871,1920,Answer: 1940-1945,1940,1945,-0.25333333333333335,0.013333333333333334,69,25,47.0,0,0,0,705,
1081,11532,22,9837,2010,2011,Answer: 2013-2014,2013,2014,-0.2,0.2,3,3,3.0,0,0,0,698,
1082,10164,22,10115,2013,2013,Answer: 2013-2015,2013,2015,0.3333333333333333,0.3333333333333333,0,2,1.0,0,0,0,678,
1083,10461,22,9673,1978,1986,Answer: 1971-1972,1971,1972,-0.3125,0.0625,7,14,10.5,0,0,0,686,
1084,7138,17,5868,1982,1982,Answer: 1966-1966,1966,1966,-0.8823529411764706,0.058823529411764705,16,16,16.0,0,0,0,679,
1085,7552,17,7551,2013,2013,Answer: 2014-2018,2014,2018,0.0,0.16666666666666666,1,5,3.0,0,0,0,721,
1086,4086,14,3431,2007,2009,Answer: ####-####,,,0.0,0.0,,,,0,0,0,720,
1087,5685,22,5655,1943,1959,Answer: 1941-1959,1941,1959,0.8947368421052632,0.8947368421052632,2,0,1.0,0,0,0,664,
1088,10120,22,10123,2013,,Answer: 2011-2014,2011,2014,0.0,0.0,2,,,0,0,0,684,
1089,2445,17,8233,2000,2000,Answer: 2000-2000,2000,2000,1.0,1.0,0,0,0.0,0,0,0,721,
1090,10806,22,10809,2010,2010,Answer: 2005-2006,2005,2006,-0.5,0.16666666666666666,5,4,4.5,0,0,0,696,
1091,11123,22,9761,2011,2012,Answer: ####-####,,,0.0,0.0,,,,0,0,0,688,
1092,2126,6,2036,1919,1919,Answer: 1919-1919,1919,1919,1.0,1.0,0,0,0.0,0,0,0,672,
1093,10964,22,9856,2001,2001,Answer: ####-####,,,0.0,0.0,,,,0,0,0,682,
1094,11391,22,10388,2007,2010,Answer: 2007-2009,2007,2009,0.75,0.75,0,1,0.5,0,0,0,690,
1095,2309,17,7096,1970,1970,Answer: ####-####,,,0.0,0.0,,,,0,0,0,715,
1096,12294,22,9756,1999,2000,Answer: ####-####,,,0.0,0.0,,,,0,0,0,670,
1097,3845,14,3496,1837,1843,Answer: 1807-1809,1807,1809,-0.7297297297297297,0.02702702702702703,30,34,32.0,0,0,0,556,
1098,12134,22,10027,2001,2004,Answer: ####-####,,,0.0,0.0,,,,0,0,0,700,
1099,9195,20,6012,1901,1901,Answer: ####-####,,,0.0,0.0,,,,0,0,0,684,
1100,7043,17,7044,2006,2006,Answer: ####-####,,,0.0,0.0,,,,0,0,0,729,
1101,3093,17,5947,1953,1953,Answer: ####-####,,,0.0,0.0,,,,0,0,0,703,
1102,6053,17,8096,2003,2003,Answer: 1985-2009,1985,2009,0.04,0.04,18,6,12.0,0,0,0,741,
1103,12298,22,9602,2010,2010,Answer: 2014-2014,2014,2014,-0.6,0.2,4,4,4.0,0,0,0,696,
1104,2765,15,4969,1960,,Answer: 1960-1960,1960,1960,0.0,0.0,0,,,0,0,0,708,
1105,55,6,26,2014,,Answer: 2014-2024,2014,2024,0.0,0.0,0,,,0,0,0,370,
1106,5962,17,5967,1997,1997,Answer: 1990-2004,1990,2004,0.06666666666666667,0.06666666666666667,7,7,7.0,0,0,0,739,
1107,11685,22,10035,2005,2007,Answer: 2005-2007,2005,2007,1.0,1.0,0,0,0.0,0,0,0,734,
1108,8438,20,6780,1927,1927,Answer: 1901-1938,1901,1938,0.02631578947368421,0.02631578947368421,26,11,18.5,0,0,0,694,
1109,1941,6,2044,1918,1940,Answer: 1918-1940,1918,1940,1.0,1.0,0,0,0.0,0,0,0,668,
1110,11233,22,10457,1934,1935,Answer: ####-####,,,0.0,0.0,,,,0,0,0,676,
1111,11949,22,10896,2011,2012,Answer: ####-####,,,0.0,0.0,,,,0,0,0,690,
1112,2729,10,2989,1968,1974,Answer: ####-####,,,0.0,0.0,,,,0,0,0,709,
1113,12369,22,9546,1992,1996,Answer: 1988-1990,1988,1990,-0.1111111111111111,0.1111111111111111,4,6,5.0,0,0,0,678,
1114,11675,22,9568,2005,2005,Answer: 2005-2005,2005,2005,1.0,1.0,0,0,0.0,0,0,0,742,
1115,7884,17,7885,1951,1951,Answer: 1952-1952,1952,1952,0.0,0.5,1,1,1.0,0,0,0,737,
1116,10312,22,10314,2008,2009,Answer: 2015-2017,2015,2017,-0.5,0.1,7,8,7.5,0,0,0,692,
1117,11654,22,10380,2009,2011,Answer: 2008-2011,2008,2011,0.75,0.75,1,0,0.5,0,0,0,678,
1118,3144,17,6601,1944,1944,Answer: 1941-1945,1941,1945,0.2,0.2,3,1,2.0,0,0,0,683,
1119,10725,22,9660,1998,1999,Answer: 2016-2017,2016,2017,-0.8,0.05,18,18,18.0,0,0,0,692,
1120,12374,22,10342,2007,2013,Answer: ####-####,,,0.0,0.0,,,,0,0,0,672,
1121,7829,20,6823,2010,2010,Answer: 2001-2011,2001,2011,0.09090909090909091,0.09090909090909091,9,1,5.0,0,0,0,702,
1122,10847,22,10849,2014,2015,Answer: 2013-2014,2013,2014,0.3333333333333333,0.3333333333333333,1,1,1.0,0,0,0,670,
1123,2402,20,7473,1989,1989,Answer: 1975-2000,1975,2000,0.038461538461538464,0.038461538461538464,14,11,12.5,0,0,0,726,
1124,8568,20,6086,1992,1992,Answer: 1990-2020,1990,2020,0.03225806451612903,0.03225806451612903,2,28,15.0,0,0,0,670,
1125,10955,22,9993,2005,2007,Answer: 2006-2007,2006,2007,0.6666666666666666,0.6666666666666666,1,0,0.5,0,0,0,684,
1126,1355,1,953,1920,,Answer: 1790-2024,1790,2024,0.0,0.0,130,,,0,0,0,681,
1127,12421,22,10442,2003,2003,Answer: ####-####,,,0.0,0.0,,,,0,0,0,684,
1128,7552,20,7551,2013,2013,Answer: ####-####,,,0.0,0.0,,,,0,0,0,720,
1129,11490,22,9990,1996,2003,Answer: 1996-2003,1996,2003,1.0,1.0,0,0,0.0,0,0,0,678,
1130,6796,20,6802,2003,2003,Answer: 2004-2004,2004,2004,0.0,0.5,1,1,1.0,0,0,0,716,
1131,11483,22,9759,2008,,Answer: 2007-2014,2007,2014,0.0,0.0,1,,,0,0,0,666,
1132,4803,14,3437,1992,,Answer: 1992-2024,1992,2024,0.0,0.0,0,,,0,0,0,531,
1133,3011,10,3012,1920,1925,Answer: 1915-1922,1915,1922,0.2727272727272727,0.2727272727272727,5,3,4.0,0,0,0,735,
1134,6499,20,7150,1997,1997,Answer: 1997-1997,1997,1997,1.0,1.0,0,0,0.0,0,0,0,700,
1135,3540,14,3452,1976,1977,Answer: 1977-1979,1977,1979,0.25,0.25,1,2,1.5,0,0,0,712,
1136,12237,22,10285,2008,2009,Answer: 2005-2007,2005,2007,0.0,0.2,3,2,2.5,0,0,0,680,
1137,12389,22,9933,2005,2005,Answer: 1993-1999,1993,1999,-0.38461538461538464,0.07692307692307693,12,6,9.0,0,0,0,692,
1138,12415,22,11586,1962,1968,Answer: ####-####,,,0.0,0.0,,,,0,0,0,718,
1139,11076,22,10633,2000,2000,Answer: 1998-2000,1998,2000,0.3333333333333333,0.3333333333333333,2,0,1.0,0,0,0,732,
1140,11632,22,11366,2013,2013,Answer: 2013-2013,2013,2013,1.0,1.0,0,0,0.0,0,0,0,670,
1141,3809,14,3811,1892,1893,Answer: 1870-1880,1870,1880,-0.4583333333333333,0.041666666666666664,22,13,17.5,0,0,0,595,
1142,9616,22,9617,1975,1979,Answer: 1974-1983,1974,1983,0.5,0.5,1,4,2.5,0,0,0,676,
1143,264,15,4971,2016,,Answer: 2016-2016,2016,2016,0.0,0.0,0,,,0,0,0,526,
1144,4926,14,3437,1983,2005,Answer: 1974-2005,1974,2005,0.71875,0.71875,9,0,4.5,0,0,0,529,
1145,7986,20,8805,2011,2011,Answer: 2009-####,2009,2009,-0.3333333333333333,0.3333333333333333,2,2,2.0,0,0,0,706,
1146,6879,17,6068,1938,1938,Answer: 1938-1938,1938,1938,1.0,1.0,0,0,0.0,0,0,0,665,
1147,8222,20,7995,2008,2008,Answer: 2008-2008,2008,2008,1.0,1.0,0,0,0.0,0,0,0,710,
1148,9108,17,9112,2003,2003,Answer: ####-####,,,0.0,0.0,,,,0,0,0,727,
1149,8790,20,6780,1954,1954,Answer: ####-####,,,0.0,0.0,,,,0,0,0,692,
1150,7520,20,6869,1953,1953,Answer: 1954-1954,1954,1954,0.0,0.5,1,1,1.0,0,0,0,690,
1151,11640,22,10599,2009,2009,Answer: 2022-2022,2022,2022,-0.8571428571428571,0.07142857142857142,13,13,13.0,0,0,0,686,
1152,4904,14,3552,1998,2003,Answer: 1998-2002,1998,2002,0.8333333333333334,0.8333333333333334,0,1,0.5,0,0,0,616,
1153,8590,20,7092,1935,1935,Answer: ####-####,,,0.0,0.0,,,,0,0,0,698,
1154,7352,20,5722,2009,2009,Answer: 2010-2010,2010,2010,0.0,0.5,1,1,1.0,0,0,0,726,
1155,10489,22,10198,2008,2012,Answer: 2007-2015,2007,2015,0.5555555555555556,0.5555555555555556,1,3,2.0,0,0,0,718,
1156,8035,17,6256,1994,1994,Answer: ####-####,,,0.0,0.0,,,,0,0,0,680,
1157,6402,17,6008,2007,2007,Answer: ####-####,,,0.0,0.0,,,,0,0,0,679,
1158,8940,20,6706,1932,1932,Answer: 1934-1934,1934,1934,-0.3333333333333333,0.3333333333333333,2,2,2.0,0,0,0,720,
1159,11615,22,10297,2013,2014,Answer: 2017-2018,2017,2018,-0.3333333333333333,0.16666666666666666,4,4,4.0,0,0,0,684,
1160,1975,5,1958,1995,,Answer: ####-####,,,0.0,0.0,,,,0,0,0,664,
1161,11765,22,9728,2002,2004,Answer: 2000-2002,2000,2002,0.2,0.2,2,2,2.0,0,0,0,730,
1162,9860,22,5648,2009,2010,Answer: 2009-2011,2009,2011,0.6666666666666666,0.6666666666666666,0,1,0.5,0,0,0,686,
1163,8587,20,6805,2002,2002,Answer: 1998-2016,1998,2016,0.05263157894736842,0.05263157894736842,4,14,9.0,0,0,0,690,
1164,4550,14,4091,,1977,Answer: 1960-1976,1960,1976,0.0,0.0,,1,,0,0,0,586,
1165,915,1,591,1954,,Answer: ####-####,,,0.0,0.0,,,,0,0,0,705,
1166,2448,20,7926,2012,2012,Answer: ####-####,,,0.0,0.0,,,,0,0,0,746,
1167,11775,22,10300,1997,2002,Answer: ####-####,,,0.0,0.0,,,,0,0,0,696,
1168,8708,17,5949,1945,1945,Answer: 1972-1972,1972,1972,-0.9285714285714286,0.03571428571428571,27,27,27.0,0,0,0,695,
1169,829,15,4987,2009,,Answer: 2009-2009,2009,2009,0.0,0.0,0,,,0,0,0,534,
1170,1334,1,129,1790,1871,Answer: 1790-2024,1790,2024,0.34893617021276596,0.34893617021276596,0,153,76.5,0,0,0,685,
1171,6289,20,7536,1981,1981,Answer: ####-####,,,0.0,0.0,,,,0,0,0,738,
1172,11947,22,10442,2001,2003,Answer: 2007-2011,2007,2011,-0.2727272727272727,0.09090909090909091,6,8,7.0,0,0,0,678,
1173,2026,6,2031,1939,1944,Answer: 1939-1945,1939,1945,0.8571428571428571,0.8571428571428571,0,1,0.5,0,0,0,658,
1174,3210,12,2128,1987,1992,Answer: 1987-1992,1987,1992,1.0,1.0,0,0,0.0,0,0,0,735,
1175,11626,22,9939,1994,1998,Answer: 1995-1998,1995,1998,0.8,0.8,1,0,0.5,0,0,0,686,
1176,12252,22,10064,2001,2003,Answer: 2010-2011,2010,2011,-0.5454545454545454,0.09090909090909091,9,8,8.5,0,0,0,682,
1177,7712,17,5825,2014,2014,Answer: ####-####,,,0.0,0.0,,,,0,0,0,707,
1178,1947,5,724,1975,,Answer: ####-####,,,0.0,0.0,,,,0,0,0,702,
1179,9935,22,9601,2008,2009,Answer: 2008-2009,2008,2009,1.0,1.0,0,0,0.0,0,0,0,690,
1180,6255,20,5548,1989,1989,Answer: 1989-1989,1989,1989,1.0,1.0,0,0,0.0,0,0,0,704,
1181,791,1,444,2005,,Answer: 1946-2024,1946,2024,0.0,0.0,59,,,0,0,0,711,
1182,12281,22,9921,2010,2010,Answer: ####-####,,,0.0,0.0,,,,0,0,0,680,
1183,10503,22,9779,2001,2003,Answer: 1996-2001,1996,2001,0.125,0.125,5,2,3.5,0,0,0,680,
1184,2750,9,2492,1970,,Answer: 1963-1963,1963,1963,0.0,0.0,7,,,0,0,0,744,
1185,11479,22,9808,1998,2001,Answer: 1992-1994,1992,1994,-0.3,0.1,6,7,6.5,0,0,0,680,
1186,11472,22,10245,2005,2005,Answer: 2007-2007,2007,2007,-0.3333333333333333,0.3333333333333333,2,2,2.0,0,0,0,682,
1187,11795,22,9739,2004,2004,Answer: ####-####,,,0.0,0.0,,,,0,0,0,680,
1188,12331,22,10630,2005,2005,Answer: 2003-2004,2003,2004,0.0,0.3333333333333333,2,1,1.5,0,0,0,690,
1189,5500,17,5493,2002,2002,Answer: 1997-2002,1997,2002,0.16666666666666666,0.16666666666666666,5,0,2.5,0,0,0,655,
1190,11821,22,9919,2008,2014,Answer: ####-####,,,0.0,0.0,,,,0,0,0,676,
1191,11222,22,10257,2011,2011,Answer: 2019-2020,2019,2020,-0.7,0.1,8,9,8.5,0,0,0,692,
1192,11718,22,9931,2003,2006,Answer: 2011-2013,2011,2013,-0.36363636363636365,0.09090909090909091,8,7,7.5,0,0,0,688,
1193,12204,22,10545,2014,2014,Answer: 2010-2011,2010,2011,-0.4,0.2,4,3,3.5,0,0,0,680,
1194,10466,22,9744,1959,1974,Answer: 1974-1979,1974,1979,0.047619047619047616,0.047619047619047616,15,5,10.0,0,0,0,670,
1195,11947,22,11611,2013,2013,Answer: ####-####,,,0.0,0.0,,,,0,0,0,676,
1196,6567,22,10258,1963,1969,Answer: ####-####,,,0.0,0.0,,,,0,0,0,738,
1197,11314,22,10069,2000,2001,Answer: 2002-2005,2002,2005,0.0,0.16666666666666666,2,4,3.0,0,0,0,696,
1198,3994,14,3455,2015,2017,Answer: 2010-2015,2010,2015,0.125,0.125,5,2,3.5,0,0,0,578,
1199,4230,14,3704,2004,,Answer: 2004-2021,2004,2021,0.0,0.0,0,,,0,0,0,680,
1200,11186,22,10631,2004,2005,Answer: 2004-2005,2004,2005,1.0,1.0,0,0,0.0,0,0,0,736,
1201,10164,22,10165,2009,2010,Answer: 2013-2015,2013,2015,-0.2857142857142857,0.14285714285714285,4,5,4.5,0,0,0,666,
1202,9076,20,6764,1996,1996,Answer: 1993-2009,1993,2009,0.058823529411764705,0.058823529411764705,3,13,8.0,0,0,0,698,
1203,11621,22,10005,1985,1991,Answer: 1989-1992,1989,1992,0.375,0.375,4,1,2.5,0,0,0,726,
1204,11477,22,9579,1973,1977,Answer: 1967-1970,1967,1970,-0.18181818181818182,0.09090909090909091,6,7,6.5,0,0,0,670,
1205,12128,22,9796,2010,2011,Answer: ####-####,,,0.0,0.0,,,,0,0,0,696,
1206,1343,1,1210,1871,1920,Answer: 1871-1918,1871,1918,0.96,0.96,0,2,1.0,0,0,0,705,
1207,6663,17,6664,1999,1999,Answer: 1999-2003,1999,2003,0.2,0.2,0,4,2.0,0,0,0,694,
1208,5671,17,7862,1993,1993,Answer: 1993-2003,1993,2003,0.09090909090909091,0.09090909090909091,0,10,5.0,0,0,0,729,
1209,10993,22,5648,1986,1990,Answer: 1988-1995,1988,1995,0.3,0.3,2,5,3.5,0,0,0,700,
1210,3914,14,3496,1821,1823,Answer: 1815-1835,1815,1835,0.14285714285714285,0.14285714285714285,6,12,9.0,0,0,0,562,
1211,10182,22,10185,1999,2000,Answer: 2003-2004,2003,2004,-0.3333333333333333,0.16666666666666666,4,4,4.0,0,0,0,674,
1212,5840,20,5841,1976,1976,Answer: ####-####,,,0.0,0.0,,,,0,0,0,708,
1213,9616,22,9619,1979,1979,Answer: ####-####,,,0.0,0.0,,,,0,0,0,696,
1214,5596,16,5600,1999,1999,Answer: ####-####,,,0.0,0.0,,,,0,0,0,719,
1215,7505,17,7506,1999,1999,Answer: ####-####,,,0.0,0.0,,,,0,0,0,717,
1216,7886,20,8088,1995,1995,Answer: ####-####,,,0.0,0.0,,,,0,0,0,708,
1217,11526,22,10122,2012,2012,Answer: 2013-2013,2013,2013,0.0,0.5,1,1,1.0,0,0,0,694,
1218,11182,22,10301,2009,2010,Answer: 2009-2010,2009,2010,1.0,1.0,0,0,0.0,0,0,0,730,
1219,3061,17,7026,1965,1965,Answer: 1965-1965,1965,1965,1.0,1.0,0,0,0.0,0,0,0,675,
1220,11638,22,10168,2013,2013,Answer: 2011-2013,2011,2013,0.3333333333333333,0.3333333333333333,2,0,1.0,0,0,0,674,
1221,12080,22,10077,2010,2011,Answer: ####-####,,,0.0,0.0,,,,0,0,0,680,
1222,12088,22,11189,1985,1986,Answer: ####-####,,,0.0,0.0,,,,0,0,0,686,
1223,2634,20,5762,1965,1965,Answer: ####-####,,,0.0,0.0,,,,0,0,0,708,
1224,11244,22,10815,2006,2006,Answer: 2001-2008,2001,2008,0.125,0.125,5,2,3.5,0,0,0,714,
1225,12266,22,10639,2012,2013,Answer: 2013-2015,2013,2015,0.25,0.25,1,2,1.5,0,0,0,710,
1226,5727,17,6469,2003,2003,Answer: 2003-2003,2003,2003,1.0,1.0,0,0,0.0,0,0,0,739,
1227,4606,14,3456,2010,2015,Answer: 2005-2010,2005,2010,0.09090909090909091,0.09090909090909091,5,5,5.0,0,0,0,582,
1228,12360,22,9762,1984,1985,Answer: 1985-1987,1985,1987,0.25,0.25,1,2,1.5,0,0,0,686,
1229,12283,22,11273,2011,2013,Answer: 2007-2013,2007,2013,0.42857142857142855,0.42857142857142855,4,0,2.0,0,0,0,702,
1230,8258,20,6038,1996,1996,Answer: 1995-2005,1995,2005,0.09090909090909091,0.09090909090909091,1,9,5.0,0,0,0,716,
1231,7873,20,7400,1996,1996,Answer: 1976-2000,1976,2000,0.04,0.04,20,4,12.0,0,0,0,625,
1232,2,6,45,1991,,Answer: 1991-2024,1991,2024,0.0,0.0,0,,,0,0,0,668,
1233,4790,14,3458,2004,2005,Answer: 2004-2005,2004,2005,1.0,1.0,0,0,0.0,0,0,0,576,
1234,12044,22,10595,2007,2009,Answer: 1997-2000,1997,2000,-0.46153846153846156,0.07692307692307693,10,9,9.5,0,0,0,670,
1235,12481,22,11263,2010,2011,Answer: 2007-2008,2007,2008,-0.2,0.2,3,3,3.0,0,0,0,684,
1236,6137,20,7007,2009,2009,Answer: 2007-2014,2007,2014,0.125,0.125,2,5,3.5,0,0,0,714,
1237,8668,17,8517,1987,1987,Answer: ####-####,,,0.0,0.0,,,,0,0,0,691,
1238,11067,22,10342,2014,2014,Answer: ####-####,,,0.0,0.0,,,,0,0,0,694,
1239,3159,17,6011,1949,1949,Answer: 1941-1954,1941,1954,0.07142857142857142,0.07142857142857142,8,5,6.5,0,0,0,559,
1240,12086,22,10340,2010,2010,Answer: ####-####,,,0.0,0.0,,,,0,0,0,730,
1241,3020,10,2981,1925,1959,Answer: 1925-1959,1925,1959,1.0,1.0,0,0,0.0,0,0,0,685,
1242,8133,20,6678,2008,2008,Answer: 2007-2015,2007,2015,0.1111111111111111,0.1111111111111111,1,7,4.0,0,0,0,736,
1243,10586,22,9574,2012,2013,Answer: 2009-2010,2009,2010,-0.2,0.2,3,3,3.0,0,0,0,668,
1244,2771,17,6026,1999,1999,Answer: ####-####,,,0.0,0.0,,,,0,0,0,577,
1245,10964,22,9926,2006,2007,Answer: 2001-2006,2001,2006,0.14285714285714285,0.14285714285714285,5,1,3.0,0,0,0,696,
1246,3930,14,3431,1986,1986,Answer: 1958-1967,1958,1967,-0.6206896551724138,0.034482758620689655,28,19,23.5,0,0,0,720,
1247,7612,17,5836,1983,1983,Answer: 1959-1985,1959,1985,0.037037037037037035,0.037037037037037035,24,2,13.0,0,0,0,701,
1248,2511,9,2517,1886,,Answer: ####-####,,,0.0,0.0,,,,0,0,0,632,
1249,11434,22,10247,2002,2004,Answer: 1999-2004,1999,2004,0.5,0.5,3,0,1.5,0,0,0,736,
1250,1183,1,953,1790,1871,Answer: 1790-2024,1790,2024,0.34893617021276596,0.34893617021276596,0,153,76.5,0,0,0,687,
1251,7692,17,6430,2009,2009,Answer: ####-####,,,0.0,0.0,,,,0,0,0,693,
1252,11667,22,10824,2012,2013,Answer: 2013-2014,2013,2014,0.3333333333333333,0.3333333333333333,1,1,1.0,0,0,0,690,
1253,12480,22,9878,1996,1996,Answer: ####-####,,,0.0,0.0,,,,0,0,0,686,
1254,3166,17,5950,1984,1984,Answer: 1980-1980,1980,1980,-0.6,0.2,4,4,4.0,0,0,0,717,
1255,1591,1,535,,2015,Answer: 1969-2014,1969,2014,0.0,0.0,,1,,0,0,0,735,
1256,8011,20,9321,2001,2001,Answer: 1998-2009,1998,2009,0.08333333333333333,0.08333333333333333,3,8,5.5,0,0,0,728,
1257,11028,22,11029,1995,1995,Answer: 2001-2002,2001,2002,-0.625,0.125,6,7,6.5,0,0,0,688,
1258,2767,9,2490,1958,,Answer: 1952-2011,1952,2011,0.0,0.0,6,,,0,0,0,720,
1259,10607,22,10228,1997,1998,Answer: 2001-2003,2001,2003,-0.2857142857142857,0.14285714285714285,4,5,4.5,0,0,0,704,
1260,11151,22,10151,2001,2004,Answer: 2000-2003,2000,2003,0.6,0.6,1,1,1.0,0,0,0,708,
1261,135,1,136,2016,,2016-2024,2016,2024,0.0,0.0,0,,,0,0,0,703,
1262,7239,17,6302,2015,2015,Answer: ####-####,,,0.0,0.0,,,,0,0,0,585,
1263,3003,17,5875,2001,2001,Answer: 2001-2001,2001,2001,1.0,1.0,0,0,0.0,0,0,0,671,
1264,8258,20,8259,2003,2003,Answer: 1996-1999,1996,1999,-0.375,0.125,7,4,5.5,0,0,0,712,
1265,12477,22,10163,2010,2011,Answer: 2013-2014,2013,2014,-0.2,0.2,3,3,3.0,0,0,0,674,
1266,11648,22,10782,2001,2007,Answer: 2004-2005,2004,2005,0.2857142857142857,0.2857142857142857,3,2,2.5,0,0,0,698,
1267,7102,17,7104,1998,1998,Answer: 2002-2014,2002,2014,-0.17647058823529413,0.058823529411764705,4,16,10.0,0,0,0,704,
1268,5846,20,6665,2008,2008,Answer: 2000-2014,2000,2014,0.06666666666666667,0.06666666666666667,8,6,7.0,0,0,0,736,
1269,11423,22,9769,2005,2006,Answer: 2007-2010,2007,2010,0.0,0.16666666666666666,2,4,3.0,0,0,0,694,
1270,10772,22,10133,2012,2012,Answer: 2012-2013,2012,2013,0.5,0.5,0,1,0.5,0,0,0,692,
1271,11967,22,11767,1992,1993,Answer: 1987-1991,1987,1991,0.0,0.14285714285714285,5,2,3.5,0,0,0,676,
1272,11013,22,10433,2006,2007,Answer: ####-####,,,0.0,0.0,,,,0,0,0,676,
1273,12394,22,10127,1998,1998,Answer: ####-####,,,0.0,0.0,,,,0,0,0,702,
1274,11169,22,10405,2013,2013,Answer: ####-####,,,0.0,0.0,,,,0,0,0,724,
1275,12425,22,9979,2009,2009,Answer: ####-####,,,0.0,0.0,,,,0,0,0,692,
1276,8637,20,5923,1983,1983,Answer: 1974-1999,1974,1999,0.038461538461538464,0.038461538461538464,9,16,12.5,0,0,0,692,
1277,7339,17,7966,1974,1974,Answer: 1974-1974,1974,1974,1.0,1.0,0,0,0.0,0,0,0,743,
1278,11014,22,10981,2001,2004,Answer: ####-####,,,0.0,0.0,,,,0,0,0,670,
1279,4352,14,4353,2008,2013,Answer: 2001-2016,2001,2016,0.375,0.375,7,3,5.0,0,0,0,630,
1280,11187,22,10671,2006,2007,Answer: 2006-2009,2006,2009,0.5,0.5,0,2,1.0,0,0,0,692,
1281,11634,22,9775,1996,2000,Answer: 1995-2003,1995,2003,0.5555555555555556,0.5555555555555556,1,3,2.0,0,0,0,666,
1282,7446,20,6780,1922,1922,Answer: 1901-1938,1901,1938,0.02631578947368421,0.02631578947368421,21,16,18.5,0,0,0,742,
1283,12353,22,10997,2010,2011,Answer: 2006-2007,2006,2007,-0.3333333333333333,0.16666666666666666,4,4,4.0,0,0,0,724,
1284,11387,22,10652,2006,2012,Answer: 2012-2017,2012,2017,0.08333333333333333,0.08333333333333333,6,5,5.5,0,0,0,688,
1285,8673,20,6038,1982,1982,Answer: ####-####,,,0.0,0.0,,,,0,0,0,710,
1286,10985,22,10562,2005,2005,Answer: ####-####,,,0.0,0.0,,,,0,0,0,698,
1287,25,6,28,1917,1922,Answer: 1917-1991,1917,1991,0.08,0.08,0,69,34.5,0,0,0,712,
1288,5786,20,5774,2008,2008,Answer: ####-####,,,0.0,0.0,,,,0,0,0,710,
1289,10276,22,2157,2012,2013,Answer: ####-####,,,0.0,0.0,,,,0,0,0,684,
1290,7008,20,6780,1951,1951,Answer: 1952-1952,1952,1952,0.0,0.5,1,1,1.0,0,0,0,692,
1291,4715,14,3649,1984,1986,Answer: 1984-1986,1984,1986,1.0,1.0,0,0,0.0,0,0,0,694,
1292,588,6,592,1991,,Answer: 1991-2024,1991,2024,0.0,0.0,0,,,0,0,0,636,
1293,1592,6,2029,,1795,Answer: 1569-1795,1569,1795,0.0,0.0,,0,,0,0,0,680,
1294,11358,22,11018,1992,1993,Answer: ####-####,,,0.0,0.0,,,,0,0,0,670,
1295,6261,17,6409,2002,2002,Answer: ####-####,,,0.0,0.0,,,,0,0,0,695,
1296,10396,22,9557,2013,,Answer: 2013-2016,2013,2016,0.0,0.0,0,,,0,0,0,738,
1297,2716,17,5874,2014,2014,Answer: ####-####,,,0.0,0.0,,,,0,0,0,667,
1298,2822,20,6706,1907,1907,Answer: 1906-1906,1906,1906,0.0,0.5,1,1,1.0,0,0,0,736,
1299,5504,17,5678,2014,2014,Answer: 2011-2016,2011,2016,0.16666666666666666,0.16666666666666666,3,2,2.5,0,0,0,557,
1300,4036,14,3431,2007,2012,Answer: 2002-2012,2002,2012,0.5454545454545454,0.5454545454545454,5,0,2.5,0,0,0,730,
1301,2790,11,3110,2007,,Answer: 2005-2006,2005,2006,0.0,0.0,2,,,0,0,0,666,
1302,8385,23,3023,,1972,Answer: 1961-1965,1961,1965,0.0,0.0,,7,,0,0,0,680,
1303,11768,22,10811,2006,2006,Answer: ####-####,,,0.0,0.0,,,,0,0,0,690,
1304,12209,22,9547,2004,2004,Answer: 2003-2004,2003,2004,0.5,0.5,1,0,0.5,0,0,0,692,
1305,12192,22,5589,2008,2008,Answer: ####-####,,,0.0,0.0,,,,0,0,0,712,
1306,8060,17,6008,2006,2006,Answer: ####-####,,,0.0,0.0,,,,0,0,0,683,
1307,2910,17,6267,1960,1960,Answer: ####-####,,,0.0,0.0,,,,0,0,0,695,
1308,2786,9,2490,1962,,Answer: 1962-2024,1962,2024,0.0,0.0,0,,,0,0,0,724,
1309,11526,22,10233,2010,2011,Answer: 2010-2010,2010,2010,0.5,0.5,0,1,0.5,0,0,0,700,
1310,10861,22,10862,2009,2009,Answer: 1997-2001,1997,2001,-0.5384615384615384,0.07692307692307693,12,8,10.0,0,0,0,706,
1311,4935,14,3473,1997,2001,Answer: 1997-2001,1997,2001,1.0,1.0,0,0,0.0,0,0,0,574,
1312,2768,12,170,1955,1990,Answer: 1955-1955,1955,1955,0.027777777777777776,0.027777777777777776,0,35,17.5,0,0,0,673,
1313,11809,22,10018,2007,2008,Answer: 2007-2009,2007,2009,0.6666666666666666,0.6666666666666666,0,1,0.5,0,0,0,682,
1314,5427,17,6107,1993,1993,Answer: ####-####,,,0.0,0.0,,,,0,0,0,669,
1315,11069,22,9633,2005,2009,Answer: 2012-2014,2012,2014,-0.2,0.1,7,5,6.0,0,0,0,682,
1316,424,1,319,,2016,Answer: 1885-2016,1885,2016,0.0,0.0,,0,,0,0,0,679,
1317,12002,22,10625,1997,2000,Answer: 1998-2002,1998,2002,0.5,0.5,1,2,1.5,0,0,0,676,
1318,8011,20,8013,1999,1999,Answer: 1998-2009,1998,2009,0.08333333333333333,0.08333333333333333,1,10,5.5,0,0,0,710,
1319,11867,22,11096,2015,,Answer: 2003-2006,2003,2006,0.0,0.0,12,,,0,0,0,672,
1320,11475,22,11476,2007,2010,Answer: 2007-2008,2007,2008,0.5,0.5,0,2,1.0,0,0,0,738,
1321,10693,22,10047,2008,2009,Answer: 2010-2011,2010,2011,0.0,0.25,2,2,2.0,0,0,0,688,
1322,3093,23,12538,,1930,Answer: ####-####,,,0.0,0.0,,,,0,0,0,760,
1323,8502,17,7254,1989,1989,Answer: 1987-1987,1987,1987,-0.3333333333333333,0.3333333333333333,2,2,2.0,0,0,0,671,
1324,10103,22,9754,2007,2012,Answer: 2010-2013,2010,2013,0.42857142857142855,0.42857142857142855,3,1,2.0,0,0,0,688,
1325,3812,14,3431,1997,2002,Answer: 1973-2002,1973,2002,0.2,0.2,24,0,12.0,0,0,0,730,
1326,6053,17,8096,2008,2008,Answer: 1985-2009,1985,2009,0.04,0.04,23,1,12.0,0,0,0,741,
1327,8159,17,7510,2016,2016,Answer: ####-####,,,0.0,0.0,,,,0,0,0,683,
1328,9697,22,9698,2017,,Answer: 2006-2009,2006,2009,0.0,0.0,11,,,0,0,0,680,
1329,11728,22,5655,2014,2015,Answer: 2014-2015,2014,2015,1.0,1.0,0,0,0.0,0,0,0,668,
1330,2144,6,2087,1940,1944,Answer: 1000-1920,1000,1920,-0.020105820105820106,0.0010582010582010583,940,24,482.0,0,0,0,532,
1331,12437,22,9584,2009,2010,Answer: 2011-2012,2011,2012,0.0,0.25,2,2,2.0,0,0,0,716,
1332,11545,22,9589,2009,2012,Answer: 2007-2009,2007,2009,0.16666666666666666,0.16666666666666666,2,3,2.5,0,0,0,672,
1333,12087,22,9766,2005,2006,Answer: ####-####,,,0.0,0.0,,,,0,0,0,712,
1334,4885,14,3690,1840,1847,Answer: 1840-1847,1840,1847,1.0,1.0,0,0,0.0,0,0,0,550,
1335,11663,22,9967,2013,,Answer: 2013-2016,2013,2016,0.0,0.0,0,,,0,0,0,688,
1336,10164,22,10097,2007,2008,Answer: 2007-2008,2007,2008,1.0,1.0,0,0,0.0,0,0,0,738,
1337,1331,1,129,1920,,Answer: 1790-2024,1790,2024,0.0,0.0,130,,,0,0,0,681,
1338,10906,22,9586,2002,2002,Answer: 1997-2000,1997,2000,-0.16666666666666666,0.16666666666666666,5,2,3.5,0,0,0,730,
1339,12430,22,11004,1983,1989,Answer: 1983-1992,1983,1992,0.7,0.7,0,3,1.5,0,0,0,710,
1340,7853,17,5821,2012,2012,Answer: ####-####,,,0.0,0.0,,,,0,0,0,727,
1341,1877,20,5841,1973,1973,Answer: 1968-1973,1968,1973,0.16666666666666666,0.16666666666666666,5,0,2.5,0,0,0,722,
1342,1900,10,3043,1922,1953,Answer: 1890-1953,1890,1953,0.5,0.5,32,0,16.0,0,0,0,687,
1343,8674,17,8675,2002,2002,Answer: 2003-2003,2003,2003,0.0,0.5,1,1,1.0,0,0,0,735,
1344,0,1,1,1946,,Answer: 1946-2024,1946,2024,0.0,0.0,0,,,0,0,0,705,
1345,8073,17,6393,1987,1987,Answer: 1982-1989,1982,1989,0.125,0.125,5,2,3.5,0,0,0,737,
1346,8637,20,8638,1997,1997,Answer: 1991-2012,1991,2012,0.045454545454545456,0.045454545454545456,6,15,10.5,0,0,0,700,
1347,11954,22,9548,2008,2009,Answer: 2007-2011,2007,2011,0.4,0.4,1,2,1.5,0,0,0,674,
1348,8787,20,6392,1996,1996,Answer: 1995-2002,1995,2002,0.125,0.125,1,6,3.5,0,0,0,742,
1349,10584,22,10450,1992,1993,Answer: ####-####,,,0.0,0.0,,,,0,0,0,682,
1350,10379,22,9740,2007,2011,Answer: 2011-2014,2011,2014,0.125,0.125,4,3,3.5,0,0,0,680,
1351,4210,14,3457,2005,2010,Answer: 2019-2024,2019,2024,-0.4,0.05,14,14,14.0,0,0,0,590,
1352,10293,22,10015,2009,2011,Answer: 2013-2015,2013,2015,-0.14285714285714285,0.14285714285714285,4,4,4.0,0,0,0,686,
1353,8723,21,9443,1897,1897,Answer: 1897-1897,1897,1897,1.0,1.0,0,0,0.0,0,0,0,666,
1354,5846,17,5847,2007,2007,Answer: ####-####,,,0.0,0.0,,,,0,0,0,737,
1355,12130,22,10490,2006,2007,Answer: ####-####,,,0.0,0.0,,,,0,0,0,702,
1356,2633,17,6653,1963,1963,Answer: ####-####,,,0.0,0.0,,,,0,0,0,773,
1357,11779,22,11141,2005,2005,Answer: ####-####,,,0.0,0.0,,,,0,0,0,678,
1358,1086,1,1087,1962,1963,Answer: ####-####,,,0.0,0.0,,,,0,0,0,749,
1359,11633,22,9677,2016,,Answer: 2002-2006,2002,2006,0.0,0.0,14,,,0,0,0,672,
1360,10576,22,10173,1993,1994,Answer: ####-####,,,0.0,0.0,,,,0,0,0,708,
1361,6252,20,6253,1960,1960,Answer: 1960-1998,1960,1998,0.02564102564102564,0.02564102564102564,0,38,19.0,0,0,0,730,
1362,10259,22,10264,2014,2014,Answer: 2011-2011,2011,2011,-0.5,0.25,3,3,3.0,0,0,0,694,
1363,4784,14,3456,2012,2013,Answer: 2019-2024,2019,2024,-0.38461538461538464,0.07692307692307693,7,11,9.0,0,0,0,582,
1364,2573,9,2505,1966,,Answer: ####-####,,,0.0,0.0,,,,0,0,0,734,
1365,10794,22,10210,2005,2007,Answer: 2001-2002,2001,2002,-0.2857142857142857,0.14285714285714285,4,5,4.5,0,0,0,680,
1366,7515,20,7092,1931,1931,Answer: 1936-1936,1936,1936,-0.6666666666666666,0.16666666666666666,5,5,5.0,0,0,0,700,
1367,7368,17,8632,1975,1975,Answer: ####-####,,,0.0,0.0,,,,0,0,0,695,
1368,11026,22,10633,1998,1998,Answer: 1997-1999,1997,1999,0.3333333333333333,0.3333333333333333,1,1,1.0,0,0,0,728,
1369,2154,6,2155,1982,1982,Answer: 1975-1997,1975,1997,0.043478260869565216,0.043478260869565216,7,15,11.0,0,0,0,710,
1370,11494,22,11496,2016,,Answer: 2015-2015,2015,2015,0.0,0.0,1,,,0,0,0,684,
1371,9268,20,6706,1924,1924,Answer: ####-####,,,0.0,0.0,,,,0,0,0,722,
1372,9258,20,7092,1924,1924,Answer: ####-####,,,0.0,0.0,,,,0,0,0,688,
1373,12148,22,9736,2006,2006,Answer: 2010-2011,2010,2011,-0.5,0.16666666666666666,4,5,4.5,0,0,0,718,
1374,2186,14,3448,1972,1973,Answer: 1972-1982,1972,1982,0.18181818181818182,0.18181818181818182,0,9,4.5,0,0,0,698,
1375,4387,14,3458,2001,2005,Answer: 2001-2005,2001,2005,1.0,1.0,0,0,0.0,0,0,0,602,
1376,11365,22,10524,1942,1943,Answer: ####-####,,,0.0,0.0,,,,0,0,0,744,
1377,11390,22,9780,2006,2008,Answer: 2003-2005,2003,2005,0.0,0.16666666666666666,3,3,3.0,0,0,0,692,
1378,4926,14,3619,1987,1992,Answer: 1987-1992,1987,1992,1.0,1.0,0,0,0.0,0,0,0,734,
1379,10727,22,9614,1986,1989,Answer: 1986-1992,1986,1992,0.5714285714285714,0.5714285714285714,0,3,1.5,0,0,0,678,
1380,11080,22,9793,1996,1996,Answer: ####-####,,,0.0,0.0,,,,0,0,0,684,
1381,1149,1,953,1790,1871,Answer: 1790-2024,1790,2024,0.34893617021276596,0.34893617021276596,0,153,76.5,0,0,0,654,
1382,6726,17,6296,2013,2013,Answer: ####-####,,,0.0,0.0,,,,0,0,0,729,
1383,12276,22,11106,1969,1973,Answer: 1974-1976,1974,1976,0.0,0.125,5,3,4.0,0,0,0,682,
1384,11755,22,9791,1969,1971,Answer: 1971-1973,1971,1973,0.2,0.2,2,2,2.0,0,0,0,738,
1385,8749,17,5815,1946,1946,Answer: 1940-1949,1940,1949,0.1,0.1,6,3,4.5,0,0,0,693,
1386,9144,18,704,,2016,Answer: 1972-2015,1972,2015,0.0,0.0,,1,,0,0,0,701,
1387,12369,22,10639,1981,1987,Answer: 1985-1986,1985,1986,0.2857142857142857,0.2857142857142857,4,1,2.5,0,0,0,678,
1388,11575,22,10534,2007,2008,Answer: 2013-2014,2013,2014,-0.5,0.125,6,6,6.0,0,0,0,688,
1389,5766,16,5633,2013,2013,Answer: 2011-2015,2011,2015,0.2,0.2,2,2,2.0,0,0,0,707,
1390,9657,22,9659,2010,2010,Answer: 2007-2009,2007,2009,0.0,0.25,3,1,2.0,0,0,0,686,
1391,10468,22,9790,1991,1992,Answer: 1990-1992,1990,1992,0.6666666666666666,0.6666666666666666,1,0,0.5,0,0,0,718,
1392,9860,22,6517,2016,,Answer: 2016-2018,2016,2018,0.0,0.0,0,,,0,0,0,706,
1393,7003,17,6260,2010,2010,Answer: ####-####,,,0.0,0.0,,,,0,0,0,654,
1394,10180,22,9701,1991,1993,Answer: 1991-1993,1991,1993,1.0,1.0,0,0,0.0,0,0,0,688,
1395,10532,22,9562,1998,2004,Answer: 1998-2004,1998,2004,1.0,1.0,0,0,0.0,0,0,0,676,
1396,2662,9,2490,1985,,Answer: ####-####,,,0.0,0.0,,,,0,0,0,720,
1397,10506,22,10133,2010,2010,Answer: 2010-2012,2010,2012,0.3333333333333333,0.3333333333333333,0,2,1.0,0,0,0,696,
1398,12396,22,10185,2011,2012,Answer: ####-####,,,0.0,0.0,,,,0,0,0,680,
1399,6652,17,6653,1986,1986,Answer: ####-####,,,0.0,0.0,,,,0,0,0,759,
1400,7031,17,7036,1979,1979,Answer: 1980-2021,1980,2021,0.0,0.023255813953488372,1,42,21.5,0,0,0,556,
1401,4206,14,3707,2013,2015,Answer: 1987-1991,1987,1991,-0.7241379310344828,0.034482758620689655,26,24,25.0,0,0,0,576,
1402,2294,20,5722,1954,1954,Answer: 1955-1955,1955,1955,0.0,0.5,1,1,1.0,0,0,0,718,
1403,11803,22,5478,1999,2004,Answer: 1997-2000,1997,2000,0.25,0.25,2,4,3.0,0,0,0,674,
1404,11681,22,10938,2011,2011,Answer: ####-####,,,0.0,0.0,,,,0,0,0,690,
1405,8568,17,8570,2008,2008,Answer: 1990-2019,1990,2019,0.03333333333333333,0.03333333333333333,18,11,14.5,0,0,0,741,
1406,12184,22,10471,2001,2001,Answer: ####-####,,,0.0,0.0,,,,0,0,0,698,
1407,12037,22,10005,2005,2005,Answer: 2005-2008,2005,2008,0.25,0.25,0,3,1.5,0,0,0,742,
1408,11451,22,10543,2007,2007,Answer: 2006-2008,2006,2008,0.3333333333333333,0.3333333333333333,1,1,1.0,0,0,0,612,
1409,11382,22,10665,2012,2013,Answer: 2013-2014,2013,2014,0.3333333333333333,0.3333333333333333,1,1,1.0,0,0,0,680,
1410,12324,22,10600,2010,2010,Answer: 2008-2009,2008,2009,0.0,0.3333333333333333,2,1,1.5,0,0,0,694,
1411,2609,9,2610,1962,,Answer: 1962-2024,1962,2024,0.0,0.0,0,,,0,0,0,650,
1412,7252,17,7253,2016,2016,Answer: ####-####,,,0.0,0.0,,,,0,0,0,665,
1413,6796,20,6801,2014,2014,Answer: ####-####,,,0.0,0.0,,,,0,0,0,716,
1414,11038,22,9873,2012,2012,Answer: 2014-2015,2014,2015,-0.25,0.25,2,3,2.5,0,0,0,712,
1415,6340,20,5984,1997,1997,Answer: ####-####,,,0.0,0.0,,,,0,0,0,676,
1416,5162,15,5001,2002,2004,Answer: 1999-2004,1999,2004,0.5,0.5,3,0,1.5,0,0,0,595,
1417,11784,22,10328,2002,2012,Answer: 2001-2011,2001,2011,0.8333333333333334,0.8333333333333334,1,1,1.0,0,0,0,714,
1418,11956,22,9538,1969,1974,Answer: 1974-1982,1974,1982,0.07142857142857142,0.07142857142857142,5,8,6.5,0,0,0,732,
1419,1146,1,953,1920,,Answer: 1790-2024,1790,2024,0.0,0.0,130,,,0,0,0,683,
1420,798,1,1004,1944,1954,Answer: 1944-1954,1944,1954,1.0,1.0,0,0,0.0,0,0,0,731,
1421,11093,22,10805,2007,2007,Answer: ####-####,,,0.0,0.0,,,,0,0,0,676,
1422,5665,16,5671,1982,1982,Answer: 1987-1999,1987,1999,-0.2222222222222222,0.05555555555555555,5,17,11.0,0,0,0,703,
1423,11846,22,9998,2001,2003,Answer: 2004-2006,2004,2006,0.0,0.16666666666666666,3,3,3.0,0,0,0,674,
1424,3716,14,3717,1975,1982,Answer: 1975-1982,1975,1982,1.0,1.0,0,0,0.0,0,0,0,527,
1425,11779,22,10034,2010,2010,Answer: 2013-2013,2013,2013,-0.5,0.25,3,3,3.0,0,0,0,672,
1426,12085,22,9728,2007,2007,Answer: 2004-2007,2004,2007,0.25,0.25,3,0,1.5,0,0,0,736,
1427,11472,22,9791,2013,2013,Answer: 2007-2007,2007,2007,-0.7142857142857143,0.14285714285714285,6,6,6.0,0,0,0,710,
1428,7800,20,5983,1975,1975,Answer: ####-####,,,0.0,0.0,,,,0,0,0,694,
1429,8384,17,5916,1998,1998,Answer: ####-####,,,0.0,0.0,,,,0,0,0,691,
1430,6968,17,6850,1972,1972,Answer: 1971-1979,1971,1979,0.1111111111111111,0.1111111111111111,1,7,4.0,0,0,0,749,
1431,2804,9,2509,1974,1982,Answer: ####-1982,1982,1982,0.1111111111111111,0.1111111111111111,8,0,4.0,0,0,0,714,
1432,4649,17,6059,1966,1966,Answer: 1958-1969,1958,1969,0.08333333333333333,0.08333333333333333,8,3,5.5,0,0,0,679,
1433,11656,22,5469,1995,1996,Answer: ####-####,,,0.0,0.0,,,,0,0,0,672,
1434,1900,23,12538,1892,1892,Answer: ####-####,,,0.0,0.0,,,,0,0,0,732,
1435,10861,22,9993,2003,2004,Answer: 2007-2010,2007,2010,-0.25,0.125,4,6,5.0,0,0,0,680,
1436,4013,14,4127,1982,1987,Answer: ####-####,,,0.0,0.0,,,,0,0,0,529,
1437,11176,22,5588,2007,,Answer: 2005-2013,2005,2013,0.0,0.0,2,,,0,0,0,714,
1438,10099,22,10102,2014,2014,Answer: 2013-2014,2013,2014,0.5,0.5,1,0,0.5,0,0,0,664,
1439,7998,20,9317,2011,2011,Answer: 2011-2011,2011,2011,1.0,1.0,0,0,0.0,0,0,0,734,
1440,1325,1,129,1920,,Answer: 1790-2024,1790,2024,0.0,0.0,130,,,0,0,0,689,
1441,4045,14,3696,1998,2013,Answer: 1998-2013,1998,2013,1.0,1.0,0,0,0.0,0,0,0,552,
1442,115,9,2494,1967,,Answer: 1966-1966,1966,1966,0.0,0.0,1,,,0,0,0,738,
1443,1491,1,125,,1871,Answer: 1790-2024,1790,2024,0.0,0.0,,153,,0,0,0,693,
1444,11472,22,5651,2007,2010,Answer: 2006-2007,2006,2007,0.2,0.2,1,3,2.0,0,0,0,684,
1445,11192,22,5654,2007,2008,Answer: 2007-2009,2007,2009,0.6666666666666666,0.6666666666666666,0,1,0.5,0,0,0,670,
1446,12371,22,9756,1995,2000,Answer: 2000-2001,2000,2001,0.14285714285714285,0.14285714285714285,5,1,3.0,0,0,0,678,
1447,3766,14,3495,1841,1847,Answer: 1841-1847,1841,1847,1.0,1.0,0,0,0.0,0,0,0,696,
1448,4926,14,3518,2001,2003,Answer: 2001-2003,2001,2003,1.0,1.0,0,0,0.0,0,0,0,698,
1449,8892,20,5665,1986,1986,Answer: 1980-1999,1980,1999,0.05,0.05,6,13,9.5,0,0,0,706,
1450,2950,17,6412,1944,1944,Answer: ####-####,,,0.0,0.0,,,,0,0,0,701,
1451,8585,20,7092,1963,1963,Answer: 1995-1995,1995,1995,-0.9393939393939394,0.030303030303030304,32,32,32.0,0,0,0,694,
1452,11090,22,10637,2016,,Answer: 2003-2005,2003,2005,0.0,0.0,13,,,0,0,0,704,
1453,7570,17,6472,2000,2000,Answer: ####-####,,,0.0,0.0,,,,0,0,0,685,
1454,1525,1,885,1990,1991,Answer: 1936-1991,1936,1991,0.03571428571428571,0.03571428571428571,54,0,27.0,0,0,0,743,
1455,12269,22,5467,2002,2003,Answer: 2003-2004,2003,2004,0.3333333333333333,0.3333333333333333,1,1,1.0,0,0,0,592,
1456,9008,17,6514,1980,1980,Answer: 1980-1980,1980,1980,1.0,1.0,0,0,0.0,0,0,0,743,
1457,8763,20,5548,2004,2004,Answer: 2001-2001,2001,2001,-0.5,0.25,3,3,3.0,0,0,0,710,
1458,11205,22,10691,2006,2009,Answer: 2004-2007,2004,2007,0.3333333333333333,0.3333333333333333,2,2,2.0,0,0,0,676,
1459,5639,16,5641,2000,2000,Answer: ####-####,,,0.0,0.0,,,,0,0,0,721,
1460,11908,22,9587,1994,2001,Answer: 1993-2002,1993,2002,0.8,0.8,1,1,1.0,0,0,0,746,
1461,11827,22,10096,2011,2013,Answer: 2008-2011,2008,2011,0.16666666666666666,0.16666666666666666,3,2,2.5,0,0,0,738,
1462,6427,17,5915,1984,1984,Answer: ####-####,,,0.0,0.0,,,,0,0,0,565,
1463,7547,20,7637,1986,1986,Answer: 1983-1990,1983,1990,0.125,0.125,3,4,3.5,0,0,0,740,
1464,10985,22,10131,2006,2007,Answer: ####-####,,,0.0,0.0,,,,0,0,0,676,
1465,11622,22,9737,2000,2001,Answer: 2000-2002,2000,2002,0.6666666666666666,0.6666666666666666,0,1,0.5,0,0,0,682,
1466,11719,22,10351,2002,2004,Answer: ####-####,,,0.0,0.0,,,,0,0,0,700,
1467,5695,22,11081,1994,1996,Answer: 1992-1995,1992,1995,0.4,0.4,2,1,1.5,0,0,0,688,
1468,3547,14,3437,1965,1974,Answer: 1951-1974,1951,1974,0.4166666666666667,0.4166666666666667,14,0,7.0,0,0,0,537,
1469,1237,1,129,1920,,Answer: 1790-2024,1790,2024,0.0,0.0,130,,,0,0,0,679,
1470,8565,17,5836,2000,2000,Answer: 1989-1989,1989,1989,-0.8333333333333334,0.08333333333333333,11,11,11.0,0,0,0,691,
1471,8359,17,6706,1984,1984,Answer: 1984-1984,1984,1984,1.0,1.0,0,0,0.0,0,0,0,721,
1472,12041,22,11536,2006,2006,Answer: 2013-2013,2013,2013,-0.75,0.125,7,7,7.0,0,0,0,686,
1473,6971,20,5984,2001,2001,Answer: 1983-2015,1983,2015,0.030303030303030304,0.030303030303030304,18,14,16.0,0,0,0,678,
1474,11343,22,9758,2001,2007,Answer: ####-####,,,0.0,0.0,,,,0,0,0,686,
1475,12388,22,10142,1996,1997,Answer: 1994-1997,1994,1997,0.5,0.5,2,0,1.0,0,0,0,728,
1476,12166,22,9807,2016,,Answer: 2017-2020,2017,2020,0.0,0.0,1,,,0,0,0,688,
1477,8543,17,6465,1938,1938,Answer: 1937-1937,1937,1937,0.0,0.5,1,1,1.0,0,0,0,669,
1478,11284,22,10101,2004,2005,Answer: 2003-2005,2003,2005,0.6666666666666666,0.6666666666666666,1,0,0.5,0,0,0,688,
1479,12449,22,9560,1972,1973,Answer: 1964-1969,1964,1969,-0.2,0.1,8,4,6.0,0,0,0,676,
1480,10059,22,9873,2008,2011,Answer: 2015-2021,2015,2021,-0.21428571428571427,0.07142857142857142,7,10,8.5,0,0,0,712,
1481,10484,22,10030,1991,1998,Answer: 1991-1998,1991,1998,1.0,1.0,0,0,0.0,0,0,0,748,
1482,1481,1,126,1871,1920,Answer: ####-####,,,0.0,0.0,,,,0,0,0,699,
1483,6164,17,7168,2014,2014,Answer: 4-4,,,0.0,0.0,,,,0,0,0,685,
1484,7964,17,7780,2004,2004,Answer: 2004-2004,2004,2004,1.0,1.0,0,0,0.0,0,0,0,735,
1485,1166,1,953,1790,1871,Answer: 1790-2024,1790,2024,0.34893617021276596,0.34893617021276596,0,153,76.5,0,0,0,691,
1486,11635,22,10655,2008,2010,Answer: ####-####,,,0.0,0.0,,,,0,0,0,674,
1487,6464,17,6001,1982,1982,Answer: ####-####,,,0.0,0.0,,,,0,0,0,741,
1488,12440,22,10778,2010,2010,Answer: 2007-2009,2007,2009,0.0,0.25,3,1,2.0,0,0,0,700,
1489,2622,9,2482,1945,1996,Answer: ####-####,,,0.0,0.0,,,,0,0,0,726,
1490,11880,22,9866,1999,2000,Answer: 1997-1999,1997,1999,0.25,0.25,2,1,1.5,0,0,0,690,
1491,1586,15,4973,,2014,Answer: ####-####,,,0.0,0.0,,,,0,0,0,670,
1492,11076,22,10631,1997,1997,Answer: 1997-1998,1997,1998,0.5,0.5,0,1,0.5,0,0,0,732,
1493,7023,17,5833,1991,1991,Answer: 1996-1996,1996,1996,-0.6666666666666666,0.16666666666666666,5,5,5.0,0,0,0,583,
1494,12030,22,10959,2010,2010,Answer: ####-####,,,0.0,0.0,,,,0,0,0,597,
1495,10175,22,9762,1999,2000,Answer: 1999-2000,1999,2000,1.0,1.0,0,0,0.0,0,0,0,686,
1496,4935,14,3455,2015,2017,Answer: 2015-2017,2015,2017,1.0,1.0,0,0,0.0,0,0,0,574,
1497,11645,22,10048,2015,,Answer: 2017-2018,2017,2018,0.0,0.0,2,,,0,0,0,680,
1498,10352,22,10353,2005,2007,Answer: ####-####,,,0.0,0.0,,,,0,0,0,670,
1499,9726,22,9568,2015,,Answer: 2015-2020,2015,2020,0.0,0.0,0,,,0,0,0,726,
1500,11731,22,10890,2011,2012,Answer: ####-####,,,0.0,0.0,,,,0,0,0,710,
1501,8430,17,7905,1986,1986,Answer: ####-####,,,0.0,0.0,,,,0,0,0,687,
1502,7906,17,7912,2002,2002,Answer: 2000-2017,2000,2017,0.05555555555555555,0.05555555555555555,2,15,8.5,0,0,0,711,
1503,8011,20,9320,1999,1999,Answer: ####-####,,,0.0,0.0,,,,0,0,0,730,
1504,11670,22,2157,1959,1959,Answer: 1954-1955,1954,1955,-0.5,0.16666666666666666,5,4,4.5,0,0,0,542,
1505,11499,22,10787,1976,1977,Answer: 1983-1984,1983,1984,-0.5555555555555556,0.1111111111111111,7,7,7.0,0,0,0,678,
1506,11409,22,10339,2014,2014,Answer: ####-####,,,0.0,0.0,,,,0,0,0,710,
1507,7566,20,7609,1986,1986,Answer: 1985-1985,1985,1985,0.0,0.5,1,1,1.0,0,0,0,726,
1508,7053,20,7092,1964,1964,Answer: ####-####,,,0.0,0.0,,,,0,0,0,698,
1509,6390,20,9192,2014,2014,Answer: 2004-2006,2004,2006,-0.6363636363636364,0.09090909090909091,10,8,9.0,0,0,0,754,
1510,6053,17,6054,1990,1990,Answer: 1980-2009,1980,2009,0.03333333333333333,0.03333333333333333,10,19,14.5,0,0,0,741,
1511,9357,20,6012,1911,1911,Answer: 1901-1920,1901,1920,0.05,0.05,10,9,9.5,0,0,0,672,
1512,12287,22,9723,2006,2007,Answer: ####-####,,,0.0,0.0,,,,0,0,0,722,
1513,11864,22,10450,2000,2000,Answer: 1986-1989,1986,1989,-0.6666666666666666,0.06666666666666667,14,11,12.5,0,0,0,676,
1514,1185,1,953,1920,,Answer: 1790-2024,1790,2024,0.0,0.0,130,,,0,0,0,691,
1515,11090,22,9990,2011,2012,Answer: 2007-2011,2007,2011,0.16666666666666666,0.16666666666666666,4,1,2.5,0,0,0,676,
1516,11307,22,9630,1997,1999,Answer: 1997-1998,1997,1998,0.6666666666666666,0.6666666666666666,0,1,0.5,0,0,0,668,
1517,488,1,30,1851,1917,Answer: 1851-1917,1851,1917,1.0,1.0,0,0,0.0,0,0,0,717,
1518,4377,14,4011,1450,1457,Answer: 1450-1458,1450,1458,0.8888888888888888,0.8888888888888888,0,1,0.5,0,0,0,644,
1519,5501,22,10351,2015,2015,Answer: 1991-1992,1991,1992,-0.88,0.04,24,23,23.5,0,0,0,688,
1520,11163,22,9900,2013,2016,Answer: 2010-2012,2010,2012,0.0,0.14285714285714285,3,4,3.5,0,0,0,680,
1521,11925,22,11398,2004,2006,Answer: 2005-2006,2005,2006,0.6666666666666666,0.6666666666666666,1,0,0.5,0,0,0,688,
1522,11346,22,9756,1988,1998,Answer: 1988-1998,1988,1998,1.0,1.0,0,0,0.0,0,0,0,672,
1523,4789,14,3456,2010,2015,Answer: 2017-2019,2017,2019,-0.1,0.1,7,4,5.5,0,0,0,580,
1524,12055,22,9568,1960,1960,Answer: ####-####,,,0.0,0.0,,,,0,0,0,736,
1525,10860,22,9659,2002,2003,Answer: ####-####,,,0.0,0.0,,,,0,0,0,682,
1526,10137,22,9561,2013,2013,Answer: 2017-2018,2017,2018,-0.5,0.16666666666666666,4,5,4.5,0,0,0,668,
1527,11594,22,9728,2007,2010,Answer: 2007-2009,2007,2009,0.75,0.75,0,1,0.5,0,0,0,734,
1528,12456,22,9646,2006,2007,Answer: 2005-2006,2005,2006,0.3333333333333333,0.3333333333333333,1,1,1.0,0,0,0,746,
1529,6796,20,6801,2013,2013,Answer: ####-####,,,0.0,0.0,,,,0,0,0,716,
1530,5962,20,5970,1990,1990,Answer: 1990-2005,1990,2005,0.0625,0.0625,0,15,7.5,0,0,0,696,
1531,8469,20,5762,1961,1961,Answer: ####-####,,,0.0,0.0,,,,0,0,0,696,
1532,7497,20,6780,1932,1932,Answer: ####-####,,,0.0,0.0,,,,0,0,0,694,
1533,1588,6,45,1991,,Answer: 1991-2024,1991,2024,0.0,0.0,0,,,0,0,0,642,
1534,4050,14,4051,1846,1877,Answer: 1846-1903,1846,1903,0.5517241379310345,0.5517241379310345,0,26,13.0,0,0,0,664,
1535,9357,20,6012,1907,1907,Answer: 1901-1920,1901,1920,0.05,0.05,6,13,9.5,0,0,0,672,
1536,11411,22,10134,2008,2009,Answer: ####-####,,,0.0,0.0,,,,0,0,0,716,
1537,12011,22,9744,1971,1975,Answer: 1977-1979,1977,1979,-0.1111111111111111,0.1111111111111111,6,4,5.0,0,0,0,684,
1538,5720,17,7837,1992,1992,Answer: 1994-1994,1994,1994,-0.3333333333333333,0.3333333333333333,2,2,2.0,0,0,0,723,
1539,5767,17,6446,1988,1988,Answer: ####-####,,,0.0,0.0,,,,0,0,0,741,
1540,12110,22,9636,2005,2006,Answer: 2013-2013,2013,2013,-0.6666666666666666,0.1111111111111111,8,7,7.5,0,0,0,674,
1541,10203,22,9579,2015,,Answer: 2015-2021,2015,2021,0.0,0.0,0,,,0,0,0,664,
1542,11665,22,10926,2008,2014,Answer: ####-####,,,0.0,0.0,,,,0,0,0,676,
1543,1874,20,7092,1962,1962,Answer: 1968-1968,1968,1968,-0.7142857142857143,0.14285714285714285,6,6,6.0,0,0,0,700,
1544,1865,17,6706,1950,1950,Answer: 1950-1950,1950,1950,1.0,1.0,0,0,0.0,0,0,0,735,
1545,1159,1,953,1920,,Answer: 1790-2024,1790,2024,0.0,0.0,130,,,0,0,0,687,
1546,11720,22,9731,2010,2011,Answer: 2010-2011,2010,2011,1.0,1.0,0,0,0.0,0,0,0,596,
1547,6928,17,6008,1949,1949,Answer: 1937-1966,1937,1966,0.03333333333333333,0.03333333333333333,12,17,14.5,0,0,0,675,
1548,11531,22,10724,2004,2004,Answer: 2003-2004,2003,2004,0.5,0.5,1,0,0.5,0,0,0,728,
1549,1195,1,953,1790,1871,Answer: 1790-2024,1790,2024,0.34893617021276596,0.34893617021276596,0,153,76.5,0,0,0,669,
1550,7216,20,5921,1997,1997,Answer: ####-####,,,0.0,0.0,,,,0,0,0,714,
1551,12019,22,10719,2008,2008,Answer: 2004-2005,2004,2005,-0.4,0.2,4,3,3.5,0,0,0,692,
1552,12302,22,11714,2014,2015,Answer: 2019-2019,2019,2019,-0.5,0.16666666666666666,5,4,4.5,0,0,0,668,
1553,11642,22,10186,2014,,Answer: 2010-2013,2010,2013,0.0,0.0,4,,,0,0,0,684,
1554,11000,22,9546,2006,2007,Answer: 2007-2008,2007,2008,0.3333333333333333,0.3333333333333333,1,1,1.0,0,0,0,684,
1555,11305,22,10044,2000,2001,Answer: 1998-2001,1998,2001,0.5,0.5,2,0,1.0,0,0,0,724,
1556,7547,20,6675,1986,1986,Answer: 1983-1988,1983,1988,0.16666666666666666,0.16666666666666666,3,2,2.5,0,0,0,740,
1557,11163,22,9586,2009,2011,Answer: 2007-2010,2007,2010,0.4,0.4,2,1,1.5,0,0,0,726,
1558,2473,23,12546,1992,1995,Answer: 1989-1993,1989,1993,0.2857142857142857,0.2857142857142857,3,2,2.5,0,0,0,670,
1559,8674,20,8675,2007,2007,Answer: 2003-2010,2003,2010,0.125,0.125,4,3,3.5,0,0,0,734,
1560,3330,13,3247,2002,,Answer: 1973-1973,1973,1973,0.0,0.0,29,,,0,0,0,630,
1561,852,13,3245,2017,,Answer: 2017-2017,2017,2017,0.0,0.0,0,,,0,0,0,689,
1562,12347,22,9612,2009,2010,Answer: 2013-2014,2013,2014,-0.3333333333333333,0.16666666666666666,4,4,4.0,0,0,0,676,
1563,10222,22,10223,2006,2007,Answer: 1993-1997,1993,1997,-0.5333333333333333,0.06666666666666667,13,10,11.5,0,0,0,672,
1564,11898,22,9560,2014,2015,Answer: 2013-2014,2013,2014,0.3333333333333333,0.3333333333333333,1,1,1.0,0,0,0,674,
1565,10135,22,9990,1996,1997,Answer: 1991-1995,1991,1995,0.0,0.14285714285714285,5,2,3.5,0,0,0,682,
1566,10477,22,9633,2004,2012,Answer: 2008-2012,2008,2012,0.5555555555555556,0.5555555555555556,4,0,2.0,0,0,0,686,
1567,8790,20,6706,1948,1948,Answer: 1958-1958,1958,1958,-0.8181818181818182,0.09090909090909091,10,10,10.0,0,0,0,718,
1568,10366,22,9825,2009,2009,Answer: ####-####,,,0.0,0.0,,,,0,0,0,690,
1569,6663,17,6671,2007,2007,Answer: 2004-2007,2004,2007,0.25,0.25,3,0,1.5,0,0,0,739,
1570,10705,22,10219,2011,2013,Answer: 2009-2010,2009,2010,0.0,0.2,2,3,2.5,0,0,0,684,
1571,11552,22,10474,2006,2006,Answer: ####-####,,,0.0,0.0,,,,0,0,0,710,
1572,10423,22,9606,2011,2013,Answer: 2013-2014,2013,2014,0.25,0.25,2,1,1.5,0,0,0,682,
1573,12186,22,11276,2007,2007,Answer: 2010-2011,2010,2011,-0.4,0.2,3,4,3.5,0,0,0,680,
1574,10859,22,10575,1993,1995,Answer: 1997-2000,1997,2000,-0.125,0.125,4,5,4.5,0,0,0,684,
1575,9571,22,9572,2005,2007,Answer: 2002-2004,2002,2004,0.0,0.16666666666666666,3,3,3.0,0,0,0,684,
1576,12377,22,9686,2001,2001,Answer: 2003-2004,2003,2004,-0.25,0.25,2,3,2.5,0,0,0,674,
1577,2350,17,2106,1984,1984,Answer: 1982-1982,1982,1982,-0.3333333333333333,0.3333333333333333,2,2,2.0,0,0,0,663,
1578,12342,22,9609,2007,2008,Answer: 2005-2007,2005,2007,0.25,0.25,2,1,1.5,0,0,0,682,
1579,11305,22,10042,1996,1996,Answer: 1996-1997,1996,1997,0.5,0.5,0,1,0.5,0,0,0,724,
1580,3055,17,5947,1985,1985,Answer: 1973-1985,1973,1985,0.07692307692307693,0.07692307692307693,12,0,6.0,0,0,0,687,
1581,12399,22,9882,2015,2015,Answer: 2013-2014,2013,2014,0.0,0.3333333333333333,2,1,1.5,0,0,0,692,
1582,11147,22,10233,2009,2010,Answer: 2017-2018,2017,2018,-0.6,0.1,8,8,8.0,0,0,0,708,
1583,4945,14,4946,1958,1971,Answer: 1959-1971,1959,1971,0.9285714285714286,0.9285714285714286,1,0,0.5,0,0,0,722,
1584,11605,22,10334,2009,2010,Answer: 2014-2015,2014,2015,-0.42857142857142855,0.14285714285714285,5,5,5.0,0,0,0,672,
1585,8736,17,5815,1990,1990,Answer: 1990-1990,1990,1990,1.0,1.0,0,0,0.0,0,0,0,693,
1586,2701,17,6593,1992,1992,Answer: ####-####,,,0.0,0.0,,,,0,0,0,628,
1587,9015,17,8295,1986,1986,Answer: 2008-2008,2008,2008,-0.9130434782608695,0.043478260869565216,22,22,22.0,0,0,0,709,
1588,12171,22,11142,1992,1999,Answer: 1992-1999,1992,1999,1.0,1.0,0,0,0.0,0,0,0,678,
1589,11502,22,9701,1999,2002,Answer: ####-####,,,0.0,0.0,,,,0,0,0,680,
1590,12466,22,2772,1999,2000,Answer: 1997-1998,1997,1998,0.0,0.25,2,2,2.0,0,0,0,668,
1591,7531,20,6706,1929,1929,Answer: 1934-1934,1934,1934,-0.6666666666666666,0.16666666666666666,5,5,5.0,0,0,0,726,
1592,3181,14,3726,1971,1971,Answer: 1963-1971,1963,1971,0.1111111111111111,0.1111111111111111,8,0,4.0,0,0,0,635,
1593,9680,22,9565,2007,2008,Answer: 2007-2008,2007,2008,1.0,1.0,0,0,0.0,0,0,0,760,
1594,2173,6,574,2003,2007,Answer: ####-####,,,0.0,0.0,,,,0,0,0,642,
1595,7201,22,11323,2004,,Answer: 2003-2020,2003,2020,0.0,0.0,1,,,0,0,0,750,
1596,12115,22,9561,2000,2001,Answer: 1999-2002,1999,2002,0.5,0.5,1,1,1.0,0,0,0,668,
1597,11415,22,9900,2006,2007,Answer: ####-####,,,0.0,0.0,,,,0,0,0,688,
1598,1345,1,1142,1871,1920,Answer: 1871-1918,1871,1918,0.96,0.96,0,2,1.0,0,0,0,693,
1599,4707,14,4316,1968,1970,Answer: ####-####,,,0.0,0.0,,,,0,0,0,566,
1600,2138,6,2018,1918,,Answer: 1918-2024,1918,2024,0.0,0.0,0,,,0,0,0,638,
1601,12489,22,10018,1996,2003,Answer: ####-####,,,0.0,0.0,,,,0,0,0,670,
1602,12250,22,9837,1995,1996,Answer: 1999-2001,1999,2001,-0.2857142857142857,0.14285714285714285,4,5,4.5,0,0,0,702,
1603,1152,1,953,1790,1871,Answer: 1790-2024,1790,2024,0.34893617021276596,0.34893617021276596,0,153,76.5,0,0,0,687,
1604,8042,20,8044,2005,2005,Answer: 2005-2006,2005,2006,0.5,0.5,0,1,0.5,0,0,0,742,
1605,133,1,126,1871,1920,Answer: 1648-1918,1648,1918,0.17582417582417584,0.17582417582417584,223,2,112.5,0,0,0,691,
1606,12391,22,11564,2001,2002,Answer: ####-####,,,0.0,0.0,,,,0,0,0,710,
1607,4623,14,3472,1992,1993,Answer: 1997-1998,1997,1998,-0.42857142857142855,0.14285714285714285,5,5,5.0,0,0,0,744,
1608,8024,20,7513,2002,2002,Answer: 1971-2000,1971,2000,-0.03125,0.03125,31,2,16.5,0,0,0,716,
1609,7443,20,5700,2000,2000,Answer: 2000-2000,2000,2000,1.0,1.0,0,0,0.0,0,0,0,786,
1610,8674,20,8675,2002,2002,Answer: 2003-2010,2003,2010,0.0,0.1111111111111111,1,8,4.5,0,0,0,734,
1611,7287,17,7289,2000,2000,Answer: 1998-1999,1998,1999,0.0,0.3333333333333333,2,1,1.5,0,0,0,751,
1612,1299,1,129,1920,,Answer: 1790-2024,1790,2024,0.0,0.0,130,,,0,0,0,687,
1613,6663,20,6674,2003,2003,Answer: 1999-2007,1999,2007,0.1111111111111111,0.1111111111111111,4,4,4.0,0,0,0,738,
1614,11932,22,9563,2005,2006,Answer: 2004-2005,2004,2005,0.3333333333333333,0.3333333333333333,1,1,1.0,0,0,0,750,
1615,2388,17,6873,1974,1974,Answer: 1962-1985,1962,1985,0.041666666666666664,0.041666666666666664,12,11,11.5,0,0,0,699,
1616,10329,22,9731,2006,2006,Answer: 2005-2006,2005,2006,0.5,0.5,1,0,0.5,0,0,0,620,
1617,8767,17,6639,1926,1926,Answer: 1913-1913,1913,1913,-0.8571428571428571,0.07142857142857142,13,13,13.0,0,0,0,705,
1618,11422,22,9603,1991,1995,Answer: 1989-1991,1989,1991,0.14285714285714285,0.14285714285714285,2,4,3.0,0,0,0,688,
1619,7964,20,9245,2005,2005,Answer: 2005-2005,2005,2005,1.0,1.0,0,0,0.0,0,0,0,734,
1620,2886,19,169,,1932,Answer: ####-####,,,0.0,0.0,,,,0,0,0,650,
1621,11679,22,10408,2000,2001,Answer: 1996-1996,1996,1996,-0.5,0.16666666666666666,4,5,4.5,0,0,0,702,
1622,4279,17,6360,1975,1975,Answer: ####-####,,,0.0,0.0,,,,0,0,0,687,
1623,12341,22,9753,2002,2003,Answer: 2010-2011,2010,2011,-0.6,0.1,8,8,8.0,0,0,0,676,
1624,8565,20,7092,1952,1952,Answer: 1955-1955,1955,1955,-0.5,0.25,3,3,3.0,0,0,0,684,
1625,11878,22,10325,1989,1993,Answer: 1997-2010,1997,2010,-0.13636363636363635,0.045454545454545456,8,17,12.5,0,0,0,684,
1626,8185,20,6626,1974,1974,Answer: 1974-1974,1974,1974,1.0,1.0,0,0,0.0,0,0,0,714,
1627,9197,20,6012,1920,1920,Answer: 1914-1934,1914,1934,0.047619047619047616,0.047619047619047616,6,14,10.0,0,0,0,690,
1628,3029,17,6011,1941,1941,Answer: 1941-1941,1941,1941,1.0,1.0,0,0,0.0,0,0,0,547,
1629,6986,17,6752,1951,1951,Answer: ####-####,,,0.0,0.0,,,,0,0,0,687,
1630,10799,22,10196,2013,2014,Answer: 2013-2014,2013,2014,1.0,1.0,0,0,0.0,0,0,0,670,
1631,7772,20,5740,2004,2004,Answer: 2004-2004,2004,2004,1.0,1.0,0,0,0.0,0,0,0,744,
1632,8562,17,6722,2011,2011,Answer: 2011-2011,2011,2011,1.0,1.0,0,0,0.0,0,0,0,737,
1633,12105,22,10068,2003,2003,Answer: ####-####,,,0.0,0.0,,,,0,0,0,680,
1634,11700,22,9767,1971,1974,Answer: 1971-1974,1971,1974,1.0,1.0,0,0,0.0,0,0,0,712,
1635,8133,17,6678,2010,2010,Answer: 2009-2009,2009,2009,0.0,0.5,1,1,1.0,0,0,0,737,
1636,9054,17,6156,1984,1984,Answer: ####-####,,,0.0,0.0,,,,0,0,0,683,
1637,6343,17,6346,2015,2015,Answer: ####-####,,,0.0,0.0,,,,0,0,0,713,
1638,11425,22,9784,2010,2011,Answer: ####-####,,,0.0,0.0,,,,0,0,0,710,
1639,5611,16,5618,1983,1983,Answer: 1983-1992,1983,1992,0.1,0.1,0,9,4.5,0,0,0,530,
1640,2878,17,7128,2007,2007,Answer: ####-####,,,0.0,0.0,,,,0,0,0,685,
1641,2633,17,5410,1969,1969,Answer: ####-####,,,0.0,0.0,,,,0,0,0,703,
1642,921,1,332,1917,1917,Answer: 1917-1918,1917,1918,0.5,0.5,0,1,0.5,0,0,0,723,
1643,11640,22,10093,2013,2014,Answer: 2017-2018,2017,2018,-0.3333333333333333,0.16666666666666666,4,4,4.0,0,0,0,688,
1644,6053,20,6054,1978,1978,Answer: 1974-2009,1974,2009,0.027777777777777776,0.027777777777777776,4,31,17.5,0,0,0,740,
1645,11285,22,9547,2003,2004,Answer: 2003-2005,2003,2005,0.6666666666666666,0.6666666666666666,0,1,0.5,0,0,0,694,
1646,10953,22,10602,1992,1993,Answer: ####-####,,,0.0,0.0,,,,0,0,0,694,
1647,4761,14,3458,2001,2005,Answer: 2001-2005,2001,2005,1.0,1.0,0,0,0.0,0,0,0,572,
1648,6663,17,6678,2000,2000,Answer: 2000-2007,2000,2007,0.125,0.125,0,7,3.5,0,0,0,739,
1649,11900,22,10131,2012,2014,Answer: 2013-2014,2013,2014,0.6666666666666666,0.6666666666666666,1,0,0.5,0,0,0,692,
1650,11368,22,9756,1995,1999,Answer: 1997-2003,1997,2003,0.3333333333333333,0.3333333333333333,2,4,3.0,0,0,0,676,
1651,10832,22,10834,2003,2006,Answer: 2003-2006,2003,2006,1.0,1.0,0,0,0.0,0,0,0,736,
1652,10716,22,9594,2010,2010,Answer: 2008-2011,2008,2011,0.25,0.25,2,1,1.5,0,0,0,746,
1653,9036,20,7092,1957,1957,Answer: ####-####,,,0.0,0.0,,,,0,0,0,694,
1654,400,18,444,1949,1990,Answer: 1949-1990,1949,1990,1.0,1.0,0,0,0.0,0,0,0,695,
1655,4845,14,3473,1997,2001,Answer: 2001-2005,2001,2005,0.1111111111111111,0.1111111111111111,4,4,4.0,0,0,0,574,
1656,8790,20,6706,1952,1952,Answer: 1958-1958,1958,1958,-0.7142857142857143,0.14285714285714285,6,6,6.0,0,0,0,718,
1657,11519,22,9809,1999,2002,Answer: 1997-1998,1997,1998,0.0,0.16666666666666666,2,4,3.0,0,0,0,704,
1658,9962,22,9562,2001,2007,Answer: 2001-2001,2001,2001,0.14285714285714285,0.14285714285714285,0,6,3.0,0,0,0,678,
1659,6499,20,6256,1997,1997,Answer: 1997-1997,1997,1997,1.0,1.0,0,0,0.0,0,0,0,677,
1660,2,6,2018,1918,1940,Answer: 1918-1940,1918,1940,1.0,1.0,0,0,0.0,0,0,0,668,
1661,4466,14,3444,2009,2013,Answer: 1988-2003,1988,2003,-0.19230769230769232,0.038461538461538464,21,10,15.5,0,0,0,536,
1662,4577,14,3431,2012,2012,Answer: 2007-2012,2007,2012,0.16666666666666666,0.16666666666666666,5,0,2.5,0,0,0,720,
1663,7573,17,6706,1930,1930,Answer: 1930-1930,1930,1930,1.0,1.0,0,0,0.0,0,0,0,725,
1664,12474,22,10600,2007,2008,Answer: ####-####,,,0.0,0.0,,,,0,0,0,668,
1665,7336,17,7039,1996,1996,Answer: 1997-1997,1997,1997,0.0,0.5,1,1,1.0,0,0,0,701,
1666,12136,22,10142,2011,2011,Answer: 2009-2012,2009,2012,0.25,0.25,2,1,1.5,0,0,0,738,
1667,6968,20,6391,1971,1971,Answer: 1971-1979,1971,1979,0.1111111111111111,0.1111111111111111,0,8,4.0,0,0,0,724,
1668,5667,20,6763,1967,1967,Answer: 1967-1979,1967,1979,0.07692307692307693,0.07692307692307693,0,12,6.0,0,0,0,704,
1669,11369,22,10085,2009,2010,Answer: ####-####,,,0.0,0.0,,,,0,0,0,678,
1670,11764,22,11055,2005,2005,Answer: 1994-1997,1994,1997,-0.5833333333333334,0.08333333333333333,11,8,9.5,0,0,0,682,
1671,5789,17,6322,1977,1977,Answer: ####-####,,,0.0,0.0,,,,0,0,0,715,
1672,11854,22,10686,2010,2011,Answer: 2010-2011,2010,2011,1.0,1.0,0,0,0.0,0,0,0,688,
1673,11002,22,10499,2011,2012,Answer: 2013-2014,2013,2014,0.0,0.25,2,2,2.0,0,0,0,664,
1674,11444,22,9825,2005,2008,Answer: 2007-2010,2007,2010,0.3333333333333333,0.3333333333333333,2,2,2.0,0,0,0,686,
1675,10267,22,9637,2008,2008,Answer: 2010-2011,2010,2011,-0.25,0.25,2,3,2.5,0,0,0,684,
1676,10363,22,9967,2013,2015,Answer: 2019-2020,2019,2020,-0.375,0.125,6,5,5.5,0,0,0,674,
1677,12147,22,10490,2004,2006,Answer: ####-####,,,0.0,0.0,,,,0,0,0,678,
1678,4488,14,3949,1904,1907,Answer: 1907-1908,1907,1908,0.2,0.2,3,1,2.0,0,0,0,742,
1679,12226,22,11274,1999,2000,Answer: ####-####,,,0.0,0.0,,,,0,0,0,698,
1680,3082,14,3450,1976,1990,Answer: 1969-1990,1969,1990,0.6818181818181818,0.6818181818181818,7,0,3.5,0,0,0,722,
1681,5678,16,5691,1980,1980,Answer: 1974-1980,1974,1980,0.14285714285714285,0.14285714285714285,6,0,3.0,0,0,0,651,
1682,8579,20,8580,2005,2005,Answer: ####-####,,,0.0,0.0,,,,0,0,0,706,
1683,4825,14,3457,2005,2010,Answer: 2005-2010,2005,2010,1.0,1.0,0,0,0.0,0,0,0,574,
1684,8628,17,6593,1994,1994,Answer: ####-####,,,0.0,0.0,,,,0,0,0,624,
1685,12032,22,10383,1998,1999,Answer: 2003-2006,2003,2006,-0.3333333333333333,0.1111111111111111,5,7,6.0,0,0,0,678,
1686,11531,22,10633,2007,2007,Answer: 2006-2008,2006,2008,0.3333333333333333,0.3333333333333333,1,1,1.0,0,0,0,728,
1687,4940,14,3427,1921,1922,Answer: 1919-1920,1919,1920,0.0,0.25,2,2,2.0,0,0,0,572,
1688,5627,17,7298,1986,1986,Answer: ####-####,,,0.0,0.0,,,,0,0,0,553,
1689,1197,1,953,1920,,Answer: 1790-2024,1790,2024,0.0,0.0,130,,,0,0,0,697,
1690,9234,20,6012,1959,1959,Answer: 1930-1960,1930,1960,0.03225806451612903,0.03225806451612903,29,1,15.0,0,0,0,678,
1691,6053,20,8096,2010,2010,Answer: 1985-2009,1985,2009,0.0,0.038461538461538464,25,1,13.0,0,0,0,740,
1692,3141,17,5947,1944,1944,Answer: 1942-1942,1942,1942,-0.3333333333333333,0.3333333333333333,2,2,2.0,0,0,0,675,
1693,3549,14,3437,1998,2010,Answer: 2001-2010,2001,2010,0.7692307692307693,0.7692307692307693,3,0,1.5,0,0,0,535,
1694,6231,20,7279,1969,1969,Answer: 1968-1968,1968,1968,0.0,0.5,1,1,1.0,0,0,0,690,
1695,12087,22,10265,2013,2013,Answer: ####-####,,,0.0,0.0,,,,0,0,0,720,
1696,9982,22,9730,1975,1976,Answer: 1975-1976,1975,1976,1.0,1.0,0,0,0.0,0,0,0,724,
1697,2698,9,2491,1960,,Answer: 1993-1993,1993,1993,0.0,0.0,33,,,0,0,0,702,
1698,9084,20,6706,1914,1914,Answer: 1901-1932,1901,1932,0.03125,0.03125,13,18,15.5,0,0,0,722,
1699,3624,14,3509,1966,1968,Answer: 1966-1968,1966,1968,1.0,1.0,0,0,0.0,0,0,0,629,
1700,11344,22,5651,2007,2009,Answer: 2010-2014,2010,2014,0.0,0.125,3,5,4.0,0,0,0,678,
1701,12251,22,9946,2011,2011,Answer: 2009-2012,2009,2012,0.25,0.25,2,1,1.5,0,0,0,732,
1702,6560,22,10858,2000,2012,Answer: ####-####,,,0.0,0.0,,,,0,0,0,676,
1703,11930,22,11578,2007,2007,Answer: 2007-2008,2007,2008,0.5,0.5,0,1,0.5,0,0,0,734,
1704,2189,14,4332,1956,1956,Answer: ####-####,,,0.0,0.0,,,,0,0,0,587,
1705,11190,22,9612,1998,1999,Answer: 1997-1998,1997,1998,0.3333333333333333,0.3333333333333333,1,1,1.0,0,0,0,692,
1706,9444,21,9440,1971,1971,Answer: 1971-1971,1971,1971,1.0,1.0,0,0,0.0,0,0,0,549,
1707,11090,22,9633,2010,2012,Answer: 2007-2008,2007,2008,-0.16666666666666666,0.16666666666666666,3,4,3.5,0,0,0,678,
1708,10455,22,9579,2008,2011,Answer: 2008-2011,2008,2011,1.0,1.0,0,0,0.0,0,0,0,672,
1709,11706,22,9581,2004,2005,Answer: 2014-2016,2014,2016,-0.6153846153846154,0.07692307692307693,10,11,10.5,0,0,0,668,
1710,11278,22,10240,2000,2000,Answer: 2007-2009,2007,2009,-0.6,0.1,7,9,8.0,0,0,0,690,
1711,4371,14,4366,2011,2016,Answer: 2008-2016,2008,2016,0.6666666666666666,0.6666666666666666,3,0,1.5,0,0,0,676,
1712,4835,14,4836,,,Answer: ####-####,,,0.0,0.0,,,,0,0,0,595,
1713,8926,17,7256,1950,1950,Answer: 1949-1949,1949,1949,0.0,0.5,1,1,1.0,0,0,0,711,
1714,3962,14,3928,1934,1935,Answer: 1913-1944,1913,1944,0.0625,0.0625,21,9,15.0,0,0,0,600,
1715,11025,22,9572,2006,2008,Answer: 2000-2001,2000,2001,-0.4444444444444444,0.1111111111111111,6,7,6.5,0,0,0,688,
1716,10728,22,9973,2009,2011,Answer: 2006-2010,2006,2010,0.3333333333333333,0.3333333333333333,3,1,2.0,0,0,0,692,
1717,10410,22,10413,2014,2014,Answer: 2009-2010,2009,2010,-0.5,0.16666666666666666,5,4,4.5,0,0,0,680,
1718,10965,22,5648,2001,2002,Answer: 2001-2003,2001,2003,0.6666666666666666,0.6666666666666666,0,1,0.5,0,0,0,678,
1719,4501,14,4049,1362,1370,Answer: 1362-1370,1362,1370,1.0,1.0,0,0,0.0,0,0,0,640,
1720,4623,14,3437,1970,2015,Answer: 1970-2015,1970,2015,1.0,1.0,0,0,0.0,0,0,0,539,
1721,7154,17,6022,1962,1962,Answer: 1975-1975,1975,1975,-0.8571428571428571,0.07142857142857142,13,13,13.0,0,0,0,701,
1722,6053,20,6054,2003,2003,Answer: 1974-2009,1974,2009,0.027777777777777776,0.027777777777777776,29,6,17.5,0,0,0,740,
1723,6137,20,6166,2011,2011,Answer: 2006-2015,2006,2015,0.1,0.1,5,4,4.5,0,0,0,722,
1724,11731,22,10741,2012,2013,Answer: ####-####,,,0.0,0.0,,,,0,0,0,694,
1725,11134,22,11135,2007,2009,Answer: ####-####,,,0.0,0.0,,,,0,0,0,702,
1726,12466,22,9898,1988,1991,Answer: 1988-2000,1988,2000,0.3076923076923077,0.3076923076923077,0,9,4.5,0,0,0,690,
1727,7547,17,6670,1986,1986,Answer: 1982-1988,1982,1988,0.14285714285714285,0.14285714285714285,4,2,3.0,0,0,0,741,
1728,12453,22,9736,2009,2010,Answer: ####-####,,,0.0,0.0,,,,0,0,0,698,
1729,306,15,5029,2016,,Answer: 2016-2016,2016,2016,0.0,0.0,0,,,0,0,0,652,
1730,5714,17,5875,2005,2005,Answer: ####-####,,,0.0,0.0,,,,0,0,0,673,
1731,9982,22,9730,1976,1977,Answer: 1975-1976,1975,1976,0.3333333333333333,0.3333333333333333,1,1,1.0,0,0,0,724,
1732,10814,22,9633,2007,2010,Answer: 2007-2011,2007,2011,0.8,0.8,0,1,0.5,0,0,0,690,
1733,12051,22,10113,2008,2010,Answer: ####-####,,,0.0,0.0,,,,0,0,0,670,
1734,9369,20,6150,1994,1994,Answer: 1995-1995,1995,1995,0.0,0.5,1,1,1.0,0,0,0,718,
1735,11896,22,10142,2007,2007,Answer: 2003-2006,2003,2006,0.0,0.2,4,1,2.5,0,0,0,736,
1736,1340,1,129,1920,,Answer: 1790-2024,1790,2024,0.0,0.0,130,,,0,0,0,691,
1737,7252,17,7255,2007,2007,Answer: ####-####,,,0.0,0.0,,,,0,0,0,703,
1738,2900,17,7126,2004,2004,Answer: ####-####,,,0.0,0.0,,,,0,0,0,665,
1739,7547,20,6670,1987,1987,Answer: 1982-1990,1982,1990,0.1111111111111111,0.1111111111111111,5,3,4.0,0,0,0,740,
1740,11791,22,9663,2012,2013,Answer: 2013-2015,2013,2015,0.25,0.25,1,2,1.5,0,0,0,660,
1741,5620,20,9073,2008,2008,2000-2020,2000,2020,0.047619047619047616,0.047619047619047616,8,12,10.0,0,0,0,696,
1742,11445,22,9781,2007,2012,Answer: 2006-2014,2006,2014,0.6666666666666666,0.6666666666666666,1,2,1.5,0,0,0,724,
1743,6908,17,6096,1972,1972,Answer: ####-####,,,0.0,0.0,,,,0,0,0,662,
1744,8999,20,8852,1953,1953,Answer: 1947-1979,1947,1979,0.030303030303030304,0.030303030303030304,6,26,16.0,0,0,0,696,
1745,7785,17,7052,1979,1979,Answer: 1980-1980,1980,1980,0.0,0.5,1,1,1.0,0,0,0,689,
1746,12337,22,9613,2011,2011,Answer: ####-####,,,0.0,0.0,,,,0,0,0,704,
1747,11349,22,9886,2003,2004,Answer: 2003-2004,2003,2004,1.0,1.0,0,0,0.0,0,0,0,678,
1748,3699,14,3912,2016,,Answer: 2016-2021,2016,2021,0.0,0.0,0,,,0,0,0,615,
1749,1863,10,3027,1906,1913,Answer: 1906-1919,1906,1919,0.5714285714285714,0.5714285714285714,0,6,3.0,0,0,0,681,
1750,11483,22,9967,2014,,Answer: 2017-2021,2017,2021,0.0,0.0,3,,,0,0,0,678,
1751,9627,22,9637,2011,2012,Answer: ####-####,,,0.0,0.0,,,,0,0,0,664,
1752,9965,22,9967,2014,,Answer: ####-####,,,0.0,0.0,,,,0,0,0,676,
1753,11269,22,10228,2010,2011,Answer: 2007-2011,2007,2011,0.4,0.4,3,0,1.5,0,0,0,690,
1754,10468,22,9787,1996,1996,Answer: 1992-1992,1992,1992,-0.6,0.2,4,4,4.0,0,0,0,706,
1755,11178,22,9666,1997,1999,Answer: 1989-1991,1989,1991,-0.45454545454545453,0.09090909090909091,8,8,8.0,0,0,0,682,
1756,2898,9,2482,1945,1947,Answer: ####-####,,,0.0,0.0,,,,0,0,0,688,
1757,9151,19,205,2012,2012,Answer: ####-####,,,0.0,0.0,,,,0,0,0,646,
1758,10071,22,10053,2014,2015,Answer: 2013-2016,2013,2016,0.5,0.5,1,1,1.0,0,0,0,700,
1759,10290,22,9899,2008,2008,Answer: 2004-2005,2004,2005,-0.4,0.2,4,3,3.5,0,0,0,678,
1760,10620,22,10505,2008,2012,Answer: 2007-2011,2007,2011,0.6666666666666666,0.6666666666666666,1,1,1.0,0,0,0,708,
1761,668,1,497,,2005,Answer: ####-####,,,0.0,0.0,,,,0,0,0,715,
1762,10659,22,10661,1978,1981,Answer: 1980-1981,1980,1981,0.5,0.5,2,0,1.0,0,0,0,684,
1763,9513,21,9500,1982,1982,Answer: 2012-2012,2012,2012,-0.9354838709677419,0.03225806451612903,30,30,30.0,0,0,0,716,
1764,6982,20,7860,2000,2000,Answer: ####-####,,,0.0,0.0,,,,0,0,0,706,
1765,5695,22,10358,2001,2001,Answer: 1990-1992,1990,1992,-0.6666666666666666,0.08333333333333333,11,9,10.0,0,0,0,692,
1766,6900,22,9569,1980,1980,Answer: ####-####,,,0.0,0.0,,,,0,0,0,712,
1767,6484,17,6200,1964,1964,Answer: 1963-1964,1963,1964,0.5,0.5,1,0,0.5,0,0,0,542,
1768,7564,17,5916,1998,1998,Answer: ####-####,,,0.0,0.0,,,,0,0,0,699,
1769,1330,1,129,1920,,Answer: 1790-2024,1790,2024,0.0,0.0,130,,,0,0,0,711,
1770,11375,22,9906,2010,2011,Answer: ####-####,,,0.0,0.0,,,,0,0,0,680,
1771,12245,22,10808,2009,2009,Answer: 2009-2010,2009,2010,0.5,0.5,0,1,0.5,0,0,0,688,
1772,11991,22,10516,2009,2011,Answer: ####-####,,,0.0,0.0,,,,0,0,0,700,
1773,11885,22,9995,2003,2004,Answer: 2010-2011,2010,2011,-0.5555555555555556,0.1111111111111111,7,7,7.0,0,0,0,674,
1774,10222,22,9994,2006,2006,Answer: 1997-2001,1997,2001,-0.4,0.1,9,5,7.0,0,0,0,672,
1775,10397,22,10337,2002,2002,Answer: 1998-1999,1998,1999,-0.4,0.2,4,3,3.5,0,0,0,678,
1776,12470,22,10594,2000,2000,Answer: ####-####,,,0.0,0.0,,,,0,0,0,614,
1777,798,1,589,1930,1938,Answer: 1922-1991,1922,1991,0.12857142857142856,0.12857142857142856,8,53,30.5,0,0,0,775,
1778,11910,22,10320,1998,2000,Answer: 1997-2003,1997,2003,0.42857142857142855,0.42857142857142855,1,3,2.0,0,0,0,684,
1779,1235,1,122,1790,1871,Answer: 1790-1871,1790,1871,1.0,1.0,0,0,0.0,0,0,0,687,
1780,11471,22,10543,2006,2006,Answer: 2005-2006,2005,2006,0.5,0.5,1,0,0.5,0,0,0,610,
1781,10941,22,9893,2003,2007,Answer: ####-####,,,0.0,0.0,,,,0,0,0,734,
1782,10419,22,9648,2000,2009,Answer: 2000-2009,2000,2009,1.0,1.0,0,0,0.0,0,0,0,756,
1783,11342,22,10051,2003,2004,Answer: 2007-2010,2007,2010,-0.25,0.125,4,6,5.0,0,0,0,658,
1784,11817,22,10092,2009,2014,Answer: 2009-2013,2009,2013,0.8333333333333334,0.8333333333333334,0,1,0.5,0,0,0,698,
1785,7160,17,7548,1998,1998,Answer: 1998-1998,1998,1998,1.0,1.0,0,0,0.0,0,0,0,705,
1786,5505,17,5493,1959,1959,Answer: 1957-1959,1957,1959,0.3333333333333333,0.3333333333333333,2,0,1.0,0,0,0,677,
1787,11415,22,9788,2001,2001,Answer: 2000-2001,2000,2001,0.5,0.5,1,0,0.5,0,0,0,730,
1788,8892,20,7513,1994,1994,Answer: 1980-1999,1980,1999,0.05,0.05,14,5,9.5,0,0,0,704,
1789,2845,9,2518,1870,,Answer: ####-####,,,0.0,0.0,,,,0,0,0,714,
1790,12311,22,9668,2002,2003,Answer: ####-####,,,0.0,0.0,,,,0,0,0,676,
1791,2183,9,2490,1946,,Answer: 1945-2024,1945,2024,0.0,0.0,1,,,0,0,0,724,
1792,11880,22,9758,2002,2003,Answer: ####-####,,,0.0,0.0,,,,0,0,0,690,
1793,11270,22,9994,2004,2005,Answer: 2010-2013,2010,2013,-0.4,0.1,6,8,7.0,0,0,0,676,
1794,11609,22,9808,1998,2001,Answer: 1994-1997,1994,1997,0.0,0.125,4,4,4.0,0,0,0,686,
1795,4606,14,3492,1997,1999,Answer: 1999-2001,1999,2001,0.2,0.2,2,2,2.0,0,0,0,716,
1796,11801,22,10575,1998,2000,Answer: ####-####,,,0.0,0.0,,,,0,0,0,686,
1797,3115,14,3882,2004,2012,Answer: 2004-2012,2004,2012,1.0,1.0,0,0,0.0,0,0,0,696,
1798,11802,22,9549,1994,1996,Answer: 1996-1998,1996,1998,0.2,0.2,2,2,2.0,0,0,0,686,
1799,8438,20,6780,1916,1916,Answer: 1901-1938,1901,1938,0.02631578947368421,0.02631578947368421,15,22,18.5,0,0,0,694,
1800,11503,22,10921,2009,2009,Answer: ####-####,,,0.0,0.0,,,,0,0,0,676,
1801,11600,22,9885,2012,2012,Answer: 2014-2017,2014,2017,-0.16666666666666666,0.16666666666666666,2,5,3.5,0,0,0,682,
1802,11745,22,10783,2006,2006,Answer: 2003-2005,2003,2005,0.0,0.25,3,1,2.0,0,0,0,672,
1803,7652,17,7654,2012,2012,Answer: ####-####,,,0.0,0.0,,,,0,0,0,681,
1804,8753,20,6706,1949,1949,Answer: ####-####,,,0.0,0.0,,,,0,0,0,718,
1805,8589,17,5815,1992,1992,Answer: 1976-1976,1976,1976,-0.8823529411764706,0.058823529411764705,16,16,16.0,0,0,0,693,
1806,10918,22,9707,2010,2010,Answer: 2009-2010,2009,2010,0.5,0.5,1,0,0.5,0,0,0,647,
1807,6246,17,5949,1972,1972,Answer: ####-####,,,0.0,0.0,,,,0,0,0,705,
1808,4621,14,3458,2001,2005,Answer: 2001-2005,2001,2005,1.0,1.0,0,0,0.0,0,0,0,582,
1809,6968,20,6969,1977,1977,Answer: 1971-1979,1971,1979,0.1111111111111111,0.1111111111111111,6,2,4.0,0,0,0,748,
1810,9987,22,9993,2009,2009,Answer: 2007-2008,2007,2008,0.0,0.3333333333333333,2,1,1.5,0,0,0,682,
1811,1130,1,125,1790,1871,Answer: 1790-2024,1790,2024,0.34893617021276596,0.34893617021276596,0,153,76.5,0,0,0,689,
1812,7169,17,5862,1905,1905,Answer: 1888-1912,1888,1912,0.04,0.04,17,7,12.0,0,0,0,681,
1813,265,1,125,1920,,Answer: 1790-2024,1790,2024,0.0,0.0,130,,,0,0,0,687,
1814,4556,14,3519,1801,1805,Answer: 1783-1789,1783,1789,-0.4782608695652174,0.043478260869565216,18,16,17.0,0,0,0,623,
1815,8060,17,8010,2011,2011,Answer: 1973-2021,1973,2021,0.02040816326530612,0.02040816326530612,38,10,24.0,0,0,0,715,
1816,9805,22,9809,2001,2001,Answer: 2006-2007,2006,2007,-0.5714285714285714,0.14285714285714285,5,6,5.5,0,0,0,706,
1817,11641,22,9598,2001,2001,Answer: 1993-1995,1993,1995,-0.5555555555555556,0.1111111111111111,8,6,7.0,0,0,0,692,
1818,2673,9,2493,1991,,Answer: ####-####,,,0.0,0.0,,,,0,0,0,710,
1819,7881,20,6706,1943,1943,Answer: ####-####,,,0.0,0.0,,,,0,0,0,722,
1820,659,1,444,2005,,Answer: 1946-1946,1946,1946,0.0,0.0,59,,,0,0,0,695,
1821,10160,22,10161,2013,2014,Answer: 2013-2014,2013,2014,1.0,1.0,0,0,0.0,0,0,0,698,
1822,7745,17,7309,1991,1991,Answer: ####-####,,,0.0,0.0,,,,0,0,0,585,
1823,11645,22,10159,2009,2010,Answer: 2012-2015,2012,2015,-0.14285714285714285,0.14285714285714285,3,5,4.0,0,0,0,704,
1824,10207,22,9689,1986,1996,Answer: 1986-1992,1986,1992,0.6363636363636364,0.6363636363636364,0,4,2.0,0,0,0,732,
1825,3425,14,3426,1909,1910,Answer: 1906-1910,1906,1910,0.4,0.4,3,0,1.5,0,0,0,620,
1826,10905,22,10795,2007,2008,Answer: 2005-2005,2005,2005,-0.25,0.25,2,3,2.5,0,0,0,676,
1827,10937,22,6517,2016,,Answer: 2011-2020,2011,2020,0.0,0.0,5,,,0,0,0,696,
1828,2866,9,2520,2010,,Answer: 2012-2012,2012,2012,0.0,0.0,2,,,0,0,0,672,
1829,2817,9,2520,1990,,Answer: 1974-1997,1974,1997,0.0,0.0,16,,,0,0,0,666,
1830,11800,22,9642,1990,1995,Answer: 1997-1999,1997,1999,-0.1,0.1,7,4,5.5,0,0,0,672,
1831,8258,20,5921,1996,1996,Answer: 1995-2003,1995,2003,0.1111111111111111,0.1111111111111111,1,7,4.0,0,0,0,706,
1832,11014,22,10131,2005,2005,Answer: ####-####,,,0.0,0.0,,,,0,0,0,674,
1833,10934,22,9612,2009,2009,Answer: 2018-2019,2018,2019,-0.7272727272727273,0.09090909090909091,9,10,9.5,0,0,0,680,
1834,8335,20,6012,1959,1959,Answer: ####-####,,,0.0,0.0,,,,0,0,0,678,
1835,11740,22,5651,2001,2006,Answer: 2001-2002,2001,2002,0.3333333333333333,0.3333333333333333,0,4,2.0,0,0,0,682,
1836,2974,17,7171,1998,1998,Answer: ####-####,,,0.0,0.0,,,,0,0,0,667,
1837,9956,22,9562,2008,2011,Answer: 2011-2014,2011,2014,0.14285714285714285,0.14285714285714285,3,3,3.0,0,0,0,688,
1838,11810,22,9950,2012,2012,Answer: 2013-2015,2013,2015,0.0,0.25,1,3,2.0,0,0,0,698,
1839,5678,16,5691,1981,1981,Answer: 1974-1980,1974,1980,0.0,0.125,7,1,4.0,0,0,0,651,
1840,10312,22,10316,2002,2002,Answer: 1999-2002,1999,2002,0.25,0.25,3,0,1.5,0,0,0,730,
1841,10574,22,10076,2012,2013,Answer: 2013-2014,2013,2014,0.3333333333333333,0.3333333333333333,1,1,1.0,0,0,0,692,
1842,11831,22,9710,1993,1994,Answer: 1982-1984,1982,1984,-0.6153846153846154,0.07692307692307693,11,10,10.5,0,0,0,688,
1843,11745,22,10107,2011,,Answer: ####-####,,,0.0,0.0,,,,0,0,0,676,
1844,2693,17,5957,1942,1942,Answer: 1939-1942,1939,1942,0.25,0.25,3,0,1.5,0,0,0,691,
1845,11833,22,10807,2012,,Answer: ####-####,,,0.0,0.0,,,,0,0,0,668,
1846,9951,22,9953,2006,2006,Answer: ####-####,,,0.0,0.0,,,,0,0,0,728,
1847,11412,22,9789,2003,2003,Answer: ####-####,,,0.0,0.0,,,,0,0,0,738,
1848,12296,22,9988,1988,1989,Answer: ####-####,,,0.0,0.0,,,,0,0,0,544,
1849,2753,11,3110,2007,,Answer: 2007-2024,2007,2024,0.0,0.0,0,,,0,0,0,670,
1850,6796,20,6805,2009,2009,Answer: 2004-2023,2004,2023,0.05,0.05,5,14,9.5,0,0,0,696,
1851,12385,22,9578,2010,2010,Answer: 2007-2007,2007,2007,-0.5,0.25,3,3,3.0,0,0,0,668,
1852,8321,20,7092,1957,1957,Answer: 1983-1983,1983,1983,-0.9259259259259259,0.037037037037037035,26,26,26.0,0,0,0,714,
1853,636,1,172,,1946,Answer: 1918-1946,1918,1946,0.0,0.0,,0,,0,0,0,747,
1854,12318,22,10531,1994,1997,Answer: 2013-2015,2013,2015,-0.6818181818181818,0.045454545454545456,19,18,18.5,0,0,0,678,
1855,10828,22,10057,2010,2013,Answer: 1996-2003,1996,2003,-0.3333333333333333,0.05555555555555555,14,10,12.0,0,0,0,672,
1856,12315,22,10575,2010,2012,Answer: ####-####,,,0.0,0.0,,,,0,0,0,682,
1857,5553,16,5558,1986,1986,Answer: ####-####,,,0.0,0.0,,,,0,0,0,717,
1858,8817,17,6009,1972,1972,Answer: ####-####,,,0.0,0.0,,,,0,0,0,687,
1859,10317,22,10061,2009,2009,Answer: 2007-2008,2007,2008,0.0,0.3333333333333333,2,1,1.5,0,0,0,684,
1860,9288,20,5762,1907,1907,Answer: 1901-1909,1901,1909,0.1111111111111111,0.1111111111111111,6,2,4.0,0,0,0,698,
1861,2729,9,2502,1985,,Answer: ####-####,,,0.0,0.0,,,,0,0,0,716,
1862,11629,22,10356,1997,2000,Answer: 1997-1999,1997,1999,0.75,0.75,0,1,0.5,0,0,0,676,
1863,11614,22,9807,2011,2011,Answer: 2006-2008,2006,2008,-0.3333333333333333,0.16666666666666666,5,3,4.0,0,0,0,682,
1864,7187,17,5980,2010,2010,Answer: ####-####,,,0.0,0.0,,,,0,0,0,553,
1865,11500,22,10497,2005,2005,Answer: ####-####,,,0.0,0.0,,,,0,0,0,696,
1866,9596,22,9604,2003,2003,Answer: 1993-1994,1993,1994,-0.7272727272727273,0.09090909090909091,10,9,9.5,0,0,0,684,
1867,4787,14,3437,1987,2017,Answer: 1987-2017,1987,2017,1.0,1.0,0,0,0.0,0,0,0,533,
1868,12128,22,10008,2000,2001,Answer: 2000-2001,2000,2001,1.0,1.0,0,0,0.0,0,0,0,708,
1869,10841,22,9629,2011,2012,Answer: 2013-2015,2013,2015,0.0,0.2,2,3,2.5,0,0,0,650,
1870,7098,17,7099,1975,1975,Answer: ####-####,,,0.0,0.0,,,,0,0,0,705,
1871,3174,17,6449,2004,2004,Answer: ####-####,,,0.0,0.0,,,,0,0,0,634,
1872,11468,22,9587,2007,2008,Answer: ####-####,,,0.0,0.0,,,,0,0,0,740,
1873,756,1,528,,2005,Answer: 1859-2016,1859,2016,0.0,0.0,,11,,0,0,0,703,
1874,6043,17,5907,2005,2005,Answer: 2004-2017,2004,2017,0.07142857142857142,0.07142857142857142,1,12,6.5,0,0,0,705,
1875,10677,22,10678,2002,2002,Answer: ####-####,,,0.0,0.0,,,,0,0,0,680,
1876,4675,14,3623,1974,1989,Answer: 1964-1995,1964,1995,0.5,0.5,10,6,8.0,0,0,0,632,
1877,11214,22,9992,2009,2015,Answer: 2013-2014,2013,2014,0.2857142857142857,0.2857142857142857,4,1,2.5,0,0,0,686,
1878,2674,9,2494,1993,,Answer: ####-####,,,0.0,0.0,,,,0,0,0,730,
1879,7497,17,7197,1936,1936,Answer: ####-####,,,0.0,0.0,,,,0,0,0,541,
1880,10182,22,9634,1994,1997,Answer: 2009-2010,2009,2010,-0.6470588235294118,0.058823529411764705,15,13,14.0,0,0,0,672,
1881,5500,22,9787,2009,2011,Answer: 2009-2011,2009,2011,1.0,1.0,0,0,0.0,0,0,0,690,
1882,6312,17,6315,1996,1996,Answer: 1995-2003,1995,2003,0.1111111111111111,0.1111111111111111,1,7,4.0,0,0,0,713,
1883,3203,17,6713,1990,1990,Answer: 1989-1989,1989,1989,0.0,0.5,1,1,1.0,0,0,0,717,
1884,12020,22,10254,2013,2013,Answer: 2013-2014,2013,2014,0.5,0.5,0,1,0.5,0,0,0,676,
1885,9733,22,9625,2003,2004,Answer: 2010-2011,2010,2011,-0.5555555555555556,0.1111111111111111,7,7,7.0,0,0,0,686,
1886,2765,9,2492,1963,,Answer: ####-####,,,0.0,0.0,,,,0,0,0,702,
1887,115,9,2496,1985,,Answer: 1985-2024,1985,2024,0.0,0.0,0,,,0,0,0,672,
1888,9237,20,6012,1929,1929,Answer: 1901-1933,1901,1933,0.030303030303030304,0.030303030303030304,28,4,16.0,0,0,0,680,
1889,12005,22,9575,1997,1999,Answer: 2007-2010,2007,2010,-0.5,0.07142857142857142,10,11,10.5,0,0,0,676,
1890,11269,22,9791,2011,2013,Answer: 2010-2012,2010,2012,0.5,0.5,1,1,1.0,0,0,0,722,
1891,4529,14,3444,1992,2009,Answer: 1999-2009,1999,2009,0.6111111111111112,0.6111111111111112,7,0,3.5,0,0,0,548,
1892,9914,22,9920,2013,2014,Answer: 2017-2021,2017,2021,-0.2222222222222222,0.1111111111111111,4,7,5.5,0,0,0,694,
1893,12223,22,5584,1993,2006,Answer: 1993-2006,1993,2006,1.0,1.0,0,0,0.0,0,0,0,710,
1894,10836,22,9601,1997,1999,Answer: ####-####,,,0.0,0.0,,,,0,0,0,698,
1895,2832,17,5817,1868,1868,Answer: ####-####,,,0.0,0.0,,,,0,0,0,597,
1896,9151,22,10200,2005,2006,Answer: 1994-1996,1994,1996,-0.6153846153846154,0.07692307692307693,11,10,10.5,0,0,0,680,
1897,2655,20,7092,1939,1939,Answer: ####-####,,,0.0,0.0,,,,0,0,0,694,
1898,12147,22,9585,2001,2002,Answer: 1999-2001,1999,2001,0.25,0.25,2,1,1.5,0,0,0,730,
1899,8270,20,9198,1997,1997,Answer: 1993-2007,1993,2007,0.06666666666666667,0.06666666666666667,4,10,7.0,0,0,0,736,
1900,3993,14,3437,2010,,Answer: ####-####,,,0.0,0.0,,,,0,0,0,531,
1901,10239,22,9937,1994,1995,Answer: 1989-1991,1989,1991,-0.2857142857142857,0.14285714285714285,5,4,4.5,0,0,0,696,
1902,7949,17,5939,1992,1992,Answer: 1993-1993,1993,1993,0.0,0.5,1,1,1.0,0,0,0,715,
1903,11359,22,9988,2010,2011,Answer: 2017-2018,2017,2018,-0.5555555555555556,0.1111111111111111,7,7,7.0,0,0,0,686,
1904,11356,22,9544,2004,2006,Answer: 2003-2004,2003,2004,0.25,0.25,1,2,1.5,0,0,0,688,
1905,2773,14,3636,1872,1878,Answer: 1872-1878,1872,1878,1.0,1.0,0,0,0.0,0,0,0,766,
1906,2927,10,2928,1950,1966,Answer: 1929-1934,1929,1934,-0.39473684210526316,0.02631578947368421,21,32,26.5,0,0,0,679,
1907,11801,22,10426,2015,,Answer: 2016-2020,2016,2020,0.0,0.0,1,,,0,0,0,682,
1908,11947,22,10600,2005,2007,Answer: 2003-2006,2003,2006,0.4,0.4,2,1,1.5,0,0,0,686,
1909,6269,17,5924,1997,1997,Answer: ####-####,,,0.0,0.0,,,,0,0,0,705,
1910,10544,22,9579,2009,2016,Answer: 2006-2017,2006,2017,0.6666666666666666,0.6666666666666666,3,1,2.0,0,0,0,670,
1911,6149,17,6151,1988,1988,Answer: 1988-1988,1988,1988,1.0,1.0,0,0,0.0,0,0,0,739,
1912,5498,22,9813,1958,1974,Answer: 1958-1974,1958,1974,1.0,1.0,0,0,0.0,0,0,0,706,
1913,8529,23,2989,,1939,Answer: 1931-1938,1931,1938,0.0,0.0,,1,,0,0,0,710,
1914,12435,22,10433,2012,2012,Answer: 2013-2014,2013,2014,0.0,0.3333333333333333,1,2,1.5,0,0,0,670,
1915,11563,22,9592,1986,1990,Answer: 1985-1988,1985,1988,0.5,0.5,1,2,1.5,0,0,0,680,
1916,12373,22,9995,1993,1996,Answer: ####-####,,,0.0,0.0,,,,0,0,0,678,
1917,9680,22,9557,2013,,Answer: 2013-2024,2013,2024,0.0,0.0,0,,,0,0,0,746,
1918,12010,22,10914,2003,2006,Answer: ####-####,,,0.0,0.0,,,,0,0,0,686,
1919,5713,17,5875,2005,2005,Answer: ####-####,,,0.0,0.0,,,,0,0,0,669,
1920,9965,22,9824,2007,2008,Answer: 2007-2008,2007,2008,1.0,1.0,0,0,0.0,0,0,0,724,
1921,11364,22,10778,2001,2002,Answer: 2014-2015,2014,2015,-0.7333333333333333,0.06666666666666667,13,13,13.0,0,0,0,696,
1922,10560,22,10230,1985,1985,Answer: 1991-1993,1991,1993,-0.5555555555555556,0.1111111111111111,6,8,7.0,0,0,0,672,
1923,7781,20,8303,2009,2009,Answer: 2008-2008,2008,2008,0.0,0.5,1,1,1.0,0,0,0,668,
1924,11529,22,9825,1988,1995,Answer: 1983-1992,1983,1992,0.38461538461538464,0.38461538461538464,5,3,4.0,0,0,0,686,
1925,5691,22,10209,1984,1987,Answer: 1968-1980,1968,1980,-0.15,0.05,16,7,11.5,0,0,0,664,
1926,11078,22,9939,1999,2002,Answer: 2003-2006,2003,2006,0.0,0.125,4,4,4.0,0,0,0,690,
1927,11342,22,10940,2014,,Answer: ####-####,,,0.0,0.0,,,,0,0,0,660,
1928,11284,22,10079,1996,2013,Answer: 1996-2013,1996,2013,1.0,1.0,0,0,0.0,0,0,0,736,
1929,11169,22,9880,1999,2000,Answer: ####-####,,,0.0,0.0,,,,0,0,0,702,
1930,2385,8,2386,1986,1991,Answer: 1986-1991,1986,1991,1.0,1.0,0,0,0.0,0,0,0,659,
1931,12467,22,9716,2001,2005,Answer: ####-####,,,0.0,0.0,,,,0,0,0,682,
1932,11441,22,10714,2010,2011,Answer: ####-####,,,0.0,0.0,,,,0,0,0,682,
1933,6053,20,9010,2005,2005,Answer: 1985-2009,1985,2009,0.04,0.04,20,4,12.0,0,0,0,740,
1934,12132,22,10777,2009,2012,Answer: 2010-2013,2010,2013,0.6,0.6,1,1,1.0,0,0,0,690,
1935,8503,20,6780,1957,1957,Answer: 1974-1974,1974,1974,-0.8888888888888888,0.05555555555555555,17,17,17.0,0,0,0,686,
1936,12283,22,10833,2006,2015,Answer: 2007-2014,2007,2014,0.8,0.8,1,1,1.0,0,0,0,678,
1937,2628,9,2505,1958,1961,Answer: ####-####,,,0.0,0.0,,,,0,0,0,750,
1938,8321,17,6169,1946,1946,Answer: 1977-1977,1977,1977,-0.9375,0.03125,31,31,31.0,0,0,0,735,
1939,9463,21,9465,1839,1843,Answer: ####-####,,,0.0,0.0,,,,0,0,0,702,
1940,8838,17,8608,2005,2005,Answer: 2005-2005,2005,2005,1.0,1.0,0,0,0.0,0,0,0,707,
1941,11760,22,10076,2008,2011,Answer: 2003-2004,2003,2004,-0.3333333333333333,0.1111111111111111,5,7,6.0,0,0,0,706,
1942,11198,22,9818,1998,2000,Answer: 1996-1999,1996,1999,0.4,0.4,2,1,1.5,0,0,0,740,
1943,12330,22,2772,2008,2009,Answer: ####-####,,,0.0,0.0,,,,0,0,0,652,
1944,10769,22,10770,2002,2002,Answer: 1992-1995,1992,1995,-0.5454545454545454,0.09090909090909091,10,7,8.5,0,0,0,694,
1945,8941,17,6798,1994,1994,Answer: 1994-1994,1994,1994,1.0,1.0,0,0,0.0,0,0,0,554,
1946,11162,22,9758,2009,2012,Answer: 2010-2013,2010,2013,0.6,0.6,1,1,1.0,0,0,0,686,
1947,6796,17,6801,2013,2013,Answer: ####-####,,,0.0,0.0,,,,0,0,0,717,
1948,8056,20,9235,2010,2010,Answer: 2009-2009,2009,2009,0.0,0.5,1,1,1.0,0,0,0,706,
1949,11916,22,9617,2002,2003,Answer: 2004-2005,2004,2005,0.0,0.25,2,2,2.0,0,0,0,682,
1950,5418,17,6700,1994,1994,Answer: ####-####,,,0.0,0.0,,,,0,0,0,671,
1951,8430,17,6653,2004,2004,Answer: ####-####,,,0.0,0.0,,,,0,0,0,745,
1952,8382,17,6055,1995,1995,Answer: ####-####,,,0.0,0.0,,,,0,0,0,685,
1953,11593,22,10637,2002,2004,Answer: ####-####,,,0.0,0.0,,,,0,0,0,714,
1954,10752,22,9623,2011,2012,Answer: ####-####,,,0.0,0.0,,,,0,0,0,660,
1955,6968,20,6290,1978,1978,Answer: 1971-1979,1971,1979,0.1111111111111111,0.1111111111111111,7,1,4.0,0,0,0,748,
1956,7269,20,7092,1946,1946,Answer: 1951-1951,1951,1951,-0.6666666666666666,0.16666666666666666,5,5,5.0,0,0,0,690,
1957,9940,22,9934,2010,2014,Answer: 2010-2015,2010,2015,0.8333333333333334,0.8333333333333334,0,1,0.5,0,0,0,698,
1958,2007,6,2009,1867,1918,Answer: 1867-1918,1867,1918,1.0,1.0,0,0,0.0,0,0,0,522,
1959,10409,22,9683,2006,2008,Answer: 2006-2009,2006,2009,0.75,0.75,0,1,0.5,0,0,0,682,
1960,2605,17,5935,1937,1937,Answer: ####-####,,,0.0,0.0,,,,0,0,0,595,
1961,4763,14,3592,2010,,Answer: 2010-2019,2010,2019,0.0,0.0,0,,,0,0,0,696,
1962,6455,17,6457,2001,2001,Answer: ####-####,,,0.0,0.0,,,,0,0,0,707,
1963,7345,17,7063,1968,1968,Answer: 1979-1979,1979,1979,-0.8333333333333334,0.08333333333333333,11,11,11.0,0,0,0,699,
1964,10693,22,9549,2005,2006,Answer: 2009-2011,2009,2011,-0.2857142857142857,0.14285714285714285,4,5,4.5,0,0,0,686,
1965,2457,20,6706,1946,1946,Answer: 1947-1947,1947,1947,0.0,0.5,1,1,1.0,0,0,0,730,
1966,9778,22,9781,1996,2007,Answer: 1996-2007,1996,2007,1.0,1.0,0,0,0.0,0,0,0,712,
1967,1245,1,129,1920,,Answer: 1790-2024,1790,2024,0.0,0.0,130,,,0,0,0,689,
1968,115,9,2490,1945,,Answer: 1944-####,1944,1944,0.0,0.0,1,,,0,0,0,738,
1969,5774,16,5784,2006,2006,Answer: ####-####,,,0.0,0.0,,,,0,0,0,701,
1970,8431,17,6465,1916,1916,Answer: ####-####,,,0.0,0.0,,,,0,0,0,669,
1971,10298,22,9989,2004,2007,Answer: 2007-2008,2007,2008,0.2,0.2,3,1,2.0,0,0,0,676,
1972,12279,22,9547,1919,1920,Answer: ####-####,,,0.0,0.0,,,,0,0,0,692,
1973,4658,14,4457,1973,1976,Answer: 1963-1973,1963,1973,0.07142857142857142,0.07142857142857142,10,3,6.5,0,0,0,601,
1974,1890,17,4313,2000,2000,Answer: ####-####,,,0.0,0.0,,,,0,0,0,571,
1975,11281,22,10631,1996,1996,Answer: 1995-1996,1995,1996,0.5,0.5,1,0,0.5,0,0,0,726,
1976,7992,17,7405,1970,1970,Answer: 1971-1971,1971,1971,0.0,0.5,1,1,1.0,0,0,0,743,
1977,10336,22,9765,2006,2006,Answer: ####-####,,,0.0,0.0,,,,0,0,0,714,
1978,11243,22,9824,2006,2007,Answer: 2006-2007,2006,2007,1.0,1.0,0,0,0.0,0,0,0,728,
1979,11494,22,11225,2010,2012,Answer: 2010-2012,2010,2012,1.0,1.0,0,0,0.0,0,0,0,686,
1980,11930,22,9558,2006,2011,Answer: 2019-2021,2019,2021,-0.4375,0.0625,13,10,11.5,0,0,0,678,
1981,10502,22,9817,1995,1995,Answer: ####-####,,,0.0,0.0,,,,0,0,0,728,
1982,11520,22,10198,2004,,Answer: 2003-2010,2003,2010,0.0,0.0,1,,,0,0,0,714,
1983,11384,22,9630,2000,2001,Answer: ####-####,,,0.0,0.0,,,,0,0,0,640,
1984,4717,20,6012,1916,1916,Answer: 1920-1920,1920,1920,-0.6,0.2,4,4,4.0,0,0,0,680,
1985,9268,20,6706,1929,1929,Answer: ####-####,,,0.0,0.0,,,,0,0,0,722,
1986,6858,20,9212,2009,2009,Answer: 2005-2012,2005,2012,0.125,0.125,4,3,3.5,0,0,0,740,
1987,8126,20,6826,1997,1997,Answer: 1965-1999,1965,1999,0.02857142857142857,0.02857142857142857,32,2,17.0,0,0,0,706,
1988,10922,22,9924,2006,2009,Answer: 2010-2012,2010,2012,0.0,0.14285714285714285,4,3,3.5,0,0,0,702,
1989,4922,14,3431,2012,2014,Answer: 1993-2007,1993,2007,-0.18181818181818182,0.045454545454545456,19,7,13.0,0,0,0,724,
1990,4343,14,3454,2017,,Answer: 2019-2024,2019,2024,0.0,0.0,2,,,0,0,0,574,
1991,8702,17,8212,1996,1996,Answer: 1996-1996,1996,1996,1.0,1.0,0,0,0.0,0,0,0,683,
1992,2,6,332,1917,1917,Answer: ####-####,,,0.0,0.0,,,,0,0,0,686,
1993,6968,20,6547,1971,1971,Answer: 1971-1979,1971,1979,0.1111111111111111,0.1111111111111111,0,8,4.0,0,0,0,748,
1994,6968,20,6290,1974,1974,Answer: 1971-1979,1971,1979,0.1111111111111111,0.1111111111111111,3,5,4.0,0,0,0,748,
1995,10752,22,9622,2006,2009,Answer: 2003-2007,2003,2007,0.2857142857142857,0.2857142857142857,3,2,2.5,0,0,0,690,
1996,3159,17,5947,1984,1984,Answer: ####-####,,,0.0,0.0,,,,0,0,0,697,
1997,5466,16,5471,2014,2014,Answer: ####-####,,,0.0,0.0,,,,0,0,0,681,
1998,473,1,304,2015,,Answer: 2015-2024,2015,2024,0.0,0.0,0,,,0,0,0,715,
1999,1229,1,129,1920,,Answer: 1790-2024,1790,2024,0.0,0.0,130,,,0,0,0,683,
2000,12100,22,9712,1952,1953,Answer: ####-####,,,0.0,0.0,,,,0,0,0,688,
2001,11847,22,9894,2009,2009,Answer: 2008-2010,2008,2010,0.3333333333333333,0.3333333333333333,1,1,1.0,0,0,0,736,
2002,10757,22,10295,2011,2012,Answer: 2010-2011,2010,2011,0.3333333333333333,0.3333333333333333,1,1,1.0,0,0,0,674,
2003,8814,20,7119,1989,1989,Answer: 1990-1990,1990,1990,0.0,0.5,1,1,1.0,0,0,0,708,
2004,6796,17,6798,2009,2009,Answer: 2009-2013,2009,2013,0.2,0.2,0,4,2.0,0,0,0,550,
2005,7790,20,8495,1977,1977,Answer: 1997-1997,1997,1997,-0.9047619047619048,0.047619047619047616,20,20,20.0,0,0,0,736,
2006,44,5,1963,1961,,Answer: ####-####,,,0.0,0.0,,,,0,0,0,654,
2007,11513,22,9762,1984,1987,Answer: 1988-1991,1988,1991,0.0,0.125,4,4,4.0,0,0,0,682,
2008,8885,17,6065,2010,2010,Answer: ####-####,,,0.0,0.0,,,,0,0,0,713,
2009,3812,14,4087,1986,1988,Answer: ####-####,,,0.0,0.0,,,,0,0,0,578,
2010,9638,22,9646,2004,2004,Answer: 2002-2004,2002,2004,0.3333333333333333,0.3333333333333333,2,0,1.0,0,0,0,742,
2011,2762,20,7092,1961,1961,Answer: 1970-1970,1970,1970,-0.8,0.1,9,9,9.0,0,0,0,688,
2012,10966,22,10421,1998,1999,Answer: 1996-1998,1996,1998,0.25,0.25,2,1,1.5,0,0,0,742,
2013,11299,22,11300,2010,2011,Answer: ####-####,,,0.0,0.0,,,,0,0,0,674,
2014,1317,1,129,1790,1871,Answer: 1790-2024,1790,2024,0.34893617021276596,0.34893617021276596,0,153,76.5,0,0,0,695,
2015,2768,9,2520,2017,2017,Answer: ####-####,,,0.0,0.0,,,,0,0,0,672,
2016,12085,22,9732,2004,2004,Answer: 2003-2005,2003,2005,0.3333333333333333,0.3333333333333333,1,1,1.0,0,0,0,610,
2017,11776,22,10743,2012,2012,Answer: 2010-2011,2010,2011,0.0,0.3333333333333333,2,1,1.5,0,0,0,684,
2018,7009,20,6722,2012,2012,Answer: 2011-2011,2011,2011,0.0,0.5,1,1,1.0,0,0,0,720,
2019,10863,22,9785,2004,,Answer: 2004-2012,2004,2012,0.0,0.0,0,,,0,0,0,716,
2020,7988,17,6593,2006,2006,Answer: ####-####,,,0.0,0.0,,,,0,0,0,620,
2021,5786,20,7097,2000,2000,Answer: ####-####,,,0.0,0.0,,,,0,0,0,712,
2022,10570,22,10572,2013,2014,Answer: 2010-2013,2010,2013,0.2,0.2,3,1,2.0,0,0,0,684,
2023,7755,17,6780,1989,1989,Answer: 1989-1989,1989,1989,1.0,1.0,0,0,0.0,0,0,0,693,
2024,12254,22,10774,2006,2006,Answer: ####-####,,,0.0,0.0,,,,0,0,0,698,
2025,2724,20,5762,1959,1959,Answer: ####-####,,,0.0,0.0,,,,0,0,0,694,
2026,10232,22,10233,2000,2000,Answer: ####-####,,,0.0,0.0,,,,0,0,0,712,
2027,3970,14,3973,1991,1991,Answer: 2003-2007,2003,2007,-0.6470588235294118,0.058823529411764705,12,16,14.0,0,0,0,706,
2028,6627,17,6578,2007,2007,Answer: ####-####,,,0.0,0.0,,,,0,0,0,695,
2029,3792,14,3509,1989,1989,Answer: 1989-1990,1989,1990,0.5,0.5,0,1,0.5,0,0,0,585,
2030,8874,17,6603,2004,2004,Answer: 1994-1994,1994,1994,-0.8181818181818182,0.09090909090909091,10,10,10.0,0,0,0,743,
2031,11347,22,9738,1982,1985,Answer: 1983-1985,1983,1985,0.75,0.75,1,0,0.5,0,0,0,694,
2032,12037,22,11165,2004,2007,Answer: 2004-2007,2004,2007,1.0,1.0,0,0,0.0,0,0,0,724,
2033,12254,22,10403,2011,2011,Answer: 2011-2011,2011,2011,1.0,1.0,0,0,0.0,0,0,0,700,
2034,11381,22,10311,2014,2014,Answer: 2019-2020,2019,2020,-0.5714285714285714,0.14285714285714285,5,6,5.5,0,0,0,694,
2035,4668,14,3652,2009,2013,Answer: 2009-2013,2009,2013,1.0,1.0,0,0,0.0,0,0,0,596,
2036,1094,15,4971,2016,,Answer: 2016-2016,2016,2016,0.0,0.0,0,,,0,0,0,508,
2037,349,18,623,,2014,Answer: ####-2015,2015,2015,0.0,0.0,,1,,0,0,0,691,
2038,11916,22,10604,2013,2014,Answer: 2010-2012,2010,2012,0.0,0.2,3,2,2.5,0,0,0,680,
2039,4659,14,3793,1855,1858,Answer: 1855-1865,1855,1865,0.36363636363636365,0.36363636363636365,0,7,3.5,0,0,0,764,
2040,11998,22,10479,2010,2011,Answer: 2007-2008,2007,2008,-0.2,0.2,3,3,3.0,0,0,0,680,
2041,7184,20,6706,1951,1951,Answer: ####-####,,,0.0,0.0,,,,0,0,0,716,
2042,10670,22,9587,2012,,Answer: 2012-2018,2012,2018,0.0,0.0,0,,,0,0,0,720,
2043,12473,22,10035,2005,2005,Answer: 2003-2005,2003,2005,0.3333333333333333,0.3333333333333333,2,0,1.0,0,0,0,730,
2044,11419,22,10174,1994,1994,Answer: ####-####,,,0.0,0.0,,,,0,0,0,704,
2045,1,1,46,,1991,Answer: 1945-1991,1945,1991,0.0,0.0,,0,,0,0,0,759,
2046,4784,14,3454,2017,,Answer: 2019-2024,2019,2024,0.0,0.0,2,,,0,0,0,582,
2047,3517,14,3513,1980,1983,Answer: 1980-1983,1980,1983,1.0,1.0,0,0,0.0,0,0,0,694,
2048,7447,17,6780,1950,1950,Answer: 1950-1950,1950,1950,1.0,1.0,0,0,0.0,0,0,0,687,
2049,11926,22,10777,2008,2013,Answer: 2011-2014,2011,2014,0.42857142857142855,0.42857142857142855,3,1,2.0,0,0,0,682,
2050,11697,22,9668,1998,2002,Answer: 2007-2009,2007,2009,-0.3333333333333333,0.08333333333333333,9,7,8.0,0,0,0,678,
2051,7517,17,6061,2008,2008,Answer: ####-####,,,0.0,0.0,,,,0,0,0,685,
2052,1223,1,129,1920,,Answer: 1790-2024,1790,2024,0.0,0.0,130,,,0,0,0,685,
2053,11474,22,10250,1992,1992,Answer: 1983-1987,1983,1987,-0.4,0.1,9,5,7.0,0,0,0,676,
2054,8708,17,6003,1971,1971,Answer: 1967-1972,1967,1972,0.16666666666666666,0.16666666666666666,4,1,2.5,0,0,0,709,
2055,11615,22,10415,2016,,Answer: 2016-2016,2016,2016,0.0,0.0,0,,,0,0,0,690,
2056,7493,17,6952,1964,1964,Answer: 1985-1985,1985,1985,-0.9090909090909091,0.045454545454545456,21,21,21.0,0,0,0,531,
2057,2020,6,2087,,1526,Answer: ####-1920,1920,1920,0.0,0.0,,394,,0,0,0,682,
2058,4888,14,3481,1979,2004,Answer: 1979-2004,1979,2004,1.0,1.0,0,0,0.0,0,0,0,637,
2059,11619,22,10897,2004,2004,Answer: 2007-2008,2007,2008,-0.4,0.2,3,4,3.5,0,0,0,680,
2060,10822,22,9903,2003,2012,Answer: 2000-2010,2000,2010,0.6153846153846154,0.6153846153846154,3,2,2.5,0,0,0,746,
2061,10963,22,9973,2015,,Answer: 2017-2019,2017,2019,0.0,0.0,2,,,0,0,0,690,
2062,3756,14,3496,1837,1839,Answer: ####-####,,,0.0,0.0,,,,0,0,0,562,
2063,11356,22,11247,2009,2009,Answer: ####-####,,,0.0,0.0,,,,0,0,0,700,
2064,1745,17,6277,2009,2009,Answer: 2010-2019,2010,2019,0.0,0.09090909090909091,1,10,5.5,0,0,0,523,
2065,2402,17,7473,1985,1985,Answer: ####-####,,,0.0,0.0,,,,0,0,0,727,
2066,6206,20,6844,1995,1995,Answer: 1950-1997,1950,1997,0.020833333333333332,0.020833333333333332,45,2,23.5,0,0,0,696,
2067,5871,17,5874,1991,1991,Answer: ####-####,,,0.0,0.0,,,,0,0,0,679,
2068,12190,22,10770,2005,2005,Answer: ####-####,,,0.0,0.0,,,,0,0,0,692,
2069,11637,22,9846,2008,2008,Answer: 2007-2010,2007,2010,0.25,0.25,1,2,1.5,0,0,0,680,
2070,12118,22,9679,1986,1991,Answer: 1985-1995,1985,1995,0.5454545454545454,0.5454545454545454,1,4,2.5,0,0,0,718,
2071,9997,22,9582,2005,2008,Answer: 2002-2005,2002,2005,0.14285714285714285,0.14285714285714285,3,3,3.0,0,0,0,676,
2072,11118,22,5651,1987,1988,Answer: 1983-1988,1983,1988,0.3333333333333333,0.3333333333333333,4,0,2.0,0,0,0,690,
2073,11997,22,10394,2001,2003,Answer: ####-####,,,0.0,0.0,,,,0,0,0,666,
2074,3268,13,3269,1994,,Answer: ####-####,,,0.0,0.0,,,,0,0,0,599,
2075,2830,17,7750,1985,1985,Answer: ####-####,,,0.0,0.0,,,,0,0,0,546,
2076,2405,14,3456,2010,2015,Answer: 2017-2019,2017,2019,-0.1,0.1,7,4,5.5,0,0,0,576,
2077,11363,22,2772,2014,2014,Answer: 2013-2014,2013,2014,0.5,0.5,1,0,0.5,0,0,0,672,
2078,10579,22,10548,2011,2014,Answer: 2013-2015,2013,2015,0.4,0.4,2,1,1.5,0,0,0,670,
2079,5370,16,5390,2002,2002,Answer: 2002-2002,2002,2002,1.0,1.0,0,0,0.0,0,0,0,737,
2080,11443,22,10069,1985,1986,Answer: 1993-1995,1993,1995,-0.5454545454545454,0.09090909090909091,8,9,8.5,0,0,0,700,
2081,8740,20,6385,2010,2010,Answer: 2010-2010,2010,2010,1.0,1.0,0,0,0.0,0,0,0,744,
2082,11802,22,10094,1993,1998,Answer: 1993-1998,1993,1998,1.0,1.0,0,0,0.0,0,0,0,706,
2083,10906,22,9587,2002,2010,Answer: 1999-2006,1999,2006,0.4166666666666667,0.4166666666666667,3,4,3.5,0,0,0,736,
2084,8417,20,5402,2016,2016,Answer: 2007-2007,2007,2007,-0.8,0.1,9,9,9.0,0,0,0,740,
2085,9930,22,9651,2008,2010,Answer: 2008-2010,2008,2010,1.0,1.0,0,0,0.0,0,0,0,682,
2086,2055,18,696,,2016,Answer: 1982-2015,1982,2015,0.0,0.0,,1,,0,0,0,582,
2087,10934,22,10187,2009,2012,Answer: ####-####,,,0.0,0.0,,,,0,0,0,700,
2088,7015,20,7016,1987,1987,Answer: ####-####,,,0.0,0.0,,,,0,0,0,702,
2089,5441,20,6280,2007,2007,Answer: 2005-2024,2005,2024,0.05,0.05,2,17,9.5,0,0,0,710,
2090,11402,22,9600,2012,2012,Answer: 2014-2014,2014,2014,-0.3333333333333333,0.3333333333333333,2,2,2.0,0,0,0,680,
2091,9423,20,6780,1926,1926,Answer: 1901-1938,1901,1938,0.02631578947368421,0.02631578947368421,25,12,18.5,0,0,0,696,
2092,1875,10,2920,1991,2007,Answer: 1994-2024,1994,2024,0.4117647058823529,0.4117647058823529,3,17,10.0,0,0,0,717,
2093,10877,22,10107,1996,1996,Answer: 1996-1997,1996,1997,0.5,0.5,0,1,0.5,0,0,0,682,
2094,8258,20,8264,1998,1998,Answer: 1993-2011,1993,2011,0.05263157894736842,0.05263157894736842,5,13,9.0,0,0,0,738,
2095,11603,22,5590,1987,1992,Answer: ####-####,,,0.0,0.0,,,,0,0,0,708,
2096,7753,17,7754,2004,2004,Answer: ####-####,,,0.0,0.0,,,,0,0,0,705,
2097,11764,22,10292,1995,1996,Answer: ####-####,,,0.0,0.0,,,,0,0,0,680,
2098,12259,22,10644,1997,1997,Answer: 1996-1997,1996,1997,0.5,0.5,1,0,0.5,0,0,0,651,
2099,785,5,1993,1962,,Answer: ####-####,,,0.0,0.0,,,,0,0,0,551,
2100,12214,22,9665,2012,2013,Answer: 1998-2002,1998,2002,-0.5625,0.0625,14,11,12.5,0,0,0,686,
2101,11887,22,9693,2001,2005,Answer: ####-####,,,0.0,0.0,,,,0,0,0,694,
2102,8073,20,5970,1985,1985,Answer: 1985-1989,1985,1989,0.2,0.2,0,4,2.0,0,0,0,694,
2103,8258,20,9200,1997,1997,Answer: 1995-2005,1995,2005,0.09090909090909091,0.09090909090909091,2,8,5.0,0,0,0,736,
2104,7825,17,6384,1988,1988,Answer: 1989-1989,1989,1989,0.0,0.5,1,1,1.0,0,0,0,715,
2105,4928,14,3444,1984,1992,Answer: 1965-1978,1965,1978,-0.17857142857142858,0.03571428571428571,19,14,16.5,0,0,0,540,
2106,6231,20,6233,1986,1986,Answer: 1968-1968,1968,1968,-0.8947368421052632,0.05263157894736842,18,18,18.0,0,0,0,728,
2107,10425,22,10288,1992,1992,Answer: 1983-1989,1983,1989,-0.2,0.1,9,3,6.0,0,0,0,680,
2108,3008,17,6416,1994,1994,Answer: 1998-1998,1998,1998,-0.6,0.2,4,4,4.0,0,0,0,705,
2109,12168,22,9720,2013,2014,Answer: 2011-2012,2011,2012,0.0,0.25,2,2,2.0,0,0,0,698,
2110,10728,22,10456,2000,2005,Answer: 2009-2013,2009,2013,-0.21428571428571427,0.07142857142857142,9,8,8.5,0,0,0,688,
2111,3288,13,3263,1961,,Answer: 1961-1961,1961,1961,0.0,0.0,0,,,0,0,0,747,
2112,11971,22,9625,2006,2008,Answer: 2010-2011,2010,2011,-0.16666666666666666,0.16666666666666666,4,3,3.5,0,0,0,686,
2113,7906,17,7912,2012,2012,Answer: 2000-2017,2000,2017,0.05555555555555555,0.05555555555555555,12,5,8.5,0,0,0,711,
2114,6609,22,10258,2012,,Answer: 2013-2017,2013,2017,0.0,0.0,1,,,0,0,0,746,
2115,5690,22,5651,1964,1974,Answer: 1964-1974,1964,1974,1.0,1.0,0,0,0.0,0,0,0,682,
2116,1865,20,6706,1950,1950,Answer: 1950-1950,1950,1950,1.0,1.0,0,0,0.0,0,0,0,734,
2117,861,15,4982,,2014,Answer: ####-2015,2015,2015,0.0,0.0,,1,,0,0,0,567,
2118,6414,23,3026,1924,1928,Answer: 1924-1928,1924,1928,1.0,1.0,0,0,0.0,0,0,0,668,
2119,3527,14,3473,1997,2001,Answer: 1997-2001,1997,2001,1.0,1.0,0,0,0.0,0,0,0,580,
2120,649,1,642,2016,,Answer: ####-####,,,0.0,0.0,,,,0,0,0,703,
2121,12036,22,10719,1998,1998,Answer: ####-####,,,0.0,0.0,,,,0,0,0,686,
2122,12248,22,2999,1972,1973,Answer: 1967-1972,1967,1972,0.14285714285714285,0.14285714285714285,5,1,3.0,0,0,0,692,
2123,12093,22,10781,1980,1980,Answer: 1975-1976,1975,1976,-0.5,0.16666666666666666,5,4,4.5,0,0,0,692,
2124,10747,22,9683,1992,1995,Answer: 1992-1995,1992,1995,1.0,1.0,0,0,0.0,0,0,0,678,
2125,4801,14,3454,2017,,Answer: 2017-2019,2017,2019,0.0,0.0,0,,,0,0,0,576,
2126,11665,22,10102,2015,,Answer: 2003-2024,2003,2024,0.0,0.0,12,,,0,0,0,660,
2127,364,1,28,1937,1991,Answer: 1917-1991,1917,1991,0.7333333333333333,0.7333333333333333,20,0,10.0,0,0,0,771,
2128,11688,22,11154,2016,,Answer: ####-####,,,0.0,0.0,,,,0,0,0,682,
2129,4822,14,3456,2010,2015,Answer: 2019-2024,2019,2024,-0.2,0.06666666666666667,9,9,9.0,0,0,0,576,
2130,12073,22,10088,1996,1997,Answer: 2007-2008,2007,2008,-0.6923076923076923,0.07692307692307693,11,11,11.0,0,0,0,678,
2131,10506,22,9902,2008,2009,Answer: 2007-2010,2007,2010,0.5,0.5,1,1,1.0,0,0,0,734,
2132,3868,14,3869,1945,1946,Answer: 1946-1958,1946,1958,0.07142857142857142,0.07142857142857142,1,12,6.5,0,0,0,702,
2133,1138,1,126,1871,1920,Answer: ####-####,,,0.0,0.0,,,,0,0,0,711,
2134,10748,22,9712,1997,1998,Answer: 1997-2000,1997,2000,0.5,0.5,0,2,1.0,0,0,0,686,
2135,12469,22,10285,1950,1951,Answer: 1947-1949,1947,1949,0.0,0.2,3,2,2.5,0,0,0,682,
2136,2424,17,7301,1983,1983,Answer: 1978-1978,1978,1978,-0.6666666666666666,0.16666666666666666,5,5,5.0,0,0,0,719,
2137,83,1,58,1921,1945,Answer: 1921-1945,1921,1945,1.0,1.0,0,0,0.0,0,0,0,761,
2138,1847,17,5874,2009,2009,Answer: 2010-2010,2010,2010,0.0,0.5,1,1,1.0,0,0,0,673,
2139,7886,17,7838,1984,1984,Answer: ####-####,,,0.0,0.0,,,,0,0,0,747,
2140,12217,22,11569,2000,2001,Answer: ####-####,,,0.0,0.0,,,,0,0,0,690,
2141,6164,17,6169,2002,2002,Answer: ####-####,,,0.0,0.0,,,,0,0,0,723,
2142,4679,14,4241,1997,2000,Answer: 1997-2000,1997,2000,1.0,1.0,0,0,0.0,0,0,0,706,
2143,11255,22,9769,2016,,Answer: ####-####,,,0.0,0.0,,,,0,0,0,716,
2144,8126,17,7096,1978,1978,Answer: 1960-2004,1960,2004,0.022222222222222223,0.022222222222222223,18,26,22.0,0,0,0,715,
2145,4205,14,3855,1980,1989,Answer: 1962-1967,1962,1967,-0.42857142857142855,0.03571428571428571,18,22,20.0,0,0,0,599,
2146,10108,22,10111,1989,1991,Answer: 1990-1991,1990,1991,0.6666666666666666,0.6666666666666666,1,0,0.5,0,0,0,700,
2147,11942,22,9937,1976,1977,Answer: 1974-1979,1974,1979,0.3333333333333333,0.3333333333333333,2,2,2.0,0,0,0,696,
2148,1378,1,953,1790,1871,Answer: 1790-2024,1790,2024,0.34893617021276596,0.34893617021276596,0,153,76.5,0,0,0,691,
2149,7790,17,7066,1996,1996,Answer: 1991-1991,1991,1991,-0.6666666666666666,0.16666666666666666,5,5,5.0,0,0,0,673,
2150,2173,6,2055,1992,,Answer: 1992-1992,1992,1992,0.0,0.0,0,,,0,0,0,525,
2151,8751,20,7301,1975,1975,Answer: 1994-1994,1994,1994,-0.9,0.05,19,19,19.0,0,0,0,712,
2152,4090,14,4034,1996,2001,Answer: ####-####,,,0.0,0.0,,,,0,0,0,670,
2153,12111,22,9725,2006,2010,Answer: ####-####,,,0.0,0.0,,,,0,0,0,726,
2154,11473,22,10580,2005,2008,Answer: 2008-2011,2008,2011,0.14285714285714285,0.14285714285714285,3,3,3.0,0,0,0,674,
2155,7355,20,6780,1957,1957,Answer: ####-####,,,0.0,0.0,,,,0,0,0,690,
2156,2470,20,7605,2007,2007,Answer: 1976-2014,1976,2014,0.02564102564102564,0.02564102564102564,31,7,19.0,0,0,0,702,
2157,5690,22,9738,1960,1960,Answer: ####-####,,,0.0,0.0,,,,0,0,0,692,
2158,7170,20,7092,1947,1947,Answer: 1954-1954,1954,1954,-0.75,0.125,7,7,7.0,0,0,0,678,
2159,10907,22,9974,2002,2005,Answer: 2003-2006,2003,2006,0.6,0.6,1,1,1.0,0,0,0,678,
2160,5389,20,6365,2000,2000,Answer: 1999-2003,1999,2003,0.2,0.2,1,3,2.0,0,0,0,679,
2161,8674,17,8675,2004,2004,Answer: 2003-2003,2003,2003,0.0,0.5,1,1,1.0,0,0,0,735,
2162,6108,17,6109,1910,1910,Answer: ####-####,,,0.0,0.0,,,,0,0,0,579,
2163,8042,17,8044,2005,2005,Answer: 2005-2006,2005,2006,0.5,0.5,0,1,0.5,0,0,0,743,
2164,8548,17,6169,1928,1928,Answer: ####-####,,,0.0,0.0,,,,0,0,0,703,
2165,3577,14,3458,2001,2005,Answer: 2001-2005,2001,2005,1.0,1.0,0,0,0.0,0,0,0,608,
2166,11833,22,10564,2009,2009,Answer: 2005-2005,2005,2005,-0.6,0.2,4,4,4.0,0,0,0,700,
2167,12031,22,9672,2003,2005,Answer: 1997-2000,1997,2000,-0.2222222222222222,0.1111111111111111,6,5,5.5,0,0,0,686,
2168,12440,22,11035,2011,2011,Answer: 2007-2009,2007,2009,-0.2,0.2,4,2,3.0,0,0,0,682,
2169,444,18,660,,1977,Answer: 1946-1978,1946,1978,0.0,0.0,,1,,0,0,0,605,
2170,10598,22,10600,2013,2015,Answer: 1999-2002,1999,2002,-0.5882352941176471,0.058823529411764705,14,13,13.5,0,0,0,680,
2171,3660,14,3661,1996,1997,Answer: 1996-2007,1996,2007,0.16666666666666666,0.16666666666666666,0,10,5.0,0,0,0,704,
2172,8438,20,6780,1931,1931,Answer: 1901-1938,1901,1938,0.02631578947368421,0.02631578947368421,30,7,18.5,0,0,0,694,
2173,10696,22,10697,2005,2006,Answer: 2008-2008,2008,2008,-0.25,0.25,3,2,2.5,0,0,0,698,
2174,10026,22,10029,2009,2011,Answer: 2021-2023,2021,2023,-0.6,0.06666666666666667,12,12,12.0,0,0,0,692,
2175,3999,14,3454,2017,,Answer: 2017-2019,2017,2019,0.0,0.0,0,,,0,0,0,572,
2176,11559,22,10536,2016,,Answer: 2013-2014,2013,2014,0.0,0.0,3,,,0,0,0,659,
2177,10968,22,10093,2004,2005,Answer: 2013-2015,2013,2015,-0.5833333333333334,0.08333333333333333,9,10,9.5,0,0,0,702,
2178,11446,22,9779,1998,2000,Answer: ####-####,,,0.0,0.0,,,,0,0,0,672,
2179,5548,16,5719,1989,1989,Answer: 1982-2010,1982,2010,0.034482758620689655,0.034482758620689655,7,21,14.0,0,0,0,697,
2180,11794,22,10166,2004,2004,Answer: 2003-2004,2003,2004,0.5,0.5,1,0,0.5,0,0,0,746,
2181,5667,20,7860,1979,1979,Answer: 1966-1999,1966,1999,0.029411764705882353,0.029411764705882353,13,20,16.5,0,0,0,708,
2182,380,6,31,1478,1547,Answer: 1300-1547,1300,1547,0.28225806451612906,0.28225806451612906,178,0,89.0,0,0,0,668,
2183,12034,22,10910,2004,2009,Answer: 2005-2008,2005,2008,0.6666666666666666,0.6666666666666666,1,1,1.0,0,0,0,676,
2184,7977,20,7255,2008,2008,Answer: 2008-2008,2008,2008,1.0,1.0,0,0,0.0,0,0,0,690,
2185,7785,20,7405,1988,1988,Answer: 1966-1980,1966,1980,-0.30434782608695654,0.043478260869565216,22,8,15.0,0,0,0,740,
2186,7102,17,6232,2002,2002,Answer: ####-####,,,0.0,0.0,,,,0,0,0,669,
2187,9922,22,9926,2014,2015,Answer: 2010-2012,2010,2012,-0.16666666666666666,0.16666666666666666,4,3,3.5,0,0,0,694,
2188,5504,17,6318,2007,2007,Answer: 2006-2009,2006,2009,0.25,0.25,1,2,1.5,0,0,0,567,
2189,10837,22,10765,2001,2002,Answer: 1988-1996,1988,1996,-0.26666666666666666,0.06666666666666667,13,6,9.5,0,0,0,700,
2190,5774,16,5782,1990,1990,Answer: ####-####,,,0.0,0.0,,,,0,0,0,701,
2191,11533,22,9830,2004,2006,Answer: ####-####,,,0.0,0.0,,,,0,0,0,728,
2192,7481,17,7482,1993,1993,Answer: ####-####,,,0.0,0.0,,,,0,0,0,739,
2193,5810,17,8823,2010,2010,Answer: 2009-2010,2009,2010,0.5,0.5,1,0,0.5,0,0,0,759,
2194,11860,22,9895,2009,,Answer: 2008-2010,2008,2010,0.0,0.0,1,,,0,0,0,612,
2195,11047,22,10057,2010,2013,Answer: 2010-2013,2010,2013,1.0,1.0,0,0,0.0,0,0,0,676,
2196,11043,22,9993,2001,2002,Answer: ####-####,,,0.0,0.0,,,,0,0,0,680,
2197,11985,22,10595,1970,1971,Answer: 1970-1972,1970,1972,0.6666666666666666,0.6666666666666666,0,1,0.5,0,0,0,674,
2198,8474,20,6780,1965,1965,Answer: ####-####,,,0.0,0.0,,,,0,0,0,688,
2199,3174,14,3976,1993,1998,Answer: 1992-1997,1992,1997,0.7142857142857143,0.7142857142857143,1,1,1.0,0,0,0,714,
2200,3374,13,3255,1862,,Answer: 1913-1913,1913,1913,0.0,0.0,51,,,0,0,0,483,
2201,11206,22,10589,2007,2008,Answer: 2010-2011,2010,2011,-0.2,0.2,3,3,3.0,0,0,0,706,
2202,7269,20,7092,1939,1939,Answer: 1951-1951,1951,1951,-0.8461538461538461,0.07692307692307693,12,12,12.0,0,0,0,690,
2203,11347,22,5649,1984,1987,Answer: 1984-1989,1984,1989,0.6666666666666666,0.6666666666666666,0,2,1.0,0,0,0,682,
2204,12155,22,10767,2012,2012,Answer: 2007-2011,2007,2011,0.0,0.16666666666666666,5,1,3.0,0,0,0,682,
2205,1893,20,7092,1954,1954,Answer: 1967-1967,1967,1967,-0.8571428571428571,0.07142857142857142,13,13,13.0,0,0,0,682,
2206,8006,17,7070,1993,1993,Answer: 1985-1985,1985,1985,-0.7777777777777778,0.1111111111111111,8,8,8.0,0,0,0,669,
2207,8725,20,8726,2012,2012,Answer: ####-####,,,0.0,0.0,,,,0,0,0,726,
2208,2420,17,6702,1980,1980,Answer: 1965-1991,1965,1991,0.037037037037037035,0.037037037037037035,15,11,13.0,0,0,0,701,
2209,2100,9,2494,1992,,Answer: 1993-2024,1993,2024,0.0,0.0,1,,,0,0,0,724,
2210,9160,19,284,1511,1515,Answer: 1494-1515,1494,1515,0.22727272727272727,0.22727272727272727,17,0,8.5,0,0,0,654,
2211,12156,22,11018,2011,2011,Answer: ####-####,,,0.0,0.0,,,,0,0,0,534,
2212,11668,22,10553,1994,1996,Answer: 1991-1996,1991,1996,0.5,0.5,3,0,1.5,0,0,0,726,
2213,11862,22,10713,2014,2015,Answer: ####-####,,,0.0,0.0,,,,0,0,0,688,
2214,1860,23,3002,1861,1862,Answer: 1860-1865,1860,1865,0.3333333333333333,0.3333333333333333,1,3,2.0,0,0,0,696,
2215,8579,17,6363,1996,1996,Answer: 1985-2007,1985,2007,0.043478260869565216,0.043478260869565216,11,11,11.0,0,0,0,703,
2216,7740,20,6780,1961,1961,Answer: ####-####,,,0.0,0.0,,,,0,0,0,692,
2217,7373,20,6385,1988,1988,Answer: 1989-1989,1989,1989,0.0,0.5,1,1,1.0,0,0,0,740,
2218,11402,22,10189,2000,2004,Answer: ####-####,,,0.0,0.0,,,,0,0,0,682,
2219,9094,22,10157,2016,,Answer: 2008-2010,2008,2010,0.0,0.0,8,,,0,0,0,702,
2220,10120,22,9791,2007,2008,Answer: 2010-2010,2010,2010,-0.25,0.25,3,2,2.5,0,0,0,710,
2221,10584,22,9579,1995,2005,Answer: 1993-2005,1993,2005,0.8461538461538461,0.8461538461538461,2,0,1.0,0,0,0,676,
2222,10347,22,9784,2015,2015,Answer: 2012-2014,2012,2014,0.0,0.25,3,1,2.0,0,0,0,710,
2223,11699,22,10497,2008,2010,Answer: ####-####,,,0.0,0.0,,,,0,0,0,710,
2224,1874,20,7092,1963,1963,Answer: 1968-1968,1968,1968,-0.6666666666666666,0.16666666666666666,5,5,5.0,0,0,0,700,
2225,11002,22,10008,2014,2014,Answer: 2013-2014,2013,2014,0.5,0.5,1,0,0.5,0,0,0,678,
2226,9883,22,9888,2009,2010,Answer: 2010-2011,2010,2011,0.3333333333333333,0.3333333333333333,1,1,1.0,0,0,0,692,
2227,3306,13,3247,1966,,Answer: 1966-1966,1966,1966,0.0,0.0,0,,,0,0,0,743,
2228,6656,17,7480,2009,2009,Answer: 2015-2016,2015,2016,-0.625,0.125,6,7,6.5,0,0,0,751,
2229,3020,17,5983,2003,2003,Answer: ####-####,,,0.0,0.0,,,,0,0,0,707,
2230,12434,22,9829,2006,2007,Answer: ####-####,,,0.0,0.0,,,,0,0,0,682,
2231,8717,20,8636,1989,1989,Answer: ####-####,,,0.0,0.0,,,,0,0,0,738,
2232,11877,22,10740,2011,2011,Answer: 2017-2018,2017,2018,-0.625,0.125,6,7,6.5,0,0,0,678,
2233,10478,22,10263,2016,,Answer: 2005-2007,2005,2007,0.0,0.0,11,,,0,0,0,702,
2234,8581,17,6172,1977,1977,Answer: ####-####,,,0.0,0.0,,,,0,0,0,691,
2235,11131,22,10204,2004,2008,Answer: ####-####,,,0.0,0.0,,,,0,0,0,672,
2236,4440,14,3608,1954,1954,Answer: 1950-1953,1950,1953,0.0,0.2,4,1,2.5,0,0,0,706,
2237,11896,22,10777,2012,2016,Answer: 2010-2013,2010,2013,0.2857142857142857,0.2857142857142857,2,3,2.5,0,0,0,686,
2238,6663,20,6664,1999,1999,Answer: 1999-2007,1999,2007,0.1111111111111111,0.1111111111111111,0,8,4.0,0,0,0,693,
2239,6828,17,6829,2009,2009,Answer: ####-####,,,0.0,0.0,,,,0,0,0,537,
2240,8417,17,7471,2008,2008,Answer: 2008-2008,2008,2008,1.0,1.0,0,0,0.0,0,0,0,733,
2241,7635,20,7092,1958,1958,Answer: ####-####,,,0.0,0.0,,,,0,0,0,690,
2242,8899,17,5832,2010,2010,Answer: ####-####,,,0.0,0.0,,,,0,0,0,749,
2243,5370,16,5383,1999,1999,Answer: ####-####,,,0.0,0.0,,,,0,0,0,729,
2244,11696,22,9734,1986,1987,Answer: 1993-1994,1993,1994,-0.5555555555555556,0.1111111111111111,7,7,7.0,0,0,0,698,
2245,11822,22,10433,2011,2012,Answer: ####-####,,,0.0,0.0,,,,0,0,0,670,
2246,8854,22,10258,1994,2007,Answer: 1995-2005,1995,2005,0.7857142857142857,0.7857142857142857,1,2,1.5,0,0,0,740,
2247,11215,22,10637,1981,1981,Answer: 1983-1983,1983,1983,-0.3333333333333333,0.3333333333333333,2,2,2.0,0,0,0,706,
2248,11658,22,9683,2005,2005,Answer: 2007-2010,2007,2010,-0.16666666666666666,0.16666666666666666,2,5,3.5,0,0,0,682,
2249,5678,16,5504,2011,2011,Answer: 2010-2017,2010,2017,0.125,0.125,1,6,3.5,0,0,0,549,
2250,4083,14,3973,1995,1999,Answer: 1994-2003,1994,2003,0.5,0.5,1,4,2.5,0,0,0,724,
2251,12335,22,9905,2003,2005,Answer: 2001-2002,2001,2002,0.0,0.2,2,3,2.5,0,0,0,694,
2252,3168,17,6738,2014,2014,Answer: ####-####,,,0.0,0.0,,,,0,0,0,737,
2253,11769,22,10787,2010,2013,Answer: 2009-2010,2009,2010,0.2,0.2,1,3,2.0,0,0,0,678,
2254,1383,1,129,1790,1871,Answer: 1790-2024,1790,2024,0.34893617021276596,0.34893617021276596,0,153,76.5,0,0,0,681,
2255,4119,14,3573,1999,2003,Answer: 1999-2003,1999,2003,1.0,1.0,0,0,0.0,0,0,0,615,
2256,2265,17,6514,1994,1994,Answer: 1994-1994,1994,1994,1.0,1.0,0,0,0.0,0,0,0,747,
2257,11880,22,10463,2008,2009,Answer: 2001-2003,2001,2003,-0.4444444444444444,0.1111111111111111,7,6,6.5,0,0,0,694,
2258,5698,22,5649,1997,2000,Answer: 1997-2000,1997,2000,1.0,1.0,0,0,0.0,0,0,0,678,
2259,8542,17,6527,1970,1970,Answer: 1970-1970,1970,1970,1.0,1.0,0,0,0.0,0,0,0,675,
2260,2838,23,12546,1983,1983,Answer: 1979-1983,1979,1983,0.2,0.2,4,0,2.0,0,0,0,672,
2261,10694,22,9776,1988,1989,Answer: 1993-1994,1993,1994,-0.42857142857142855,0.14285714285714285,5,5,5.0,0,0,0,688,
2262,10282,22,10283,2007,2009,Answer: 2021-2022,2021,2022,-0.6875,0.0625,14,13,13.5,0,0,0,666,
2263,11185,22,10231,2016,,Answer: 2000-2002,2000,2002,0.0,0.0,16,,,0,0,0,700,
2264,8011,20,8012,2007,2007,Answer: 1998-2009,1998,2009,0.08333333333333333,0.08333333333333333,9,2,5.5,0,0,0,732,
2265,12471,22,10311,2013,2013,Answer: 2010-2011,2010,2011,-0.25,0.25,3,2,2.5,0,0,0,682,
2266,4047,17,6153,1996,1996,Answer: 1996-1996,1996,1996,1.0,1.0,0,0,0.0,0,0,0,699,
2267,11769,22,10044,2001,2004,Answer: 2000-2003,2000,2003,0.6,0.6,1,1,1.0,0,0,0,730,
2268,12007,22,10743,2015,,Answer: 2014-2015,2014,2015,0.0,0.0,1,,,0,0,0,676,
2269,7312,20,5572,2010,2010,Answer: 2010-2010,2010,2010,1.0,1.0,0,0,0.0,0,0,0,688,
2270,5756,17,6159,1962,1962,Answer: 1969-1969,1969,1969,-0.75,0.125,7,7,7.0,0,0,0,733,
2271,7312,20,7609,2010,2010,Answer: 2010-2010,2010,2010,1.0,1.0,0,0,0.0,0,0,0,732,
2272,3178,17,5947,1938,1938,Answer: ####-####,,,0.0,0.0,,,,0,0,0,681,
2273,11324,22,9970,2006,2007,Answer: 2006-2007,2006,2007,1.0,1.0,0,0,0.0,0,0,0,726,
2274,5639,16,5641,1999,1999,Answer: ####-####,,,0.0,0.0,,,,0,0,0,721,
2275,10867,22,9984,1994,1995,Answer: ####-####,,,0.0,0.0,,,,0,0,0,690,
2276,11014,22,10271,2013,2013,Answer: ####-####,,,0.0,0.0,,,,0,0,0,678,
2277,25,17,5104,1965,1965,Answer: 1965-1965,1965,1965,1.0,1.0,0,0,0.0,0,0,0,689,
2278,11581,22,10558,1999,2000,Answer: 2007-2007,2007,2007,-0.6666666666666666,0.1111111111111111,8,7,7.5,0,0,0,672,
2279,10451,22,9618,2008,2010,Answer: ####-####,,,0.0,0.0,,,,0,0,0,670,
2280,5678,16,5698,2006,2006,Answer: 2005-2006,2005,2006,0.5,0.5,1,0,0.5,0,0,0,665,
2281,69,0,74,1930,1944,Answer: ####-####,,,0.0,0.0,,,,0,0,0,677,
2282,10936,22,9668,2011,2013,Answer: 2013-2015,2013,2015,0.2,0.2,2,2,2.0,0,0,0,676,
2283,12012,22,11226,1996,1999,Answer: 1996-1998,1996,1998,0.75,0.75,0,1,0.5,0,0,0,688,
2284,8617,17,6240,1998,1998,Answer: 1988-2001,1988,2001,0.07142857142857142,0.07142857142857142,10,3,6.5,0,0,0,542,
2285,9869,22,9539,2000,2003,Answer: 2000-2002,2000,2002,0.75,0.75,0,1,0.5,0,0,0,692,
2286,11859,22,11380,2004,2007,Answer: 2003-2007,2003,2007,0.8,0.8,1,0,0.5,0,0,0,674,
2287,11999,22,10211,2007,2012,Answer: ####-####,,,0.0,0.0,,,,0,0,0,690,
2288,3527,14,3526,1998,1998,Answer: 1997-1998,1997,1998,0.5,0.5,1,0,0.5,0,0,0,581,
2289,8011,17,6446,2001,2001,Answer: ####-####,,,0.0,0.0,,,,0,0,0,735,
2290,4588,14,3437,2001,2005,Answer: ####-####,,,0.0,0.0,,,,0,0,0,539,
2291,2098,6,2099,2004,2007,Answer: 2004-2007,2004,2007,1.0,1.0,0,0,0.0,0,0,0,662,
2292,11513,22,9650,1997,1998,Answer: 1997-1998,1997,1998,1.0,1.0,0,0,0.0,0,0,0,662,
2293,4788,14,3454,2017,,Answer: 2019-2024,2019,2024,0.0,0.0,2,,,0,0,0,576,
2294,3276,13,3269,1987,,Answer: ####-####,,,0.0,0.0,,,,0,0,0,573,
2295,6361,17,6362,1981,1981,Answer: 1975-1975,1975,1975,-0.7142857142857143,0.14285714285714285,6,6,6.0,0,0,0,675,
2296,7888,17,6471,2006,2006,Answer: ####-####,,,0.0,0.0,,,,0,0,0,721,
2297,4630,14,3721,1936,1936,Answer: 1936-1936,1936,1936,1.0,1.0,0,0,0.0,0,0,0,698,
2298,12314,22,10522,2003,2007,Answer: ####-####,,,0.0,0.0,,,,0,0,0,645,
2299,12482,22,10790,1985,1986,Answer: ####-####,,,0.0,0.0,,,,0,0,0,540,
2300,9179,20,5762,1903,1903,Answer: 1901-1928,1901,1928,0.03571428571428571,0.03571428571428571,2,25,13.5,0,0,0,694,
2301,11259,22,9572,2016,2016,Answer: 2012-2015,2012,2015,0.0,0.2,4,1,2.5,0,0,0,690,
2302,8630,17,6543,2013,2013,Answer: ####-####,,,0.0,0.0,,,,0,0,0,683,
2303,11558,22,9830,2004,2005,Answer: 2004-2004,2004,2004,0.5,0.5,0,1,0.5,0,0,0,726,
2304,3682,14,3473,1997,2001,Answer: 1997-2001,1997,2001,1.0,1.0,0,0,0.0,0,0,0,576,
2305,9425,20,6706,1929,1929,Answer: ####-####,,,0.0,0.0,,,,0,0,0,730,
2306,4454,14,3456,2011,2015,Answer: 2017-2019,2017,2019,-0.1111111111111111,0.1111111111111111,6,4,5.0,0,0,0,574,
2307,11989,22,11591,2007,2008,Answer: 2010-2013,2010,2013,-0.14285714285714285,0.14285714285714285,3,5,4.0,0,0,0,621,
2308,7984,17,7510,2014,2014,Answer: ####-####,,,0.0,0.0,,,,0,0,0,685,
2309,12155,22,10910,2000,2004,Answer: 2007-2011,2007,2011,-0.16666666666666666,0.08333333333333333,7,7,7.0,0,0,0,690,
2310,7483,17,5942,1972,1972,Answer: 1934-1976,1934,1976,0.023255813953488372,0.023255813953488372,38,4,21.0,0,0,0,689,
2311,8466,17,6341,2002,2002,Answer: ####-####,,,0.0,0.0,,,,0,0,0,745,
2312,2428,17,6468,2000,2000,Answer: ####-####,,,0.0,0.0,,,,0,0,0,737,
2313,2658,9,2491,1963,,Answer: 1963-2024,1963,2024,0.0,0.0,0,,,0,0,0,696,
2314,10338,22,9746,2002,2002,Answer: 1995-1996,1995,1996,-0.625,0.125,7,6,6.5,0,0,0,680,
2315,3344,13,3255,1966,,Answer: ####-####,,,0.0,0.0,,,,0,0,0,611,
2316,2142,6,2027,1918,1939,Answer: ####-####,,,0.0,0.0,,,,0,0,0,644,
2317,10511,22,10385,1986,1989,Answer: 1986-1989,1986,1989,1.0,1.0,0,0,0.0,0,0,0,708,
2318,11836,22,9757,2008,2012,Answer: 2007-2012,2007,2012,0.8333333333333334,0.8333333333333334,1,0,0.5,0,0,0,670,
2319,10293,22,10296,2016,,Answer: 2017-2018,2017,2018,0.0,0.0,1,,,0,0,0,553,
2320,10768,22,10125,2014,2014,Answer: 2013-2013,2013,2013,0.0,0.5,1,1,1.0,0,0,0,686,
2321,11356,22,10917,2000,2008,Answer: 1999-2007,1999,2007,0.8,0.8,1,1,1.0,0,0,0,736,
2322,11335,22,11336,2009,2009,Answer: 2007-2008,2007,2008,0.0,0.3333333333333333,2,1,1.5,0,0,0,684,
2323,67,1,68,,2015,Answer: 2015-2015,2015,2015,0.0,0.0,,0,,0,0,0,577,
2324,1909,14,4274,1991,2002,Answer: 1999-2002,1999,2002,0.3333333333333333,0.3333333333333333,8,0,4.0,0,0,0,566,
2325,11546,22,9618,1998,2000,Answer: 2003-2004,2003,2004,-0.2857142857142857,0.14285714285714285,5,4,4.5,0,0,0,678,
2326,11570,22,10553,1996,1996,Answer: ####-####,,,0.0,0.0,,,,0,0,0,736,
2327,5756,20,7780,1969,1969,Answer: 1962-1979,1962,1979,0.05555555555555555,0.05555555555555555,7,10,8.5,0,0,0,740,
2328,4963,17,4312,,2016,Answer: ####-####,,,0.0,0.0,,,,0,0,0,691,
2329,2945,14,4034,1883,,Answer: ####-####,,,0.0,0.0,,,,0,0,0,662,
2330,1956,6,2040,1918,1947,Answer: 1919-1947,1919,1947,0.9666666666666667,0.9666666666666667,1,0,0.5,0,0,0,630,
2331,10647,22,9912,2003,2006,Answer: 2002-2012,2002,2012,0.36363636363636365,0.36363636363636365,1,6,3.5,0,0,0,740,
2332,11177,22,9603,2001,2006,Answer: 2001-2007,2001,2007,0.8571428571428571,0.8571428571428571,0,1,0.5,0,0,0,688,
2333,10293,22,10295,2014,2015,Answer: 2015-2016,2015,2016,0.3333333333333333,0.3333333333333333,1,1,1.0,0,0,0,672,
2334,11733,22,10687,2013,2014,Answer: ####-####,,,0.0,0.0,,,,0,0,0,666,
2335,6978,17,7088,1976,1976,Answer: ####-####,,,0.0,0.0,,,,0,0,0,693,
2336,11970,22,11832,1995,1997,Answer: 2000-2003,2000,2003,-0.2222222222222222,0.1111111111111111,5,6,5.5,0,0,0,674,
2337,4922,14,3431,1997,2002,Answer: 1993-2007,1993,2007,0.4,0.4,4,5,4.5,0,0,0,724,
2338,47,6,29,1922,1991,Answer: 1922-1991,1922,1991,1.0,1.0,0,0,0.0,0,0,0,646,
2339,5370,16,5374,1985,1985,Answer: 1985-1985,1985,1985,1.0,1.0,0,0,0.0,0,0,0,721,
2340,11115,22,10171,1997,2002,Answer: 1994-2004,1994,2004,0.5454545454545454,0.5454545454545454,3,2,2.5,0,0,0,720,
2341,8991,17,7063,1958,1958,Answer: 1940-1960,1940,1960,0.047619047619047616,0.047619047619047616,18,2,10.0,0,0,0,695,
2342,10941,22,9886,2003,2007,Answer: ####-####,,,0.0,0.0,,,,0,0,0,680,
2343,12012,22,11496,1991,1992,Answer: 1990-1990,1990,1990,0.0,0.3333333333333333,1,2,1.5,0,0,0,692,
2344,6683,17,5987,1927,1927,Answer: ####-####,,,0.0,0.0,,,,0,0,0,679,
2345,11962,22,10073,2007,,Answer: 2023-2023,2023,2023,0.0,0.0,16,,,0,0,0,700,
2346,6119,17,6120,1978,1978,Answer: 1960-1989,1960,1989,0.03333333333333333,0.03333333333333333,18,11,14.5,0,0,0,683,
2347,4891,17,6637,1954,1954,Answer: ####-####,,,0.0,0.0,,,,0,0,0,741,
2348,9151,22,9861,1993,1995,Answer: 1997-1998,1997,1998,-0.16666666666666666,0.16666666666666666,4,3,3.5,0,0,0,666,
2349,10977,22,10270,2011,2011,Answer: ####-####,,,0.0,0.0,,,,0,0,0,627,
2350,1956,6,2008,1813,1867,Answer: 1804-1867,1804,1867,0.859375,0.859375,9,0,4.5,0,0,0,650,
2351,501,15,4983,,2014,Answer: ####-2015,2015,2015,0.0,0.0,,1,,0,0,0,610,
2352,12433,22,11489,2009,2009,Answer: ####-####,,,0.0,0.0,,,,0,0,0,698,
2353,12001,22,10179,1964,1965,Answer: 1950-1955,1950,1955,-0.5,0.0625,14,10,12.0,0,0,0,700,
2354,11845,22,9992,2007,2007,Answer: 2013-2013,2013,2013,-0.7142857142857143,0.14285714285714285,6,6,6.0,0,0,0,680,
2355,8704,17,8313,1994,1994,Answer: 1967-1994,1967,1994,0.03571428571428571,0.03571428571428571,27,0,13.5,0,0,0,691,
2356,2827,9,2505,1942,,Answer: ####-####,,,0.0,0.0,,,,0,0,0,740,
2357,2099,9,2498,1960,,Answer: 1960-1960,1960,1960,0.0,0.0,0,,,0,0,0,650,
2358,12116,22,9862,2007,2008,Answer: 2005-2008,2005,2008,0.5,0.5,2,0,1.0,0,0,0,724,
2359,8235,17,8236,1999,1999,Answer: ####-####,,,0.0,0.0,,,,0,0,0,693,
2360,6499,17,5572,1997,1997,Answer: 1997-1997,1997,1997,1.0,1.0,0,0,0.0,0,0,0,697,
2361,11395,22,10260,2005,2006,Answer: 2011-2012,2011,2012,-0.5,0.125,6,6,6.0,0,0,0,672,
2362,9431,20,5762,1934,1934,Answer: 1901-1943,1901,1943,0.023255813953488372,0.023255813953488372,33,9,21.0,0,0,0,696,
2363,12397,22,10807,2012,2012,Answer: ####-####,,,0.0,0.0,,,,0,0,0,680,
2364,8288,17,6240,1984,1984,Answer: 1982-1990,1982,1990,0.1111111111111111,0.1111111111111111,2,6,4.0,0,0,0,546,
2365,7864,17,5836,1987,1987,Answer: ####-####,,,0.0,0.0,,,,0,0,0,697,
2366,12417,22,10087,2010,2010,Answer: 2006-2010,2006,2010,0.2,0.2,4,0,2.0,0,0,0,696,
2367,11776,22,10767,2003,2003,Answer: 2007-2008,2007,2008,-0.5,0.16666666666666666,4,5,4.5,0,0,0,676,
2368,2765,9,2493,1988,,Answer: ####-####,,,0.0,0.0,,,,0,0,0,716,
2369,11048,22,10783,2002,2002,Answer: ####-####,,,0.0,0.0,,,,0,0,0,672,
2370,3553,14,3437,1986,,Answer: 1986-2019,1986,2019,0.0,0.0,0,,,0,0,0,547,
2371,3243,17,5906,2008,2008,Answer: 2005-2021,2005,2021,0.058823529411764705,0.058823529411764705,3,13,8.0,0,0,0,586,
2372,1588,6,332,1917,1917,Answer: 1917-1918,1917,1918,0.5,0.5,0,1,0.5,0,0,0,660,
2373,11217,22,10042,2007,2009,Answer: 2008-2009,2008,2009,0.6666666666666666,0.6666666666666666,1,0,0.5,0,0,0,730,
2374,8258,17,8263,1999,1999,Answer: 1999-1999,1999,1999,1.0,1.0,0,0,0.0,0,0,0,711,
2375,9108,20,9165,2002,2002,Answer: ####-####,,,0.0,0.0,,,,0,0,0,690,
2376,1384,1,129,1920,,Answer: 1790-2024,1790,2024,0.0,0.0,130,,,0,0,0,683,
2377,12487,22,10028,1998,1999,Answer: ####-####,,,0.0,0.0,,,,0,0,0,700,
2378,6032,20,6040,2013,2013,Answer: 1978-2004,1978,2004,-0.2222222222222222,0.027777777777777776,35,9,22.0,0,0,0,710,
2379,8551,17,6001,1979,1979,Answer: ####-####,,,0.0,0.0,,,,0,0,0,741,
2380,8892,20,5665,1990,1990,Answer: 1980-1999,1980,1999,0.05,0.05,10,9,9.5,0,0,0,706,
2381,10259,22,10248,2003,2011,Answer: ####-####,,,0.0,0.0,,,,0,0,0,720,
2382,2278,17,7394,1949,1949,Answer: 1947-1960,1947,1960,0.07142857142857142,0.07142857142857142,2,11,6.5,0,0,0,695,
2383,7547,20,6670,1983,1983,Answer: 1982-1990,1982,1990,0.1111111111111111,0.1111111111111111,1,7,4.0,0,0,0,740,
2384,12189,22,10890,2015,2015,Answer: 2019-2019,2019,2019,-0.6,0.2,4,4,4.0,0,0,0,698,
2385,12359,22,10185,1991,1993,Answer: 1979-1983,1979,1983,-0.4666666666666667,0.06666666666666667,12,10,11.0,0,0,0,680,
2386,6995,17,5947,1982,1982,Answer: ####-####,,,0.0,0.0,,,,0,0,0,681,
2387,5693,22,9623,1977,1978,Answer: ####-####,,,0.0,0.0,,,,0,0,0,670,
2388,12136,22,10073,2012,2012,Answer: 2013-2014,2013,2014,0.0,0.3333333333333333,1,2,1.5,0,0,0,700,
2389,8492,20,6706,1905,1905,Answer: 1908-1908,1908,1908,-0.5,0.25,3,3,3.0,0,0,0,720,
2390,12471,22,9804,2008,2009,Answer: 2009-2010,2009,2010,0.3333333333333333,0.3333333333333333,1,1,1.0,0,0,0,676,
2391,6968,17,5968,2013,2013,Answer: ####-####,,,0.0,0.0,,,,0,0,0,608,
2392,3525,14,3519,1982,1983,Answer: 1982-1983,1982,1983,1.0,1.0,0,0,0.0,0,0,0,549,
2393,10900,22,9604,2008,2008,Answer: 2004-2006,2004,2006,-0.2,0.2,4,2,3.0,0,0,0,682,
2394,3203,17,6711,2003,2003,Answer: ####-####,,,0.0,0.0,,,,0,0,0,606,
2395,3142,14,3793,1865,1866,Answer: 1846-1852,1846,1852,-0.5714285714285714,0.047619047619047616,19,14,16.5,0,0,0,750,
2396,12049,22,9775,2005,2008,Answer: 2005-2009,2005,2009,0.8,0.8,0,1,0.5,0,0,0,672,
2397,5370,16,5378,1993,1993,Answer: ####-####,,,0.0,0.0,,,,0,0,0,729,
2398,4717,20,6012,1912,1912,Answer: 1920-1920,1920,1920,-0.7777777777777778,0.1111111111111111,8,8,8.0,0,0,0,680,
2399,12464,22,9973,2010,2010,Answer: ####-####,,,0.0,0.0,,,,0,0,0,686,
2400,7086,17,6638,1992,1992,Answer: ####-####,,,0.0,0.0,,,,0,0,0,677,
2401,11645,22,10159,2010,2015,Answer: 2012-2015,2012,2015,0.6666666666666666,0.6666666666666666,2,0,1.0,0,0,0,704,
2402,5919,20,5921,1976,1976,Answer: 1973-1979,1973,1979,0.14285714285714285,0.14285714285714285,3,3,3.0,0,0,0,730,
2403,10955,22,9668,2004,2004,Answer: 2003-2004,2003,2004,0.5,0.5,1,0,0.5,0,0,0,674,
2404,5756,20,6815,1962,1962,Answer: 1962-1980,1962,1980,0.05263157894736842,0.05263157894736842,0,18,9.0,0,0,0,740,
2405,11397,22,10051,2002,2003,Answer: 1997-1998,1997,1998,-0.42857142857142855,0.14285714285714285,5,5,5.0,0,0,0,674,
2406,8929,17,5873,1964,1964,Answer: 1940-1940,1940,1940,-0.92,0.04,24,24,24.0,0,0,0,671,
2407,6589,17,8558,2006,2006,Answer: ####-####,,,0.0,0.0,,,,0,0,0,685,
2408,12047,22,9731,2008,2009,Answer: 2008-2009,2008,2009,1.0,1.0,0,0,0.0,0,0,0,620,
2409,3597,14,3599,2001,2001,Answer: ####-####,,,0.0,0.0,,,,0,0,0,626,
2410,4779,14,3458,2001,2005,Answer: 2001-2005,2001,2005,1.0,1.0,0,0,0.0,0,0,0,572,
2411,8862,17,8800,2008,2008,Answer: 2007-2007,2007,2007,0.0,0.5,1,1,1.0,0,0,0,735,
2412,3064,17,6617,1973,1973,Answer: 1969-1969,1969,1969,-0.6,0.2,4,4,4.0,0,0,0,723,
2413,2349,20,8101,1997,1997,Answer: 1985-2024,1985,2024,0.025,0.025,12,27,19.5,0,0,0,742,
2414,10444,22,9663,1997,1999,Answer: 1997-1999,1997,1999,1.0,1.0,0,0,0.0,0,0,0,674,
2415,3238,19,25,1991,1992,Answer: 1935-1945,1935,1945,-0.7758620689655172,0.017241379310344827,56,47,51.5,0,0,0,654,
2416,8536,17,6253,1983,1983,Answer: 1982-1991,1982,1991,0.1,0.1,1,8,4.5,0,0,0,725,
2417,2555,17,8119,2009,2009,Answer: ####-####,,,0.0,0.0,,,,0,0,0,513,
2418,1307,1,129,1920,,Answer: 1790-2024,1790,2024,0.0,0.0,130,,,0,0,0,685,
2419,7544,17,6274,2008,2008,Answer: ####-####,,,0.0,0.0,,,,0,0,0,667,
2420,9883,22,9891,2014,2015,Answer: 2013-2014,2013,2014,0.3333333333333333,0.3333333333333333,1,1,1.0,0,0,0,694,
2421,12271,22,9549,2008,2012,Answer: 2009-2013,2009,2013,0.6666666666666666,0.6666666666666666,1,1,1.0,0,0,0,700,
2422,12076,22,9567,2005,2006,Answer: 2004-2006,2004,2006,0.6666666666666666,0.6666666666666666,1,0,0.5,0,0,0,652,
2423,10933,22,9615,2009,2010,Answer: 2009-2010,2009,2010,1.0,1.0,0,0,0.0,0,0,0,746,
2424,11182,22,10299,2010,2013,Answer: 2013-2015,2013,2015,0.16666666666666666,0.16666666666666666,3,2,2.5,0,0,0,676,
2425,12302,22,10559,2012,2012,Answer: 2009-2012,2009,2012,0.25,0.25,3,0,1.5,0,0,0,726,
2426,5647,16,5648,2016,2016,Answer: 1982-2023,1982,2023,0.023809523809523808,0.023809523809523808,34,7,20.5,0,0,0,673,
2427,11922,22,10106,2009,2009,Answer: 2005-2011,2005,2011,0.14285714285714285,0.14285714285714285,4,2,3.0,0,0,0,718,
2428,2893,9,2520,1993,,Answer: ####-####,,,0.0,0.0,,,,0,0,0,672,
2429,12269,22,9655,2006,2007,Answer: ####-####,,,0.0,0.0,,,,0,0,0,602,
2430,9965,22,9969,2006,2007,Answer: 2006-2007,2006,2007,1.0,1.0,0,0,0.0,0,0,0,724,
2431,11130,22,10178,2011,2012,Answer: 2014-2015,2014,2015,-0.2,0.2,3,3,3.0,0,0,0,710,
2432,12016,22,9678,1946,1948,Answer: 1940-1942,1940,1942,-0.3333333333333333,0.1111111111111111,6,6,6.0,0,0,0,688,
2433,11550,22,10367,2011,2013,Answer: 2005-2007,2005,2007,-0.3333333333333333,0.1111111111111111,6,6,6.0,0,0,0,680,
2434,5699,22,9684,2011,2013,Answer: 2007-2008,2007,2008,-0.2857142857142857,0.14285714285714285,4,5,4.5,0,0,0,686,
2435,3540,14,3515,1979,1980,Answer: ####-####,,,0.0,0.0,,,,0,0,0,734,
2436,2208,17,6738,2015,,Answer: ####-####,,,0.0,0.0,,,,0,0,0,590,
2437,9283,20,6012,1908,1908,Answer: 1901-1938,1901,1938,0.02631578947368421,0.02631578947368421,7,30,18.5,0,0,0,682,
2438,1877,20,7091,1974,1974,Answer: 1970-1983,1970,1983,0.07142857142857142,0.07142857142857142,4,9,6.5,0,0,0,718,
2439,164,15,4973,,2015,Answer: 1790-2015,1790,2015,0.0,0.0,,0,,0,0,0,664,
2440,643,1,125,1790,1871,Answer: 1790-2024,1790,2024,0.34893617021276596,0.34893617021276596,0,153,76.5,0,0,0,695,
2441,10423,22,10424,2015,,Answer: ####-####,,,0.0,0.0,,,,0,0,0,698,
2442,10390,22,10391,2011,2012,Answer: 2011-2012,2011,2012,1.0,1.0,0,0,0.0,0,0,0,682,
2443,2410,17,7052,1969,1969,Answer: 1970-1970,1970,1970,0.0,0.5,1,1,1.0,0,0,0,683,
2444,12220,22,10417,2004,2006,Answer: 2004-2006,2004,2006,1.0,1.0,0,0,0.0,0,0,0,666,
2445,11598,22,9866,2001,2005,Answer: 2010-2012,2010,2012,-0.3333333333333333,0.08333333333333333,9,7,8.0,0,0,0,680,
2446,12065,22,12066,2005,2005,Answer: 2013-2014,2013,2014,-0.7,0.1,8,9,8.5,0,0,0,708,
2447,10973,22,9776,1998,2004,Answer: 1995-1997,1995,1997,0.0,0.1,3,7,5.0,0,0,0,692,
2448,11456,22,9853,2013,2013,Answer: 2012-2013,2012,2013,0.5,0.5,1,0,0.5,0,0,0,724,
2449,7573,20,6706,1930,1930,Answer: 1930-1930,1930,1930,1.0,1.0,0,0,0.0,0,0,0,724,
2450,8609,17,6375,2010,2010,Answer: 1991-1991,1991,1991,-0.9,0.05,19,19,19.0,0,0,0,705,
2451,5977,17,5931,1993,1993,Answer: ####-####,,,0.0,0.0,,,,0,0,0,675,
2452,3209,14,3985,1980,1981,Answer: 1981-1983,1981,1983,0.25,0.25,1,2,1.5,0,0,0,540,
2453,2349,20,8101,1992,1992,Answer: 1985-2024,1985,2024,0.025,0.025,7,32,19.5,0,0,0,742,
2454,12049,22,10077,2008,2008,Answer: ####-####,,,0.0,0.0,,,,0,0,0,690,
2455,11609,22,9777,1989,2003,Answer: 1989-1999,1989,1999,0.7333333333333333,0.7333333333333333,0,4,2.0,0,0,0,718,
2456,11762,22,10327,2013,2013,Answer: ####-####,,,0.0,0.0,,,,0,0,0,708,
2457,11095,22,9623,2007,2008,Answer: 2007-2008,2007,2008,1.0,1.0,0,0,0.0,0,0,0,688,
2458,11721,22,10602,1982,1986,Answer: ####-####,,,0.0,0.0,,,,0,0,0,605,
2459,3242,12,115,1910,,Answer: 1919-1942,1919,1942,0.0,0.0,9,,,0,0,0,695,
2460,5502,22,9586,1991,1994,Answer: 1990-1993,1990,1993,0.6,0.6,1,1,1.0,0,0,0,724,
2461,12187,22,9555,2000,2000,Answer: 1998-1999,1998,1999,0.0,0.3333333333333333,2,1,1.5,0,0,0,754,
2462,6814,17,6151,2000,2000,Answer: ####-####,,,0.0,0.0,,,,0,0,0,735,
2463,2102,6,2082,1859,1861,Answer: 1859-1861,1859,1861,1.0,1.0,0,0,0.0,0,0,0,664,
2464,11875,22,10436,2009,2011,Answer: 2010-2011,2010,2011,0.6666666666666666,0.6666666666666666,1,0,0.5,0,0,0,690,
2465,9860,22,9590,2012,2016,Answer: 2012-2016,2012,2016,1.0,1.0,0,0,0.0,0,0,0,710,
2466,5962,20,5967,2004,2004,Answer: 1990-2010,1990,2010,0.047619047619047616,0.047619047619047616,14,6,10.0,0,0,0,738,
2467,4524,17,5874,2017,2017,Answer: ####-####,,,0.0,0.0,,,,0,0,0,671,
2468,4825,14,3539,2010,2010,Answer: 2011-2015,2011,2015,0.0,0.16666666666666666,1,5,3.0,0,0,0,714,
2469,9315,20,7092,1929,1929,Answer: ####-####,,,0.0,0.0,,,,0,0,0,686,
2470,11954,22,9745,2014,,Answer: 2004-2008,2004,2008,0.0,0.0,10,,,0,0,0,694,
2471,11415,22,9752,2008,2008,Answer: ####-####,,,0.0,0.0,,,,0,0,0,692,
2472,11908,22,9759,1993,1996,Answer: 1996-2001,1996,2001,0.1111111111111111,0.1111111111111111,3,5,4.0,0,0,0,676,
2473,10389,22,5655,2011,2012,Answer: 2013-2015,2013,2015,0.0,0.2,2,3,2.5,0,0,0,674,
2474,9144,18,698,,2016,Answer: 1982-2016,1982,2016,0.0,0.0,,0,,0,0,0,711,
2475,10797,22,10237,2014,,Answer: 2017-2018,2017,2018,0.0,0.0,3,,,0,0,0,676,
2476,8126,20,6825,1980,1980,Answer: 1976-2004,1976,2004,0.034482758620689655,0.034482758620689655,4,24,14.0,0,0,0,724,
2477,11850,22,10138,2012,2013,Answer: 2006-2009,2006,2009,-0.25,0.125,6,4,5.0,0,0,0,676,
2478,9015,20,6764,1991,1991,Answer: 1989-1990,1989,1990,0.0,0.3333333333333333,2,1,1.5,0,0,0,690,
2479,8790,17,6637,1981,1981,Answer: ####-####,,,0.0,0.0,,,,0,0,0,741,
2480,10114,22,5478,1999,2000,Answer: 1993-1995,1993,1995,-0.375,0.125,6,5,5.5,0,0,0,676,
2481,10706,22,10230,2008,2009,Answer: 1990-1993,1990,1993,-0.7,0.05,18,16,17.0,0,0,0,674,
2482,11290,22,9901,2014,2015,Answer: 2013-2014,2013,2014,0.3333333333333333,0.3333333333333333,1,1,1.0,0,0,0,684,
2483,11271,22,9825,2001,2003,Answer: 2000-2001,2000,2001,0.25,0.25,1,2,1.5,0,0,0,694,
2484,12122,22,9734,2006,2007,Answer: 2005-2006,2005,2006,0.3333333333333333,0.3333333333333333,1,1,1.0,0,0,0,684,
2485,6580,23,2935,1951,1955,Answer: 1951-1955,1951,1955,1.0,1.0,0,0,0.0,0,0,0,680,
2486,3049,17,6389,1987,1987,Answer: ####-####,,,0.0,0.0,,,,0,0,0,683,
2487,4576,14,3707,2015,2015,Answer: 1970-2011,1970,2011,-0.06521739130434782,0.021739130434782608,45,4,24.5,0,0,0,582,
2488,6661,20,5762,1964,1964,Answer: ####-####,,,0.0,0.0,,,,0,0,0,694,
2489,7490,17,6344,1996,1996,Answer: 1996-1996,1996,1996,1.0,1.0,0,0,0.0,0,0,0,675,
2490,10873,22,9853,2009,2009,Answer: 2007-2009,2007,2009,0.3333333333333333,0.3333333333333333,2,0,1.0,0,0,0,720,
2491,10176,22,9538,1974,1985,Answer: 1972-1986,1972,1986,0.8,0.8,2,1,1.5,0,0,0,716,
2492,7889,20,9178,1970,1970,Answer: 1971-1971,1971,1971,0.0,0.5,1,1,1.0,0,0,0,746,
2493,12068,22,9727,1995,2000,Answer: ####-####,,,0.0,0.0,,,,0,0,0,686,
2494,4615,14,3737,1866,1868,Answer: 1866-1868,1866,1868,1.0,1.0,0,0,0.0,0,0,0,579,
2495,12020,22,10370,2015,2015,Answer: 2015-2016,2015,2016,0.5,0.5,0,1,0.5,0,0,0,684,
2496,5930,17,5931,1984,1984,Answer: ####-####,,,0.0,0.0,,,,0,0,0,695,
2497,5411,16,5545,2000,2000,Answer: ####-####,,,0.0,0.0,,,,0,0,0,675,
2498,7102,17,7107,2001,2001,Answer: 2012-2012,2012,2012,-0.8333333333333334,0.08333333333333333,11,11,11.0,0,0,0,669,
2499,8904,17,6983,1999,1999,Answer: 1999-1999,1999,1999,1.0,1.0,0,0,0.0,0,0,0,711,
2500,12457,22,10341,1997,1997,Answer: 1987-1990,1987,1990,-0.5454545454545454,0.09090909090909091,10,7,8.5,0,0,0,684,
2501,12342,22,11496,2012,2014,Answer: ####-####,,,0.0,0.0,,,,0,0,0,678,
2502,11759,22,10020,2014,2014,Answer: ####-####,,,0.0,0.0,,,,0,0,0,674,
2503,6195,20,7132,2012,2012,Answer: 1963-1988,1963,1988,-0.46,0.02,49,24,36.5,0,0,0,732,
2504,4043,14,3757,1957,1961,Answer: 1957-1961,1957,1961,1.0,1.0,0,0,0.0,0,0,0,712,
2505,10680,22,10073,2009,2010,Answer: 2013-2016,2013,2016,-0.25,0.125,4,6,5.0,0,0,0,690,
2506,62,0,63,,2015,Answer: 2015-2024,2015,2024,0.0,0.0,,9,,0,0,0,467,
2507,11232,22,10614,1983,1984,Answer: 1993-1993,1993,1993,-0.7272727272727273,0.09090909090909091,10,9,9.5,0,0,0,700,
2508,11406,22,9718,2007,2008,Answer: ####-####,,,0.0,0.0,,,,0,0,0,682,
2509,11615,22,9959,2007,2008,Answer: ####-####,,,0.0,0.0,,,,0,0,0,692,
2510,10725,22,9606,2011,2014,Answer: 2009-2013,2009,2013,0.5,0.5,2,1,1.5,0,0,0,688,
2511,12339,22,9768,2004,2005,Answer: 2007-2007,2007,2007,-0.25,0.25,3,2,2.5,0,0,0,718,
2512,10416,22,10316,1996,1997,Answer: 1994-1997,1994,1997,0.5,0.5,2,0,1.0,0,0,0,736,
2513,11485,22,10034,2011,2012,Answer: ####-####,,,0.0,0.0,,,,0,0,0,668,
2514,5727,20,5722,1965,1965,Answer: 1965-1978,1965,1978,0.07142857142857142,0.07142857142857142,0,13,6.5,0,0,0,724,
2515,6053,20,9333,2009,2009,Answer: 1974-2009,1974,2009,0.027777777777777776,0.027777777777777776,35,0,17.5,0,0,0,740,
2516,541,1,542,1949,2006,Answer: ####-####,,,0.0,0.0,,,,0,0,0,574,
2517,525,15,4971,2016,,Answer: 2016-2016,2016,2016,0.0,0.0,0,,,0,0,0,504,
2518,8073,20,5479,1986,1986,Answer: 1982-1989,1982,1989,0.125,0.125,4,3,3.5,0,0,0,736,
2519,10577,22,9547,2014,2014,Answer: 2013-2014,2013,2014,0.5,0.5,1,0,0.5,0,0,0,688,
2520,2278,20,7394,1958,1958,Answer: 1947-1960,1947,1960,0.07142857142857142,0.07142857142857142,11,2,6.5,0,0,0,694,
2521,6246,17,7697,1972,1972,Answer: 1960-1980,1960,1980,0.047619047619047616,0.047619047619047616,12,8,10.0,0,0,0,557,
2522,6053,20,8096,1998,1998,Answer: 1985-2009,1985,2009,0.04,0.04,13,11,12.0,0,0,0,740,
2523,11927,22,9572,2002,2007,Answer: 2007-2010,2007,2010,0.1111111111111111,0.1111111111111111,5,3,4.0,0,0,0,696,
2524,2073,6,2031,1941,1945,Answer: 1939-1945,1939,1945,0.7142857142857143,0.7142857142857143,2,0,1.0,0,0,0,660,
2525,12304,22,10813,2007,2008,Answer: ####-####,,,0.0,0.0,,,,0,0,0,708,
2526,11801,22,10578,2008,2009,Answer: 2010-2011,2010,2011,0.0,0.25,2,2,2.0,0,0,0,676,
2527,9755,22,9580,1999,2002,Answer: 2002-2005,2002,2005,0.14285714285714285,0.14285714285714285,3,3,3.0,0,0,0,664,
2528,1249,1,1210,1871,1920,Answer: 1940-1944,1940,1944,-0.25675675675675674,0.013513513513513514,69,24,46.5,0,0,0,701,
2529,9670,22,9674,1973,1977,Answer: 1971-1974,1971,1974,0.2857142857142857,0.2857142857142857,2,3,2.5,0,0,0,684,
2530,12280,22,9590,2011,2013,Answer: ####-####,,,0.0,0.0,,,,0,0,0,704,
2531,8469,17,6211,1969,1969,Answer: ####-####,,,0.0,0.0,,,,0,0,0,677,
2532,10987,22,5654,1990,1997,Answer: 1997-1999,1997,1999,0.1,0.1,7,2,4.5,0,0,0,670,
2533,7373,17,6122,1988,1988,Answer: 1989-1989,1989,1989,0.0,0.5,1,1,1.0,0,0,0,737,
2534,8300,17,6201,2005,2005,Answer: 2004-2004,2004,2004,0.0,0.5,1,1,1.0,0,0,0,530,
2535,8126,17,7808,1990,1990,Answer: 1966-1990,1966,1990,0.04,0.04,24,0,12.0,0,0,0,719,
2536,4858,14,3481,1999,1999,Answer: 2004-2009,2004,2009,-0.36363636363636365,0.09090909090909091,5,10,7.5,0,0,0,647,
2537,11439,22,9592,1993,1996,Answer: 1994-1995,1994,1995,0.5,0.5,1,1,1.0,0,0,0,678,
2538,9801,22,9745,2007,2012,Answer: 2009-2014,2009,2014,0.5,0.5,2,2,2.0,0,0,0,692,
2539,2786,9,2610,1974,,Answer: 1974-1974,1974,1974,0.0,0.0,0,,,0,0,0,650,
2540,11371,22,9966,1988,1989,Answer: ####-####,,,0.0,0.0,,,,0,0,0,686,
2541,11905,22,11027,2016,2016,Answer: 2017-2017,2017,2017,0.0,0.5,1,1,1.0,0,0,0,674,
2542,11181,22,9731,2007,2008,Answer: ####-####,,,0.0,0.0,,,,0,0,0,616,
2543,7547,17,6667,1986,1986,Answer: 1983-1983,1983,1983,-0.5,0.25,3,3,3.0,0,0,0,741,
2544,7339,17,7244,1995,1995,Answer: 1995-1995,1995,1995,1.0,1.0,0,0,0.0,0,0,0,695,
2545,771,6,30,,1917,Answer: 1721-1917,1721,1917,0.0,0.0,,0,,0,0,0,658,
2546,10679,22,10041,1986,1986,Answer: ####-####,,,0.0,0.0,,,,0,0,0,684,
2547,11051,22,10105,2000,2001,Answer: 1992-1993,1992,1993,-0.6,0.1,8,8,8.0,0,0,0,656,
2548,11111,22,10813,2002,2010,Answer: 2001-2010,2001,2010,0.9,0.9,1,0,0.5,0,0,0,714,
2549,8692,17,6583,2002,2002,Answer: ####-####,,,0.0,0.0,,,,0,0,0,683,
2550,6796,20,6801,2012,2012,Answer: ####-####,,,0.0,0.0,,,,0,0,0,716,
2551,5309,15,5047,,2010,Answer: ####-####,,,0.0,0.0,,,,0,0,0,457,
2552,9997,22,9999,1993,1994,Answer: ####-####,,,0.0,0.0,,,,0,0,0,688,
2553,10046,22,9984,1997,1998,Answer: 1996-1998,1996,1998,0.6666666666666666,0.6666666666666666,1,0,0.5,0,0,0,684,
2554,12239,22,9709,2005,2006,Answer: ####-####,,,0.0,0.0,,,,0,0,0,630,
2555,5678,16,5691,1976,1976,Answer: 1974-1980,1974,1980,0.14285714285714285,0.14285714285714285,2,4,3.0,0,0,0,651,
2556,10747,22,9989,2007,2007,Answer: ####-####,,,0.0,0.0,,,,0,0,0,684,
2557,11613,22,9971,2012,2012,Answer: ####-####,,,0.0,0.0,,,,0,0,0,708,
2558,7273,17,6022,1985,1985,Answer: ####-####,,,0.0,0.0,,,,0,0,0,693,
2559,311,7,2204,1925,1929,Answer: 1912-1922,1912,1922,-0.1111111111111111,0.05555555555555555,13,7,10.0,0,0,0,611,
2560,11810,22,9964,2008,2008,Answer: 2015-2018,2015,2018,-0.5454545454545454,0.09090909090909091,7,10,8.5,0,0,0,688,
2561,12218,22,10064,2004,2006,Answer: 2013-2015,2013,2015,-0.5,0.08333333333333333,9,9,9.0,0,0,0,682,
2562,1976,6,229,,1870,Answer: 0754-1870,754,1870,0.0,0.0,,0,,0,0,0,648,
2563,12460,22,9910,2007,2010,Answer: 2008-2009,2008,2009,0.5,0.5,1,1,1.0,0,0,0,690,
2564,11587,22,9980,1962,1963,Answer: 1961-1963,1961,1963,0.6666666666666666,0.6666666666666666,1,0,0.5,0,0,0,668,
2565,10860,22,9727,2003,2005,Answer: 1998-2000,1998,2000,-0.25,0.125,5,5,5.0,0,0,0,686,
2566,9101,17,6124,2017,2017,Answer: 2017-2017,2017,2017,1.0,1.0,0,0,0.0,0,0,0,675,
2567,12422,22,10065,2010,2011,Answer: ####-####,,,0.0,0.0,,,,0,0,0,688,
2568,3170,17,5947,1940,1940,Answer: 1930-1949,1930,1949,0.05,0.05,10,9,9.5,0,0,0,681,
2569,1893,20,7092,1951,1951,Answer: 1967-1967,1967,1967,-0.8823529411764706,0.058823529411764705,16,16,16.0,0,0,0,682,
2570,11215,22,10195,1982,1983,Answer: 2002-2003,2002,2003,-0.8181818181818182,0.045454545454545456,20,20,20.0,0,0,0,676,
2571,11547,22,9816,1994,1995,Answer: 1993-1994,1993,1994,0.3333333333333333,0.3333333333333333,1,1,1.0,0,0,0,732,
2572,5553,16,5563,2000,2000,Answer: ####-####,,,0.0,0.0,,,,0,0,0,729,
2573,5730,20,7311,1988,1988,Answer: 1989-1989,1989,1989,0.0,0.5,1,1,1.0,0,0,0,722,
2574,11860,22,9896,2010,,Answer: 2009-2011,2009,2011,0.0,0.0,1,,,0,0,0,738,
2575,10797,22,9546,2008,2011,Answer: 2008-2011,2008,2011,1.0,1.0,0,0,0.0,0,0,0,676,
2576,9664,22,9666,2007,2011,Answer: 2010-2013,2010,2013,0.2857142857142857,0.2857142857142857,3,2,2.5,0,0,0,670,
2577,12204,22,10545,2013,2013,Answer: 2010-2011,2010,2011,-0.25,0.25,3,2,2.5,0,0,0,680,
2578,11040,22,11042,2003,2003,Answer: ####-####,,,0.0,0.0,,,,0,0,0,680,
2579,10056,22,9974,1977,1978,Answer: 1972-1974,1972,1974,-0.2857142857142857,0.14285714285714285,5,4,4.5,0,0,0,594,
2580,10953,22,9893,1993,2005,Answer: 1990-2002,1990,2002,0.625,0.625,3,3,3.0,0,0,0,740,
2581,11977,22,10938,2009,2009,Answer: 2017-2018,2017,2018,-0.7,0.1,8,9,8.5,0,0,0,694,
2582,10817,22,10284,1999,2002,Answer: 2000-2002,2000,2002,0.75,0.75,1,0,0.5,0,0,0,676,
2583,10529,22,10483,1980,1996,Answer: 1980-1996,1980,1996,1.0,1.0,0,0,0.0,0,0,0,722,
2584,11917,22,9752,2012,2012,Answer: ####-####,,,0.0,0.0,,,,0,0,0,684,
2585,1361,1,1142,1871,1920,Answer: 1871-1918,1871,1918,0.96,0.96,0,2,1.0,0,0,0,697,
2586,11171,22,10430,2005,2008,Answer: 2004-2005,2004,2005,0.2,0.2,1,3,2.0,0,0,0,688,
2587,12218,22,10921,2014,2014,Answer: 2015-2017,2015,2017,0.0,0.25,1,3,2.0,0,0,0,674,
2588,11245,22,10289,2007,2008,Answer: ####-####,,,0.0,0.0,,,,0,0,0,674,
2589,9214,20,6012,1911,1911,Answer: ####-####,,,0.0,0.0,,,,0,0,0,700,
2590,11636,22,10068,2003,2004,Answer: 2007-2008,2007,2008,-0.3333333333333333,0.16666666666666666,4,4,4.0,0,0,0,688,
2591,12029,22,11782,2009,2010,Answer: 2003-2004,2003,2004,-0.5,0.125,6,6,6.0,0,0,0,668,
2592,11444,22,9582,2010,,Answer: 2007-2014,2007,2014,0.0,0.0,3,,,0,0,0,676,
2593,2676,9,2493,1988,,Answer: ####-####,,,0.0,0.0,,,,0,0,0,706,
2594,11278,22,11279,2014,,Answer: 2005-2011,2005,2011,0.0,0.0,9,,,0,0,0,682,
2595,11561,22,10522,2003,2003,Answer: ####-####,,,0.0,0.0,,,,0,0,0,664,
2596,7800,17,6198,1998,1998,Answer: ####-####,,,0.0,0.0,,,,0,0,0,677,
2597,7833,17,6706,1976,1976,Answer: 1976-1976,1976,1976,1.0,1.0,0,0,0.0,0,0,0,737,
2598,2701,17,5836,2009,2009,Answer: 1998-1998,1998,1998,-0.8333333333333334,0.08333333333333333,11,11,11.0,0,0,0,707,
2599,10806,22,10811,1996,2004,Answer: 1996-2004,1996,2004,1.0,1.0,0,0,0.0,0,0,0,680,
2600,11129,22,9756,2007,2011,Answer: 2008-2011,2008,2011,0.8,0.8,1,0,0.5,0,0,0,672,
2601,10964,22,9966,2005,2006,Answer: 2002-2006,2002,2006,0.4,0.4,3,0,1.5,0,0,0,688,
2602,4654,14,4655,1907,1909,Answer: 1897-1898,1897,1898,-0.6153846153846154,0.07692307692307693,10,11,10.5,0,0,0,591,
2603,9294,20,5798,1969,1969,Answer: 1971-1971,1971,1971,-0.3333333333333333,0.3333333333333333,2,2,2.0,0,0,0,714,
2604,11871,22,11143,1992,2009,Answer: 1992-2009,1992,2009,1.0,1.0,0,0,0.0,0,0,0,708,
2605,10982,22,9539,2006,2008,Answer: 2006-2009,2006,2009,0.75,0.75,0,1,0.5,0,0,0,688,
2606,11200,22,10378,2010,2010,Answer: 2007-2008,2007,2008,-0.25,0.25,3,2,2.5,0,0,0,668,
2607,8021,17,6410,1996,1996,Answer: ####-####,,,0.0,0.0,,,,0,0,0,689,
2608,4054,14,3500,1910,1910,Answer: 1910-1910,1910,1910,1.0,1.0,0,0,0.0,0,0,0,702,
2609,12053,22,11611,2002,2004,Answer: ####-####,,,0.0,0.0,,,,0,0,0,666,
2610,7452,17,5836,1992,1992,Answer: ####-####,,,0.0,0.0,,,,0,0,0,693,
2611,10402,22,10339,1999,1999,Answer: ####-####,,,0.0,0.0,,,,0,0,0,754,
2612,12147,22,10251,2006,2006,Answer: 2005-2007,2005,2007,0.3333333333333333,0.3333333333333333,1,1,1.0,0,0,0,670,
2613,11291,22,10230,2014,2014,Answer: 2012-2013,2012,2013,0.0,0.3333333333333333,2,1,1.5,0,0,0,676,
2614,990,6,510,1990,,Answer: 1991-2024,1991,2024,0.0,0.0,1,,,0,0,0,638,
2615,12053,22,10597,2010,2012,Answer: 2013-2014,2013,2014,0.0,0.2,3,2,2.5,0,0,0,672,
2616,12301,22,10689,2000,2005,Answer: 2003-2006,2003,2006,0.42857142857142855,0.42857142857142855,3,1,2.0,0,0,0,680,
2617,11552,22,10082,1999,1999,Answer: ####-####,,,0.0,0.0,,,,0,0,0,712,
2618,5756,17,7780,1980,1980,Answer: 1969-1969,1969,1969,-0.8333333333333334,0.08333333333333333,11,11,11.0,0,0,0,741,
2619,11319,22,10209,2010,2012,Answer: 2011-2012,2011,2012,0.6666666666666666,0.6666666666666666,1,0,0.5,0,0,0,674,
2620,11368,22,10116,1995,1997,Answer: 1997-1998,1997,1998,0.25,0.25,2,1,1.5,0,0,0,672,
2621,2609,9,2490,1963,,Answer: 1963-2024,1963,2024,0.0,0.0,0,,,0,0,0,724,
2622,10023,22,5649,2011,2014,Answer: 2011-2014,2011,2014,1.0,1.0,0,0,0.0,0,0,0,674,
2623,11290,22,9732,2010,2010,Answer: 2009-2011,2009,2011,0.3333333333333333,0.3333333333333333,1,1,1.0,0,0,0,606,
2624,5285,15,4971,2012,2013,Answer: 2016-2024,2016,2024,-0.15384615384615385,0.07692307692307693,4,11,7.5,0,0,0,504,
2625,8384,17,6285,2001,2001,Answer: ####-####,,,0.0,0.0,,,,0,0,0,689,
2626,1324,1,1210,1871,1920,Answer: 1871-1918,1871,1918,0.96,0.96,0,2,1.0,0,0,0,733,
2627,83,1,26,2014,,Answer: 2014-2024,2014,2024,0.0,0.0,0,,,0,0,0,557,
2628,11099,22,11058,2002,2003,Answer: 2000-2002,2000,2002,0.25,0.25,2,1,1.5,0,0,0,742,
2629,1154,1,1142,1871,1920,Answer: 1871-1918,1871,1918,0.96,0.96,0,2,1.0,0,0,0,691,
2630,11071,22,9606,2003,2005,Answer: 2002-2005,2002,2005,0.75,0.75,1,0,0.5,0,0,0,680,
2631,12400,22,10153,2012,2015,Answer: 2008-2010,2008,2010,-0.125,0.125,4,5,4.5,0,0,0,706,
2632,10835,22,5469,2012,2013,Answer: 2017-2018,2017,2018,-0.42857142857142855,0.14285714285714285,5,5,5.0,0,0,0,682,
2633,11926,22,10043,2003,2005,Answer: 2003-2005,2003,2005,1.0,1.0,0,0,0.0,0,0,0,732,
2634,115,9,2537,1995,,Answer: 1995-2024,1995,2024,0.0,0.0,0,,,0,0,0,690,
2635,10964,22,10263,2010,2010,Answer: 2010-2010,2010,2010,1.0,1.0,0,0,0.0,0,0,0,710,
2636,11700,22,10708,1976,1977,Answer: ####-####,,,0.0,0.0,,,,0,0,0,698,
2637,12390,22,10553,2004,2004,Answer: 1999-2004,1999,2004,0.16666666666666666,0.16666666666666666,5,0,2.5,0,0,0,734,
2638,7329,20,7330,1963,1963,Answer: 1950-1980,1950,1980,0.03225806451612903,0.03225806451612903,13,17,15.0,0,0,0,744,
2639,7849,20,7646,1994,1994,Answer: 1995-1995,1995,1995,0.0,0.5,1,1,1.0,0,0,0,722,
2640,8579,20,6363,2005,2005,Answer: 1985-2007,1985,2007,0.043478260869565216,0.043478260869565216,20,2,11.0,0,0,0,702,
2641,11650,22,10849,2013,2015,Answer: 2013-2015,2013,2015,1.0,1.0,0,0,0.0,0,0,0,676,
2642,11912,22,10349,2004,2005,Answer: ####-####,,,0.0,0.0,,,,0,0,0,716,
2643,12398,22,10219,2002,2004,Answer: 1996-2003,1996,2003,0.2222222222222222,0.2222222222222222,6,1,3.5,0,0,0,688,
2644,12479,22,9633,2005,2006,Answer: ####-####,,,0.0,0.0,,,,0,0,0,678,
2645,11519,22,9934,1996,1999,Answer: 1991-1993,1991,1993,-0.2222222222222222,0.1111111111111111,5,6,5.5,0,0,0,692,
2646,11684,22,9547,2007,2010,Answer: 2006-2007,2006,2007,0.2,0.2,1,3,2.0,0,0,0,692,
2647,4653,14,3551,2003,2007,Answer: 2003-2007,2003,2007,1.0,1.0,0,0,0.0,0,0,0,618,
2648,11431,22,9708,2012,2012,Answer: 2003-2007,2003,2007,-0.4,0.1,9,5,7.0,0,0,0,686,
2649,8789,20,7092,1953,1953,Answer: 1961-1961,1961,1961,-0.7777777777777778,0.1111111111111111,8,8,8.0,0,0,0,694,
2650,10668,22,9685,1989,1990,Answer: ####-####,,,0.0,0.0,,,,0,0,0,692,
2651,5698,22,5589,1997,2014,Answer: 1997-2014,1997,2014,1.0,1.0,0,0,0.0,0,0,0,712,
2652,10272,22,10273,2007,2009,Answer: 2011-2013,2011,2013,-0.14285714285714285,0.14285714285714285,4,4,4.0,0,0,0,672,
2653,12187,22,9961,2012,2012,Answer: ####-####,,,0.0,0.0,,,,0,0,0,678,
2654,7644,20,7473,2003,2003,Answer: 2002-2002,2002,2002,0.0,0.5,1,1,1.0,0,0,0,722,
2655,10336,22,9766,2001,2001,Answer: 1997-2001,1997,2001,0.2,0.2,4,0,2.0,0,0,0,696,
2656,4154,20,6012,1910,1910,Answer: ####-####,,,0.0,0.0,,,,0,0,0,682,
2657,473,6,2082,1815,1861,Answer: 1815-1861,1815,1861,1.0,1.0,0,0,0.0,0,0,0,660,
2658,5494,22,9567,1980,1982,Answer: ####-####,,,0.0,0.0,,,,0,0,0,684,
2659,11967,22,9810,1993,1996,Answer: 1994-1998,1994,1998,0.5,0.5,1,2,1.5,0,0,0,666,
2660,282,1,695,2016,,Answer: 2016-2024,2016,2024,0.0,0.0,0,,,0,0,0,679,
2661,11852,22,9895,2008,2009,Answer: ####-####,,,0.0,0.0,,,,0,0,0,600,
2662,11924,22,9660,1958,1963,Answer: 1973-1975,1973,1975,-0.5,0.05555555555555555,15,12,13.5,0,0,0,684,
2663,9436,21,9438,1863,1863,Answer: ####-####,,,0.0,0.0,,,,0,0,0,672,
2664,5573,17,7556,1990,1990,Answer: 1995-1995,1995,1995,-0.6666666666666666,0.16666666666666666,5,5,5.0,0,0,0,731,
2665,12261,22,10230,2014,2014,Answer: 2013-2013,2013,2013,0.0,0.5,1,1,1.0,0,0,0,678,
2666,1139,1,774,1936,1943,Answer: 1936-2024,1936,2024,0.0898876404494382,0.0898876404494382,0,81,40.5,0,0,0,727,
2667,1882,4,1833,1984,1984,Answer: ####-####,,,0.0,0.0,,,,0,0,0,670,
2668,8029,17,7947,2011,2011,Answer: ####-####,,,0.0,0.0,,,,0,0,0,521,
2669,11451,22,10777,2006,2011,Answer: ####-####,,,0.0,0.0,,,,0,0,0,688,
2670,12259,22,11035,2013,2013,Answer: ####-####,,,0.0,0.0,,,,0,0,0,682,
2671,9705,22,9709,2005,2008,Answer: 2007-2009,2007,2009,0.4,0.4,2,1,1.5,0,0,0,676,
2672,8715,20,7301,2005,2005,Answer: 2005-2005,2005,2005,1.0,1.0,0,0,0.0,0,0,0,722,
2673,2124,6,117,1707,1800,Answer: 1707-1800,1707,1800,1.0,1.0,0,0,0.0,0,0,0,676,
2674,11827,22,5654,2014,2015,Answer: ####-####,,,0.0,0.0,,,,0,0,0,678,
2675,8851,20,7791,1952,1952,Answer: 1953-1953,1953,1953,0.0,0.5,1,1,1.0,0,0,0,736,
2676,69,1,31,1479,1547,Answer: 1478-1547,1478,1547,0.9857142857142858,0.9857142857142858,1,0,0.5,0,0,0,725,
2677,1127,1,846,,2006,Answer: 1947-2024,1947,2024,0.0,0.0,,18,,0,0,0,711,
2678,713,1,291,1993,,Answer: 1934-2024,1934,2024,0.0,0.0,59,,,0,0,0,733,
2679,447,1,126,,1920,Answer: 1648-1790,1648,1790,0.0,0.0,,130,,0,0,0,699,
2680,10542,22,10140,2008,2012,Answer: 2002-2007,2002,2007,0.0,0.09090909090909091,6,5,5.5,0,0,0,684,
2681,11286,22,10714,2005,2007,Answer: ####-####,,,0.0,0.0,,,,0,0,0,680,
2682,509,6,30,1721,1917,Answer: 1721-1917,1721,1917,1.0,1.0,0,0,0.0,0,0,0,648,
2683,7146,17,6601,1979,1979,Answer: 1970-1991,1970,1991,0.045454545454545456,0.045454545454545456,9,12,10.5,0,0,0,681,
2684,11518,22,5649,1998,2003,Answer: 1999-2000,1999,2000,0.3333333333333333,0.3333333333333333,1,3,2.0,0,0,0,680,
2685,12031,22,9675,2012,2014,Answer: 2007-2011,2007,2011,0.0,0.125,5,3,4.0,0,0,0,682,
2686,2680,14,3450,1990,1994,Answer: 1987-2017,1987,2017,0.16129032258064516,0.16129032258064516,3,23,13.0,0,0,0,702,
2687,4488,14,3950,1903,1907,Answer: 1907-1908,1907,1908,0.16666666666666666,0.16666666666666666,4,1,2.5,0,0,0,570,
2688,3143,11,3087,,1991,Answer: 1960-1991,1960,1991,0.0,0.0,,0,,0,0,0,726,
2689,12388,22,10910,2003,2003,Answer: 2004-2005,2004,2005,0.0,0.3333333333333333,1,2,1.5,0,0,0,678,
2690,7547,20,6677,1987,1987,Answer: 1983-1988,1983,1988,0.16666666666666666,0.16666666666666666,4,1,2.5,0,0,0,740,
2691,10535,22,10538,1998,2000,Answer: 1994-1999,1994,1999,0.2857142857142857,0.2857142857142857,4,1,2.5,0,0,0,678,
2692,10503,22,10128,1995,1996,Answer: 1996-2000,1996,2000,0.16666666666666666,0.16666666666666666,1,4,2.5,0,0,0,704,
2693,10410,22,10412,2013,2013,Answer: ####-####,,,0.0,0.0,,,,0,0,0,686,
2694,2661,15,4969,2000,,Answer: 2000-2000,2000,2000,0.0,0.0,0,,,0,0,0,698,
2695,5504,17,6318,2008,2008,Answer: 2006-2009,2006,2009,0.25,0.25,2,1,1.5,0,0,0,567,
2696,6195,17,7131,2012,2012,Answer: 1963-1988,1963,1988,-0.46,0.02,49,24,36.5,0,0,0,733,
2697,5708,16,5461,2000,2000,Answer: 1999-1999,1999,1999,0.0,0.5,1,1,1.0,0,0,0,701,
2698,6964,20,6802,2006,2006,Answer: 2006-2006,2006,2006,1.0,1.0,0,0,0.0,0,0,0,710,
2699,5440,16,5442,2008,2008,Answer: 2008-2008,2008,2008,1.0,1.0,0,0,0.0,0,0,0,606,
2700,10026,22,9994,2002,2005,Answer: 2019-2021,2019,2021,-0.65,0.05,17,16,16.5,0,0,0,684,
2701,1255,1,1210,1871,1920,Answer: 1871-1918,1871,1918,0.96,0.96,0,2,1.0,0,0,0,703,
2702,12467,22,10915,2009,2013,1999-2003,1999,2003,-0.3333333333333333,0.06666666666666667,10,10,10.0,0,0,0,714,
2703,2829,17,7158,1998,1998,Answer: ####-####,,,0.0,0.0,,,,0,0,0,694,
2704,6663,20,5847,2004,2004,Answer: 1999-2007,1999,2007,0.1111111111111111,0.1111111111111111,5,3,4.0,0,0,0,738,
2705,11538,22,10665,2016,,Answer: 2013-2014,2013,2014,0.0,0.0,3,,,0,0,0,680,
2706,10794,22,10795,2008,2010,Answer: 2005-2006,2005,2006,-0.16666666666666666,0.16666666666666666,3,4,3.5,0,0,0,666,
2707,11114,22,9590,1974,1977,Answer: 1971-1973,1971,1973,0.0,0.14285714285714285,3,4,3.5,0,0,0,694,
2708,5998,17,6000,2015,2015,Answer: ####-####,,,0.0,0.0,,,,0,0,0,721,
2709,11244,22,10426,2011,2013,Answer: 2007-2008,2007,2008,-0.2857142857142857,0.14285714285714285,4,5,4.5,0,0,0,680,
2710,7339,20,5848,1974,1974,Answer: 1975-1975,1975,1975,0.0,0.5,1,1,1.0,0,0,0,699,
2711,6340,20,7090,1993,1993,Answer: 1994-1994,1994,1994,0.0,0.5,1,1,1.0,0,0,0,700,
2712,1421,1,125,1790,1871,Answer: 1790-2024,1790,2024,0.34893617021276596,0.34893617021276596,0,153,76.5,0,0,0,683,
2713,7446,20,6780,1923,1923,Answer: 1901-1938,1901,1938,0.02631578947368421,0.02631578947368421,22,15,18.5,0,0,0,742,
2714,44,6,32,1654,1721,Answer: 1654-1721,1654,1721,1.0,1.0,0,0,0.0,0,0,0,654,
2715,11316,22,10041,2010,2010,Answer: 2013-2014,2013,2014,-0.4,0.2,3,4,3.5,0,0,0,682,
2716,11490,22,9630,2008,2009,Answer: 2007-2010,2007,2010,0.5,0.5,1,1,1.0,0,0,0,680,
2717,1165,1,953,1920,,Answer: 1790-2024,1790,2024,0.0,0.0,130,,,0,0,0,689,
2718,2960,10,2924,2013,2013,Answer: ####-####,,,0.0,0.0,,,,0,0,0,673,
2719,2400,20,5722,1981,1981,Answer: ####-####,,,0.0,0.0,,,,0,0,0,724,
2720,11219,22,10979,2009,2011,Answer: 2019-2019,2019,2019,-0.6363636363636364,0.09090909090909091,10,8,9.0,0,0,0,686,
2721,10872,22,10228,2004,2004,Answer: 1990-1994,1990,1994,-0.6,0.06666666666666667,14,10,12.0,0,0,0,676,
2722,10874,22,10051,2006,2008,Answer: ####-####,,,0.0,0.0,,,,0,0,0,668,
2723,2659,20,6780,1965,1965,Answer: ####-####,,,0.0,0.0,,,,0,0,0,694,
2724,10780,22,10782,1999,2000,Answer: 2003-2005,2003,2005,-0.2857142857142857,0.14285714285714285,4,5,4.5,0,0,0,692,
2725,2101,6,2008,1804,1805,Answer: 1797-1866,1797,1866,0.02857142857142857,0.02857142857142857,7,61,34.0,0,0,0,652,
2726,3223,12,117,1707,1723,Answer: 1707-1723,1707,1723,1.0,1.0,0,0,0.0,0,0,0,685,
2727,8126,17,7096,1991,1991,Answer: 1960-2004,1960,2004,0.022222222222222223,0.022222222222222223,31,13,22.0,0,0,0,715,
2728,11167,22,10201,1989,1989,Answer: 1986-1988,1986,1988,0.0,0.25,3,1,2.0,0,0,0,754,
2729,11858,22,10140,1997,2003,Answer: 1998-2014,1998,2014,0.3333333333333333,0.3333333333333333,1,11,6.0,0,0,0,670,
2730,12417,22,10047,2008,2011,Answer: 2007-2011,2007,2011,0.8,0.8,1,0,0.5,0,0,0,692,
2731,11951,22,10997,2008,2009,Answer: 2010-2011,2010,2011,0.0,0.25,2,2,2.0,0,0,0,692,
2732,9533,21,9519,1968,1968,Answer: 1958-1959,1958,1959,-0.7272727272727273,0.09090909090909091,10,9,9.5,0,0,0,704,
2733,6350,17,6198,2011,2011,Answer: ####-####,,,0.0,0.0,,,,0,0,0,693,
2734,2846,17,7467,1979,1979,Answer: ####-####,,,0.0,0.0,,,,0,0,0,681,
2735,9096,17,6023,1963,1963,Answer: ####-####,,,0.0,0.0,,,,0,0,0,737,
2736,7670,17,6144,1996,1996,Answer: ####-####,,,0.0,0.0,,,,0,0,0,670,
2737,9497,21,9440,1923,1923,Answer: 1923-1923,1923,1923,1.0,1.0,0,0,0.0,0,0,0,547,
2738,11902,22,10671,2014,,Answer: 2017-2019,2017,2019,0.0,0.0,3,,,0,0,0,700,
2739,178,6,86,,1707,Answer: 927-1707,1707,1707,0.0,0.0,,0,,0,0,0,660,
2740,11518,22,9791,1998,1998,Answer: 2003-2004,2003,2004,-0.5714285714285714,0.14285714285714285,5,6,5.5,0,0,0,708,
2741,7621,20,6780,1929,1929,Answer: ####-####,,,0.0,0.0,,,,0,0,0,710,
2742,5756,20,6815,2006,2006,Answer: 1962-1980,1962,1980,-0.5555555555555556,0.022222222222222223,44,26,35.0,0,0,0,740,
2743,11468,22,10578,2013,2013,Answer: ####-####,,,0.0,0.0,,,,0,0,0,672,
2744,3053,17,6601,1983,1983,Answer: ####-####,,,0.0,0.0,,,,0,0,0,711,
2745,11768,22,10563,1999,2000,Answer: ####-####,,,0.0,0.0,,,,0,0,0,728,
2746,7312,17,7315,2009,2009,Answer: 2009-2009,2009,2009,1.0,1.0,0,0,0.0,0,0,0,705,
2747,10816,22,9592,2001,2002,Answer: ####-####,,,0.0,0.0,,,,0,0,0,668,
2748,8441,20,7092,1947,1947,Answer: ####-####,,,0.0,0.0,,,,0,0,0,692,
2749,12203,22,9991,2003,2004,Answer: 1997-1998,1997,1998,-0.5,0.125,6,6,6.0,0,0,0,688,
2750,10354,22,9698,2005,2008,Answer: 2004-2007,2004,2007,0.6,0.6,1,1,1.0,0,0,0,668,
2751,12124,22,9551,1999,2000,Answer: ####-####,,,0.0,0.0,,,,0,0,0,696,
2752,8947,17,7351,1997,1997,Answer: ####-####,,,0.0,0.0,,,,0,0,0,573,
2753,1909,4,1833,1988,1988,Answer: ####-####,,,0.0,0.0,,,,0,0,0,666,
2754,6255,20,7400,1989,1989,Answer: 1989-1989,1989,1989,1.0,1.0,0,0,0.0,0,0,0,629,
2755,10717,22,10718,1999,2000,Answer: 1997-1998,1997,1998,0.0,0.25,2,2,2.0,0,0,0,670,
2756,4067,14,3498,1988,,Answer: ####-####,,,0.0,0.0,,,,0,0,0,716,
2757,1858,14,3731,2008,2012,Answer: 2008-2012,2008,2012,1.0,1.0,0,0,0.0,0,0,0,694,
2758,12020,22,10453,2011,2014,Answer: 2013-2015,2013,2015,0.4,0.4,2,1,1.5,0,0,0,666,
2759,4814,14,3458,2001,2005,Answer: 2001-2005,2001,2005,1.0,1.0,0,0,0.0,0,0,0,574,
2760,12334,22,11096,1990,1991,Answer: ####-####,,,0.0,0.0,,,,0,0,0,627,
2761,1059,1,528,2005,2016,Answer: 1859-2016,1859,2016,0.0759493670886076,0.0759493670886076,146,0,73.0,0,0,0,703,
2762,2329,22,10437,2001,2002,Answer: 1999-2001,1999,2001,0.25,0.25,2,1,1.5,0,0,0,750,
2763,11374,22,9757,2005,2006,Answer: 2003-2005,2003,2005,0.25,0.25,2,1,1.5,0,0,0,682,
2764,11409,22,9768,2003,2003,Answer: 2010-2010,2010,2010,-0.75,0.125,7,7,7.0,0,0,0,684,
2765,5572,16,5574,1977,1977,Answer: 1976-2000,1976,2000,0.04,0.04,1,23,12.0,0,0,0,691,
2766,5493,16,5497,1960,1960,Answer: ####-####,,,0.0,0.0,,,,0,0,0,655,
2767,6656,17,5924,1995,1995,Answer: 1997-1997,1997,1997,-0.3333333333333333,0.3333333333333333,2,2,2.0,0,0,0,709,
2768,6356,17,6039,1959,1959,Answer: 1960-1960,1960,1960,0.0,0.5,1,1,1.0,0,0,0,725,
2769,11326,22,10234,2013,2015,Answer: ####-####,,,0.0,0.0,,,,0,0,0,682,
2770,10670,22,9797,2016,2016,Answer: 2017-2019,2017,2019,0.0,0.25,1,3,2.0,0,0,0,652,
2771,8832,17,6286,2007,2007,Answer: ####-####,,,0.0,0.0,,,,0,0,0,544,
2772,11576,22,11334,2003,2011,Answer: 2007-2010,2007,2010,0.4444444444444444,0.4444444444444444,4,1,2.5,0,0,0,720,
2773,11967,22,10950,1991,1992,Answer: 1997-1998,1997,1998,-0.5,0.125,6,6,6.0,0,0,0,674,
2774,2011,6,550,1917,1919,Answer: 1917-1920,1917,1920,0.75,0.75,0,1,0.5,0,0,0,680,
2775,6828,17,6020,2004,2004,Answer: ####-####,,,0.0,0.0,,,,0,0,0,545,
2776,6149,17,6160,1995,1995,Answer: 1996-1996,1996,1996,0.0,0.5,1,1,1.0,0,0,0,715,
2777,12008,22,9563,2007,2008,Answer: 2007-2008,2007,2008,1.0,1.0,0,0,0.0,0,0,0,750,
2778,7170,20,7092,1950,1950,Answer: 1954-1954,1954,1954,-0.6,0.2,4,4,4.0,0,0,0,678,
2779,2349,20,8101,1987,1987,Answer: 1985-2024,1985,2024,0.025,0.025,2,37,19.5,0,0,0,742,
2780,11272,22,9866,2003,2005,Answer: 2003-2005,2003,2005,1.0,1.0,0,0,0.0,0,0,0,677,
2781,11395,22,10472,2003,2004,Answer: ####-####,,,0.0,0.0,,,,0,0,0,684,
2782,4147,14,3865,2017,2017,Answer: 2017-2017,2017,2017,1.0,1.0,0,0,0.0,0,0,0,576,
2783,11783,22,10666,1996,1998,Answer: 1995-1997,1995,1997,0.5,0.5,1,1,1.0,0,0,0,680,
2784,5611,16,5622,2003,2003,Answer: 2003-2014,2003,2014,0.08333333333333333,0.08333333333333333,0,11,5.5,0,0,0,538,
2785,12261,22,11082,2015,2015,Answer: ####-####,,,0.0,0.0,,,,0,0,0,684,
2786,12189,22,9653,2006,2010,Answer: 2007-2008,2007,2008,0.4,0.4,1,2,1.5,0,0,0,678,
2787,1893,17,6461,1993,1993,Answer: ####-####,,,0.0,0.0,,,,0,0,0,665,
2788,3277,13,3247,1966,,Answer: 1973-1973,1973,1973,0.0,0.0,7,,,0,0,0,757,
2789,824,15,4983,,2014,Answer: ####-2015,2015,2015,0.0,0.0,,1,,0,0,0,576,
2790,11575,22,10631,2006,2007,Answer: 2004-2005,2004,2005,0.0,0.25,2,2,2.0,0,0,0,726,
2791,1147,1,1142,1871,1920,Answer: 1871-1918,1871,1918,0.96,0.96,0,2,1.0,0,0,0,717,
2792,11796,22,10117,2012,2014,Answer: 2017-2018,2017,2018,-0.2857142857142857,0.14285714285714285,5,4,4.5,0,0,0,698,
2793,8536,20,6253,1995,1995,Answer: 1981-1999,1981,1999,0.05263157894736842,0.05263157894736842,14,4,9.0,0,0,0,724,
2794,1851,9,2520,1942,,Answer: 1958-1983,1958,1983,0.0,0.0,16,,,0,0,0,692,
2795,2059,6,2063,,,Answer: 0400-1396,400,1396,0.0,0.0,,,,0,0,0,660,
2796,6656,17,7479,1984,1984,Answer: 1983-1983,1983,1983,0.0,0.5,1,1,1.0,0,0,0,563,
2797,10406,22,9766,2000,2001,Answer: 1997-1999,1997,1999,0.0,0.2,3,2,2.5,0,0,0,694,
2798,11954,22,9548,2009,2014,Answer: 2007-2011,2007,2011,0.375,0.375,2,3,2.5,0,0,0,674,
2799,2903,12,170,1920,,Answer: 1920-2017,1920,2017,0.0,0.0,0,,,0,0,0,667,
2800,6779,20,6780,1947,1947,Answer: 1955-1955,1955,1955,-0.7777777777777778,0.1111111111111111,8,8,8.0,0,0,0,704,
2801,11009,22,10157,1997,1998,Answer: 1997-1999,1997,1999,0.6666666666666666,0.6666666666666666,0,1,0.5,0,0,0,706,
2802,12238,22,10333,2007,2010,Answer: 2007-2007,2007,2007,0.25,0.25,0,3,1.5,0,0,0,682,
2803,482,1,483,2005,2016,Answer: 2001-2016,2001,2016,0.75,0.75,4,0,2.0,0,0,0,669,
2804,12386,22,9592,1955,1958,Answer: 1954-1955,1954,1955,0.2,0.2,1,3,2.0,0,0,0,670,
2805,8288,17,8289,1992,1992,Answer: ####-####,,,0.0,0.0,,,,0,0,0,723,
2806,6796,20,6805,2007,2007,Answer: 2004-2023,2004,2023,0.05,0.05,3,16,9.5,0,0,0,696,
2807,11290,22,9728,2014,2014,Answer: 2011-2013,2011,2013,0.0,0.25,3,1,2.0,0,0,0,732,
2808,5499,22,9791,2011,2012,Answer: 2011-2012,2011,2012,1.0,1.0,0,0,0.0,0,0,0,702,
2809,10711,22,10153,2006,2008,Answer: 2007-2009,2007,2009,0.5,0.5,1,1,1.0,0,0,0,688,
2810,6982,20,7513,1994,1994,Answer: ####-####,,,0.0,0.0,,,,0,0,0,712,
2811,11140,22,10217,2010,2012,Answer: 2010-2013,2010,2013,0.75,0.75,0,1,0.5,0,0,0,688,
2812,10330,22,9565,2007,2008,Answer: 2006-2008,2006,2008,0.6666666666666666,0.6666666666666666,1,0,0.5,0,0,0,754,
2813,12013,22,9900,2005,2012,Answer: 2004-2010,2004,2010,0.6666666666666666,0.6666666666666666,1,2,1.5,0,0,0,688,
2814,11397,22,10255,2001,2001,Answer: ####-####,,,0.0,0.0,,,,0,0,0,696,
2815,8708,17,5947,1947,1947,Answer: ####-####,,,0.0,0.0,,,,0,0,0,675,
2816,10095,22,10094,2005,2009,Answer: 2005-2010,2005,2010,0.8333333333333334,0.8333333333333334,0,1,0.5,0,0,0,708,
2817,11439,22,10789,1999,1999,Answer: 2003-2004,2003,2004,-0.5,0.16666666666666666,4,5,4.5,0,0,0,686,
2818,11844,22,10729,2009,2010,Answer: 2009-2010,2009,2010,1.0,1.0,0,0,0.0,0,0,0,740,
2819,12164,22,9829,1999,2002,Answer: 1998-2000,1998,2000,0.4,0.4,1,2,1.5,0,0,0,684,
2820,83,17,5104,1945,1945,Answer: 1945-1945,1945,1945,1.0,1.0,0,0,0.0,0,0,0,697,
2821,11983,22,10022,1996,1996,Answer: 1999-2000,1999,2000,-0.4,0.2,3,4,3.5,0,0,0,676,
2822,808,1,528,,2005,Answer: 1859-2016,1859,2016,0.0,0.0,,11,,0,0,0,723,
2823,8564,20,6328,1968,1968,Answer: ####-####,,,0.0,0.0,,,,0,0,0,724,
2824,12071,22,11300,2014,,Answer: ####-####,,,0.0,0.0,,,,0,0,0,682,
2825,11231,22,9762,2012,2014,Answer: 2003-2004,2003,2004,-0.5833333333333334,0.08333333333333333,9,10,9.5,0,0,0,694,
2826,12367,22,9988,1991,1991,Answer: ####-####,,,0.0,0.0,,,,0,0,0,682,
2827,6831,20,6780,1902,1902,Answer: 1904-1904,1904,1904,-0.3333333333333333,0.3333333333333333,2,2,2.0,0,0,0,694,
2828,3066,14,3781,2012,2015,Answer: ####-####,,,0.0,0.0,,,,0,0,0,666,
2829,7701,17,7126,1951,1951,Answer: ####-####,,,0.0,0.0,,,,0,0,0,669,
2830,11085,22,10289,2004,2008,Answer: 2010-2016,2010,2016,-0.07692307692307693,0.07692307692307693,6,8,7.0,0,0,0,670,
2831,10454,22,9766,2003,2003,Answer: 1997-1999,1997,1999,-0.42857142857142855,0.14285714285714285,6,4,5.0,0,0,0,662,
2832,1194,1,953,1790,1871,Answer: 1790-2024,1790,2024,0.34893617021276596,0.34893617021276596,0,153,76.5,0,0,0,687,
2833,10517,22,10522,2002,2003,Answer: ####-####,,,0.0,0.0,,,,0,0,0,670,
2834,3296,13,3255,1962,,Answer: ####-####,,,0.0,0.0,,,,0,0,0,581,
2835,12262,22,9799,2008,2011,Answer: 2013-2014,2013,2014,-0.14285714285714285,0.14285714285714285,5,3,4.0,0,0,0,678,
2836,12284,22,9546,2003,2007,Answer: 2003-2006,2003,2006,0.8,0.8,0,1,0.5,0,0,0,680,
2837,2780,9,2549,2014,,Answer: ####-####,,,0.0,0.0,,,,0,0,0,424,
2838,11943,22,10643,1998,1998,Answer: 1997-1998,1997,1998,0.5,0.5,1,0,0.5,0,0,0,746,
2839,5678,16,5505,1956,1956,Answer: 1953-1960,1953,1960,0.125,0.125,3,4,3.5,0,0,0,677,
2840,12448,22,9594,2007,2008,Answer: 2005-2007,2005,2007,0.25,0.25,2,1,1.5,0,0,0,756,
2841,6525,22,10223,1996,1997,Answer: 1997-1998,1997,1998,0.3333333333333333,0.3333333333333333,1,1,1.0,0,0,0,682,
2842,12345,22,9668,1929,1932,Answer: 1927-1931,1927,1931,0.5,0.5,2,1,1.5,0,0,0,672,
2843,11347,22,9818,1986,1986,Answer: 1983-1986,1983,1986,0.25,0.25,3,0,1.5,0,0,0,750,
2844,8438,20,6780,1925,1925,Answer: 1901-1938,1901,1938,0.02631578947368421,0.02631578947368421,24,13,18.5,0,0,0,694,
2845,11683,22,10604,2015,,Answer: 2011-2012,2011,2012,0.0,0.0,4,,,0,0,0,684,
2846,12356,22,10339,1988,1989,Answer: 1987-1987,1987,1987,0.0,0.3333333333333333,1,2,1.5,0,0,0,704,
2847,1803,3,1813,1987,,Answer: 1959-1959,1959,1959,0.0,0.0,28,,,0,0,0,597,
2848,10331,22,10334,2008,2010,Answer: 2010-2013,2010,2013,0.16666666666666666,0.16666666666666666,2,3,2.5,0,0,0,668,
2849,11332,22,10534,2013,2014,Answer: 2013-2014,2013,2014,1.0,1.0,0,0,0.0,0,0,0,702,
2850,3881,14,3457,2005,2010,Answer: 2005-2010,2005,2010,1.0,1.0,0,0,0.0,0,0,0,580,
2851,11990,22,10204,2013,2014,Answer: ####-####,,,0.0,0.0,,,,0,0,0,670,
2852,12097,22,9842,2015,2016,Answer: 2013-2015,2013,2015,0.25,0.25,2,1,1.5,0,0,0,704,
2853,12446,22,11903,2004,2005,Answer: 2015-2016,2015,2016,-0.6923076923076923,0.07692307692307693,11,11,11.0,0,0,0,674,
2854,3503,14,3491,2009,2010,Answer: 2009-2010,2009,2010,1.0,1.0,0,0,0.0,0,0,0,521,
2855,11377,22,9850,1985,1999,Answer: 1985-1996,1985,1996,0.8,0.8,0,3,1.5,0,0,0,750,
2856,4936,14,3456,2010,2015,Answer: 2017-2019,2017,2019,-0.1,0.1,7,4,5.5,0,0,0,580,
2857,9441,21,9451,1993,1993,Answer: 1986-1986,1986,1986,-0.75,0.125,7,7,7.0,0,0,0,682,
2858,7195,17,6288,1985,1985,Answer: ####-####,,,0.0,0.0,,,,0,0,0,673,
2859,629,1,30,,1917,Answer: 1796-1917,1796,1917,0.0,0.0,,0,,0,0,0,721,
2860,10998,22,10424,2008,2008,Answer: 2009-2009,2009,2009,0.0,0.5,1,1,1.0,0,0,0,700,
2861,11860,22,11861,2010,2011,Answer: ####-####,,,0.0,0.0,,,,0,0,0,678,
2862,5700,16,5701,1980,1980,Answer: 1976-1992,1976,1992,0.058823529411764705,0.058823529411764705,4,12,8.0,0,0,0,731,
2863,11874,22,10967,2005,2008,Answer: 1997-1999,1997,1999,-0.4166666666666667,0.08333333333333333,8,9,8.5,0,0,0,680,
2864,3171,14,3450,2013,,Answer: ####-####,,,0.0,0.0,,,,0,0,0,704,
2865,8024,20,5841,1968,1968,Answer: ####-####,,,0.0,0.0,,,,0,0,0,714,
2866,8346,20,5762,1966,1966,Answer: ####-####,,,0.0,0.0,,,,0,0,0,688,
2867,10466,22,2999,1974,1975,Answer: 1974-1975,1974,1975,1.0,1.0,0,0,0.0,0,0,0,688,
2868,7355,20,6780,1953,1953,Answer: ####-####,,,0.0,0.0,,,,0,0,0,690,
2869,6973,17,5831,1989,1989,Answer: ####-####,,,0.0,0.0,,,,0,0,0,695,
2870,7372,20,7092,1955,1955,Answer: 1986-1986,1986,1986,-0.9375,0.03125,31,31,31.0,0,0,0,684,
2871,10466,22,10339,1977,1977,Answer: 1974-1974,1974,1974,-0.5,0.25,3,3,3.0,0,0,0,712,
2872,6350,20,7871,1981,1981,Answer: 1974-2023,1974,2023,0.02,0.02,7,42,24.5,0,0,0,750,
2873,11243,22,10897,2012,2013,Answer: ####-####,,,0.0,0.0,,,,0,0,0,682,
2874,12357,22,10403,2011,2011,Answer: 2010-2010,2010,2010,0.0,0.5,1,1,1.0,0,0,0,730,
2875,2846,17,7323,1991,1991,Answer: ####-####,,,0.0,0.0,,,,0,0,0,505,
2876,2698,9,2618,1998,,Answer: 1998-1998,1998,1998,0.0,0.0,0,,,0,0,0,694,
2877,11048,22,9736,2002,2003,Answer: 2000-2001,2000,2001,0.0,0.25,2,2,2.0,0,0,0,704,
2878,8932,17,7186,1994,1994,Answer: ####-####,,,0.0,0.0,,,,0,0,0,707,
2879,11898,22,11003,2009,2011,Answer: 2006-2011,2006,2011,0.5,0.5,3,0,1.5,0,0,0,692,
2880,10828,22,10355,2014,2014,Answer: 1996-2000,1996,2000,-0.6842105263157895,0.05263157894736842,18,14,16.0,0,0,0,672,
2881,785,5,25,1997,,Answer: ####-####,,,0.0,0.0,,,,0,0,0,658,
2882,9963,22,9768,1999,2002,Answer: ####-####,,,0.0,0.0,,,,0,0,0,734,
2883,8081,20,9243,2012,2012,Answer: 2012-2012,2012,2012,1.0,1.0,0,0,0.0,0,0,0,698,
2884,7825,17,6387,1988,1988,Answer: 1989-1989,1989,1989,0.0,0.5,1,1,1.0,0,0,0,721,
2885,10017,22,9969,2003,2005,Answer: 2004-2005,2004,2005,0.6666666666666666,0.6666666666666666,1,0,0.5,0,0,0,726,
2886,10139,22,10143,1983,1987,Answer: 1986-1991,1986,1991,0.2222222222222222,0.2222222222222222,3,4,3.5,0,0,0,730,
2887,12273,22,10833,2004,2012,Answer: 2007-2010,2007,2010,0.4444444444444444,0.4444444444444444,3,2,2.5,0,0,0,678,
2888,11215,22,10989,1988,1989,Answer: 2007-2007,2007,2007,-0.85,0.05,19,18,18.5,0,0,0,688,
2889,6250,17,6251,1985,1985,Answer: ####-####,,,0.0,0.0,,,,0,0,0,566,
2890,845,1,26,1991,,Answer: 1991-2024,1991,2024,0.0,0.0,0,,,0,0,0,567,
2891,11575,22,10632,2005,2007,Answer: 2004-2006,2004,2006,0.5,0.5,1,1,1.0,0,0,0,726,
2892,11277,22,10581,2003,2006,Answer: 2013-2015,2013,2015,-0.46153846153846156,0.07692307692307693,10,9,9.5,0,0,0,702,
2893,11292,22,10678,2002,2003,Answer: ####-####,,,0.0,0.0,,,,0,0,0,686,
2894,2017,6,2009,1867,1918,Answer: 1867-1918,1867,1918,1.0,1.0,0,0,0.0,0,0,0,654,
2895,10706,22,10707,2006,2007,Answer: 2006-2007,2006,2007,1.0,1.0,0,0,0.0,0,0,0,674,
2896,12015,22,10395,2010,2010,Answer: 2011-2013,2011,2013,0.0,0.25,1,3,2.0,0,0,0,718,
2897,11762,22,10328,2005,2010,Answer: ####-####,,,0.0,0.0,,,,0,0,0,714,
2898,3059,17,7172,1996,1996,Answer: ####-####,,,0.0,0.0,,,,0,0,0,667,
2899,11375,22,9731,2002,2003,Answer: 2001-2003,2001,2003,0.6666666666666666,0.6666666666666666,1,0,0.5,0,0,0,622,
2900,10794,22,9622,2001,2005,Answer: 2001-2003,2001,2003,0.6,0.6,0,2,1.0,0,0,0,690,
2901,2329,22,9727,2000,2005,Answer: 2008-2009,2008,2009,-0.2,0.1,8,4,6.0,0,0,0,692,
2902,7374,17,6952,1931,1931,Answer: ####-####,,,0.0,0.0,,,,0,0,0,529,
2903,6053,20,9333,1995,1995,Answer: 1974-2009,1974,2009,0.027777777777777776,0.027777777777777776,21,14,17.5,0,0,0,740,
2904,12478,22,9543,1962,1966,Answer: 1971-1972,1971,1972,-0.36363636363636365,0.09090909090909091,9,6,7.5,0,0,0,704,
2905,11584,22,5651,2010,2013,Answer: 2009-2013,2009,2013,0.8,0.8,1,0,0.5,0,0,0,678,
2906,2428,20,6497,1996,1996,1992-2010,1992,2010,0.05263157894736842,0.05263157894736842,4,14,9.0,0,0,0,736,
2907,2402,20,7473,2006,2006,Answer: 1975-2000,1975,2000,-0.15625,0.03125,31,6,18.5,0,0,0,726,
2908,7422,20,8100,2006,2006,Answer: ####-####,,,0.0,0.0,,,,0,0,0,728,
2909,8985,17,7204,1991,1991,Answer: ####-####,,,0.0,0.0,,,,0,0,0,527,
2910,11099,22,9629,2011,2012,Answer: 2013-2015,2013,2015,0.0,0.2,2,3,2.5,0,0,0,674,
2911,10852,22,10853,2004,2007,Answer: 2005-2007,2005,2007,0.75,0.75,1,0,0.5,0,0,0,680,
2912,10616,22,10429,2011,2011,Answer: 2013-2014,2013,2014,-0.25,0.25,2,3,2.5,0,0,0,678,
2913,10550,22,9767,2001,2003,Answer: 2013-2013,2013,2013,-0.6923076923076923,0.07692307692307693,12,10,11.0,0,0,0,684,
2914,7397,17,7398,1982,1982,Answer: ####-####,,,0.0,0.0,,,,0,0,0,693,
2915,8818,20,7680,2008,2008,Answer: 2008-2008,2008,2008,1.0,1.0,0,0,0.0,0,0,0,612,
2916,11114,22,9556,1966,1969,Answer: ####-####,,,0.0,0.0,,,,0,0,0,742,
2917,12162,22,9880,2004,2007,Answer: 2000-2003,2000,2003,0.0,0.125,4,4,4.0,0,0,0,674,
2918,7785,20,6152,1989,1989,Answer: 1989-1989,1989,1989,1.0,1.0,0,0,0.0,0,0,0,692,
2919,4299,17,7413,2012,2012,Answer: 2014-2014,2014,2014,-0.3333333333333333,0.3333333333333333,2,2,2.0,0,0,0,621,
2920,9293,20,5762,1911,1911,Answer: 1901-1918,1901,1918,0.05555555555555555,0.05555555555555555,10,7,8.5,0,0,0,696,
2921,10939,22,10940,2011,2013,Answer: 2007-2008,2007,2008,-0.2857142857142857,0.14285714285714285,4,5,4.5,0,0,0,670,
2922,8167,17,5912,1897,1897,Answer: 1893-1893,1893,1893,-0.6,0.2,4,4,4.0,0,0,0,540,
2923,1420,1,125,1920,,Answer: 1790-2024,1790,2024,0.0,0.0,130,,,0,0,0,683,
2924,1279,1,129,1920,,Answer: 1790-2024,1790,2024,0.0,0.0,130,,,0,0,0,681,
2925,10529,22,10531,1998,1999,Answer: 1996-1997,1996,1997,0.0,0.25,2,2,2.0,0,0,0,670,
2926,8662,17,6583,1990,1990,Answer: 1985-2020,1985,2020,0.027777777777777776,0.027777777777777776,5,30,17.5,0,0,0,675,
2927,6663,20,6600,2001,2001,Answer: 1999-2007,1999,2007,0.1111111111111111,0.1111111111111111,2,6,4.0,0,0,0,738,
2928,11592,22,9734,2010,2011,Answer: 2010-2011,2010,2011,1.0,1.0,0,0,0.0,0,0,0,676,
2929,1896,4,1828,1961,1961,Answer: ####-####,,,0.0,0.0,,,,0,0,0,676,
2930,11179,22,9655,1997,2000,Answer: 2004-2005,2004,2005,-0.3333333333333333,0.1111111111111111,7,5,6.0,0,0,0,688,
2931,10525,22,10526,2011,2012,Answer: 2007-2009,2007,2009,-0.16666666666666666,0.16666666666666666,4,3,3.5,0,0,0,666,
2932,11396,22,9589,2015,2019,Answer: 2015-2019,2015,2019,1.0,1.0,0,0,0.0,0,0,0,668,
2933,11411,22,9590,1997,1998,Answer: 2001-2002,2001,2002,-0.3333333333333333,0.16666666666666666,4,4,4.0,0,0,0,728,
2934,11764,22,9693,2001,2001,Answer: 1997-1998,1997,1998,-0.4,0.2,4,3,3.5,0,0,0,688,
2935,3739,14,3495,1813,1819,Answer: 1813-1819,1813,1819,1.0,1.0,0,0,0.0,0,0,0,690,
2936,12159,22,10723,2006,2007,Answer: 2006-2007,2006,2007,1.0,1.0,0,0,0.0,0,0,0,734,
2937,11961,22,10879,2002,2004,Answer: 2007-2008,2007,2008,-0.2857142857142857,0.14285714285714285,5,4,4.5,0,0,0,702,
2938,11261,22,9594,2008,2011,Answer: 2008-2010,2008,2010,0.75,0.75,0,1,0.5,0,0,0,740,
2939,19,6,2028,1570,1711,Answer: 1570-1711,1570,1711,1.0,1.0,0,0,0.0,0,0,0,690,
2940,11050,22,9785,2009,,Answer: 2009-2017,2009,2017,0.0,0.0,0,,,0,0,0,706,
2941,12292,22,11196,1993,1993,Answer: 1991-1993,1991,1993,0.3333333333333333,0.3333333333333333,2,0,1.0,0,0,0,686,
2942,8380,17,7429,1960,1960,Answer: ####-####,,,0.0,0.0,,,,0,0,0,557,
2943,10026,22,9859,2011,,Answer: 2013-2020,2013,2020,0.0,0.0,2,,,0,0,0,682,
2944,10090,22,10094,2001,2004,Answer: 1999-2008,1999,2008,0.4,0.4,2,4,3.0,0,0,0,706,
2945,9144,18,1027,,2016,Answer: 1956-2015,1956,2015,0.0,0.0,,1,,0,0,0,701,
2946,444,18,661,1977,2004,Answer: 1978-2004,1978,2004,0.9642857142857143,0.9642857142857143,1,0,0.5,0,0,0,725,
2947,4899,14,4055,1946,1950,Answer: ####-####,,,0.0,0.0,,,,0,0,0,738,
2948,8761,17,7194,1980,1980,Answer: ####-####,,,0.0,0.0,,,,0,0,0,687,
2949,12298,22,9615,2007,2007,Answer: 2006-2008,2006,2008,0.3333333333333333,0.3333333333333333,1,1,1.0,0,0,0,756,
2950,6975,17,6358,1977,1977,Answer: 1977-1977,1977,1977,1.0,1.0,0,0,0.0,0,0,0,709,
2951,5504,22,9586,2002,2003,Answer: 2002-2003,2002,2003,1.0,1.0,0,0,0.0,0,0,0,614,
2952,12445,22,10196,2012,2013,Answer: 2013-2014,2013,2014,0.3333333333333333,0.3333333333333333,1,1,1.0,0,0,0,674,
2953,8725,17,8726,2015,2015,Answer: ####-####,,,0.0,0.0,,,,0,0,0,727,
2954,11791,22,10404,2009,2009,Answer: 2010-2010,2010,2010,0.0,0.5,1,1,1.0,0,0,0,682,
2955,3090,17,5947,1945,1945,Answer: 1930-1959,1930,1959,0.03333333333333333,0.03333333333333333,15,14,14.5,0,0,0,677,
2956,7660,17,7822,2011,2011,Answer: 2010-2010,2010,2010,0.0,0.5,1,1,1.0,0,0,0,700,
2957,11617,22,9886,1967,1972,Answer: 1972-1976,1972,1976,0.1,0.1,5,4,4.5,0,0,0,680,
2958,12014,22,10142,2011,2011,Answer: 2007-2010,2007,2010,0.0,0.2,4,1,2.5,0,0,0,736,
2959,11759,22,10209,2016,,Answer: 2017-2018,2017,2018,0.0,0.0,1,,,0,0,0,682,
2960,7800,20,7471,2001,2001,Answer: 2002-2002,2002,2002,0.0,0.5,1,1,1.0,0,0,0,724,
2961,9627,22,9631,2014,2015,Answer: 2013-2014,2013,2014,0.3333333333333333,0.3333333333333333,1,1,1.0,0,0,0,682,
2962,9431,20,5762,1940,1940,Answer: 1901-1943,1901,1943,0.023255813953488372,0.023255813953488372,39,3,21.0,0,0,0,696,
2963,11865,22,10047,2005,2006,Answer: 2006-2007,2006,2007,0.3333333333333333,0.3333333333333333,1,1,1.0,0,0,0,694,
2964,1298,1,129,1920,,Answer: 1790-1790,1790,1790,0.0,0.0,130,,,0,0,0,681,
2965,2448,20,6734,1980,1980,Answer: ####-####,,,0.0,0.0,,,,0,0,0,746,
2966,4198,14,4055,2011,2012,Answer: 2006-2009,2006,2009,-0.14285714285714285,0.14285714285714285,5,3,4.0,0,0,0,720,
2967,11411,22,10405,2012,2012,Answer: ####-####,,,0.0,0.0,,,,0,0,0,726,
2968,10550,22,5649,2006,2007,Answer: 2006-2008,2006,2008,0.6666666666666666,0.6666666666666666,0,1,0.5,0,0,0,668,
2969,5774,16,5786,2000,2000,Answer: ####-####,,,0.0,0.0,,,,0,0,0,703,
2970,10744,22,5478,2004,2004,Answer: 2007-2011,2007,2011,-0.25,0.125,3,7,5.0,0,0,0,666,
2971,11002,22,10041,2008,2008,Answer: 2014-2014,2014,2014,-0.7142857142857143,0.14285714285714285,6,6,6.0,0,0,0,674,
2972,6462,17,5896,1949,1949,Answer: ####-####,,,0.0,0.0,,,,0,0,0,685,
2973,11441,22,9895,2006,2006,Answer: 2005-2007,2005,2007,0.3333333333333333,0.3333333333333333,1,1,1.0,0,0,0,604,
2974,11934,22,9716,2008,2010,Answer: 2011-2011,2011,2011,0.0,0.25,3,1,2.0,0,0,0,692,
2975,8073,20,6392,1985,1985,Answer: 1982-1989,1982,1989,0.125,0.125,3,4,3.5,0,0,0,736,
2976,2059,6,2060,1878,1913,Answer: 1878-2024,1878,2024,0.24489795918367346,0.24489795918367346,0,111,55.5,0,0,0,644,
2977,9024,17,6465,1943,1943,Answer: ####-####,,,0.0,0.0,,,,0,0,0,669,
2978,9588,22,9589,2012,2012,Answer: 1996-2013,1996,2013,0.05555555555555555,0.05555555555555555,16,1,8.5,0,0,0,672,
2979,7118,20,7301,1982,1982,Answer: 1968-1968,1968,1968,-0.8666666666666667,0.06666666666666667,14,14,14.0,0,0,0,726,
2980,11575,22,10283,2015,2016,Answer: ####-####,,,0.0,0.0,,,,0,0,0,684,
2981,4780,14,3454,2017,,Answer: 2017-2019,2017,2019,0.0,0.0,0,,,0,0,0,582,
2982,1947,6,405,1871,1918,Answer: 1871-1918,1871,1918,1.0,1.0,0,0,0.0,0,0,0,676,
2983,884,9,2486,1992,,Answer: 1992-1992,1992,1992,0.0,0.0,0,,,0,0,0,662,
2984,6661,20,5762,1962,1962,Answer: ####-####,,,0.0,0.0,,,,0,0,0,694,
2985,12476,22,10514,2005,2007,Answer: ####-####,,,0.0,0.0,,,,0,0,0,647,
2986,11514,22,10721,1996,2005,Answer: 1997-2003,1997,2003,0.7,0.7,1,2,1.5,0,0,0,716,
2987,9755,22,9586,1997,1998,Answer: 1996-1998,1996,1998,0.6666666666666666,0.6666666666666666,1,0,0.5,0,0,0,720,
2988,10731,22,9594,1957,1962,Answer: ####-####,,,0.0,0.0,,,,0,0,0,748,
2989,10610,22,9831,2005,2005,Answer: 2006-2006,2006,2006,0.0,0.5,1,1,1.0,0,0,0,516,
2990,12108,22,10143,2003,2007,Answer: 1999-2008,1999,2008,0.5,0.5,4,1,2.5,0,0,0,734,
2991,11565,22,11366,2010,2010,Answer: 2008-2008,2008,2008,-0.3333333333333333,0.3333333333333333,2,2,2.0,0,0,0,678,
2992,5553,16,5554,1982,1982,Answer: ####-####,,,0.0,0.0,,,,0,0,0,719,
2993,12416,22,9678,1990,1992,Answer: 1994-1995,1994,1995,-0.16666666666666666,0.16666666666666666,4,3,3.5,0,0,0,680,
2994,12395,22,10522,2000,2003,Answer: ####-####,,,0.0,0.0,,,,0,0,0,678,
2995,6968,17,6850,1978,1978,Answer: 1971-1979,1971,1979,0.1111111111111111,0.1111111111111111,7,1,4.0,0,0,0,749,
2996,6995,17,5948,1954,1954,Answer: ####-####,,,0.0,0.0,,,,0,0,0,699,
2997,10859,22,10426,2011,2013,Answer: 1997-2002,1997,2002,-0.47058823529411764,0.058823529411764705,14,11,12.5,0,0,0,680,
2998,12325,22,9787,1998,1998,Answer: 2004-2005,2004,2005,-0.625,0.125,6,7,6.5,0,0,0,736,
2999,5542,17,5411,1998,1998,Answer: 1984-1984,1984,1984,-0.8666666666666667,0.06666666666666667,14,14,14.0,0,0,0,683,
3000,12185,22,5469,2003,2004,Answer: 2000-2002,2000,2002,0.0,0.2,3,2,2.5,0,0,0,682,
3001,11333,22,11082,2008,2008,Answer: 2003-2003,2003,2003,-0.6666666666666666,0.16666666666666666,5,5,5.0,0,0,0,694,
3002,11810,22,10094,2010,,Answer: 2011-2015,2011,2015,0.0,0.0,1,,,0,0,0,716,
3003,12207,22,10076,2008,2011,Answer: 2013-2013,2013,2013,-0.16666666666666666,0.16666666666666666,5,2,3.5,0,0,0,696,
3004,11409,22,10349,2014,2014,Answer: ####-####,,,0.0,0.0,,,,0,0,0,686,
3005,6149,17,6154,1987,1987,Answer: ####-####,,,0.0,0.0,,,,0,0,0,697,
3006,5502,22,9663,1989,1995,Answer: 1990-1995,1990,1995,0.8571428571428571,0.8571428571428571,1,0,0.5,0,0,0,666,
3007,11350,22,9757,2013,2013,Answer: 2009-2010,2009,2010,-0.4,0.2,4,3,3.5,0,0,0,680,
3008,6531,17,6336,1999,1999,Answer: 1999-1999,1999,1999,1.0,1.0,0,0,0.0,0,0,0,661,
3009,9662,22,9554,2003,2007,Answer: 2004-2007,2004,2007,0.8,0.8,1,0,0.5,0,0,0,694,
3010,6779,20,6780,1950,1950,Answer: 1955-1955,1955,1955,-0.6666666666666666,0.16666666666666666,5,5,5.0,0,0,0,704,
3011,10343,22,10307,1993,1994,Answer: 1990-1991,1990,1991,-0.2,0.2,3,3,3.0,0,0,0,702,
3012,6908,17,6213,1993,1993,Answer: ####-####,,,0.0,0.0,,,,0,0,0,587,
3013,9241,20,7862,1982,1982,Answer: ####-####,,,0.0,0.0,,,,0,0,0,740,
3014,7519,17,7196,1986,1986,Answer: ####-####,,,0.0,0.0,,,,0,0,0,703,
3015,11452,22,10093,1997,1998,Answer: ####-####,,,0.0,0.0,,,,0,0,0,692,
3016,2638,14,4292,1998,2008,Answer: 1998-2016,1998,2016,0.5789473684210527,0.5789473684210527,0,8,4.0,0,0,0,609,
3017,1979,6,2148,1904,1945,Answer: ####-####,,,0.0,0.0,,,,0,0,0,634,
3018,7312,20,6256,2010,2010,Answer: 2010-2010,2010,2010,1.0,1.0,0,0,0.0,0,0,0,669,
3019,11998,22,10479,2002,2003,Answer: 2007-2008,2007,2008,-0.42857142857142855,0.14285714285714285,5,5,5.0,0,0,0,680,
3020,2726,20,6012,1927,1927,Answer: ####-####,,,0.0,0.0,,,,0,0,0,680,
3021,10977,22,10733,2009,2010,Answer: ####-####,,,0.0,0.0,,,,0,0,0,615,
3022,10364,22,9595,2001,2010,Answer: 2001-2010,2001,2010,1.0,1.0,0,0,0.0,0,0,0,726,
3023,11350,22,10456,2008,2008,Answer: 2007-2008,2007,2008,0.5,0.5,1,0,0.5,0,0,0,686,
3024,12325,22,10415,2009,2009,Answer: 2009-2009,2009,2009,1.0,1.0,0,0,0.0,0,0,0,726,
3025,114,1,116,1800,1922,Answer: 1801-1922,1801,1922,0.991869918699187,0.991869918699187,1,0,0.5,0,0,0,755,
3026,5435,16,5439,1998,1998,Answer: 1995-2005,1995,2005,0.09090909090909091,0.09090909090909091,3,7,5.0,0,0,0,725,
3027,8288,17,6798,1987,1987,Answer: 1987-1990,1987,1990,0.25,0.25,0,3,1.5,0,0,0,550,
3028,12000,22,10887,2010,2011,Answer: ####-####,,,0.0,0.0,,,,0,0,0,696,
3029,11582,22,9685,2004,2007,Answer: 2001-2005,2001,2005,0.2857142857142857,0.2857142857142857,3,2,2.5,0,0,0,682,
3030,827,15,5088,1865,2008,Answer: ####-2009,2009,2009,0.0,0.006896551724137931,144,1,72.5,0,0,0,680,
3031,11646,22,10824,2009,2011,Answer: 2008-2010,2008,2010,0.5,0.5,1,1,1.0,0,0,0,692,
3032,12132,22,10278,1997,1999,Answer: 1997-1999,1997,1999,1.0,1.0,0,0,0.0,0,0,0,740,
3033,760,15,4982,,2014,Answer: ####-2015,2015,2015,0.0,0.0,,1,,0,0,0,569,
3034,11147,22,9633,2014,,Answer: 2010-2013,2010,2013,0.0,0.0,4,,,0,0,0,678,
3035,4931,14,3544,1767,1782,Answer: 1767-1782,1767,1782,1.0,1.0,0,0,0.0,0,0,0,702,
3036,4781,14,3473,1997,2001,Answer: 1997-2001,1997,2001,1.0,1.0,0,0,0.0,0,0,0,572,
3037,11802,22,10118,1989,1994,Answer: 1994-1996,1994,1996,0.125,0.125,5,2,3.5,0,0,0,668,
3038,1118,1,666,2016,,Answer: 2016-2024,2016,2024,0.0,0.0,0,,,0,0,0,719,
3039,12138,22,10809,2009,2012,Answer: 2009-2014,2009,2014,0.6666666666666666,0.6666666666666666,0,2,1.0,0,0,0,700,
3040,11311,22,9701,2004,2007,Answer: 2001-2003,2001,2003,0.0,0.14285714285714285,3,4,3.5,0,0,0,666,
3041,12379,22,10633,2006,2006,Answer: 2007-2009,2007,2009,0.0,0.25,1,3,2.0,0,0,0,730,
3042,2183,7,2185,1982,1993,Answer: 1982-1993,1982,1993,1.0,1.0,0,0,0.0,0,0,0,663,
3043,11213,22,10087,2001,2001,Answer: ####-####,,,0.0,0.0,,,,0,0,0,698,
3044,11056,22,10763,2011,2012,Answer: 2011-2012,2011,2012,1.0,1.0,0,0,0.0,0,0,0,692,
3045,1975,6,2088,1919,1920,Answer: 1919-1920,1919,1920,1.0,1.0,0,0,0.0,0,0,0,664,
3046,9987,22,9988,1995,1996,Answer: 2009-2010,2009,2010,-0.75,0.0625,14,14,14.0,0,0,0,680,
3047,10797,22,9931,2014,2014,Answer: 2017-2017,2017,2017,-0.5,0.25,3,3,3.0,0,0,0,686,
3048,11974,22,9863,1997,2001,Answer: 1998-2003,1998,2003,0.5714285714285714,0.5714285714285714,1,2,1.5,0,0,0,740,
3049,11734,22,10285,2003,2003,Answer: 2003-2004,2003,2004,0.5,0.5,0,1,0.5,0,0,0,678,
3050,10366,22,9749,2009,2010,Answer: 2007-2008,2007,2008,0.0,0.25,2,2,2.0,0,0,0,676,
3051,2660,9,2490,1961,,Answer: 1945-2024,1945,2024,0.0,0.0,16,,,0,0,0,732,
3052,2055,18,1034,2016,,Answer: 2016-2024,2016,2024,0.0,0.0,0,,,0,0,0,560,
3053,3589,14,3456,2010,2015,Answer: 2019-2022,2019,2022,-0.23076923076923078,0.07692307692307693,9,7,8.0,0,0,0,576,
3054,10406,22,9941,2004,2004,Answer: 1997-1999,1997,1999,-0.5,0.125,7,5,6.0,0,0,0,704,
3055,3879,14,3431,2007,2012,Answer: ####-####,,,0.0,0.0,,,,0,0,0,722,
3056,5720,20,7301,2001,2001,Answer: 2013-2013,2013,2013,-0.8461538461538461,0.07692307692307693,12,12,12.0,0,0,0,724,
3057,8172,17,8177,1992,1992,Answer: ####-####,,,0.0,0.0,,,,0,0,0,545,
3058,11050,22,5650,2006,2008,Answer: 2009-2010,2009,2010,0.0,0.2,3,2,2.5,0,0,0,692,
3059,5760,20,9040,2010,2010,Answer: ####-####,,,0.0,0.0,,,,0,0,0,746,
3060,9074,17,6491,1923,1923,Answer: ####-####,,,0.0,0.0,,,,0,0,0,677,
3061,11788,22,9768,1999,2000,Answer: ####-####,,,0.0,0.0,,,,0,0,0,682,
3062,10167,22,10169,2004,2004,Answer: ####-####,,,0.0,0.0,,,,0,0,0,670,
3063,8926,20,6869,1950,1950,Answer: 1950-1950,1950,1950,1.0,1.0,0,0,0.0,0,0,0,706,
3064,12140,22,10083,1999,1999,Answer: 1992-1994,1992,1994,-0.5,0.125,7,5,6.0,0,0,0,692,
3065,4623,14,4624,1987,1989,Answer: 2010-2011,2010,2011,-0.8,0.04,23,22,22.5,0,0,0,742,
3066,5501,22,10123,2004,2007,Answer: 2004-2007,2004,2007,1.0,1.0,0,0,0.0,0,0,0,670,
3067,3989,14,3437,1997,2015,Answer: ####-####,,,0.0,0.0,,,,0,0,0,533,
3068,11470,22,5655,2005,2010,Answer: 2010-2014,2010,2014,0.1,0.1,5,4,4.5,0,0,0,680,
3069,11350,22,9893,2008,2011,Answer: 2008-2012,2008,2012,0.8,0.8,0,1,0.5,0,0,0,744,
3070,9864,22,9643,1991,1993,Answer: 1991-1993,1991,1993,1.0,1.0,0,0,0.0,0,0,0,684,
3071,6661,20,5762,1954,1954,Answer: ####-####,,,0.0,0.0,,,,0,0,0,694,
3072,9417,20,9418,2002,2002,Answer: 1999-2011,1999,2011,0.07692307692307693,0.07692307692307693,3,9,6.0,0,0,0,716,
3073,4935,14,3437,1997,,Answer: 1997-2019,1997,2019,0.0,0.0,0,,,0,0,0,529,
3074,6663,17,6680,2000,2000,Answer: 1999-2007,1999,2007,0.1111111111111111,0.1111111111111111,1,7,4.0,0,0,0,739,
3075,12192,22,10236,2008,2009,Answer: 2007-2008,2007,2008,0.3333333333333333,0.3333333333333333,1,1,1.0,0,0,0,672,
3076,11974,22,9554,2000,2003,Answer: 1999-2001,1999,2001,0.4,0.4,1,2,1.5,0,0,0,702,
3077,11798,22,10051,2001,2001,Answer: 2001-2002,2001,2002,0.5,0.5,0,1,0.5,0,0,0,686,
3078,8481,20,9201,2004,2004,2003-2015,2003,2015,0.07692307692307693,0.07692307692307693,1,11,6.0,0,0,0,718,
3079,1830,10,2922,2011,2011,Answer: ####-####,,,0.0,0.0,,,,0,0,0,572,
3080,4109,14,3450,1998,2002,Answer: 1998-2024,1998,2024,0.18518518518518517,0.18518518518518517,0,22,11.0,0,0,0,720,
3081,10832,22,10833,2012,2012,Answer: 2013-2014,2013,2014,0.0,0.3333333333333333,1,2,1.5,0,0,0,676,
3082,2077,6,2018,1913,1940,Answer: ####-####,,,0.0,0.0,,,,0,0,0,638,
3083,12250,22,10341,2001,2001,Answer: ####-####,,,0.0,0.0,,,,0,0,0,690,
3084,6546,20,6391,1966,1966,Answer: 1964-1972,1964,1972,0.1111111111111111,0.1111111111111111,2,6,4.0,0,0,0,708,
3085,7541,20,7542,2005,2005,Answer: ####-####,,,0.0,0.0,,,,0,0,0,742,
3086,11500,22,9724,1991,1991,Answer: 1990-1992,1990,1992,0.3333333333333333,0.3333333333333333,1,1,1.0,0,0,0,732,
3087,11603,22,9544,1988,1992,Answer: 1989-1993,1989,1993,0.6666666666666666,0.6666666666666666,1,1,1.0,0,0,0,684,
3088,9490,21,9451,1898,1898,Answer: 1896-1896,1896,1896,-0.3333333333333333,0.3333333333333333,2,2,2.0,0,0,0,686,
3089,11719,22,10408,2007,2008,Answer: 2012-2012,2012,2012,-0.5,0.16666666666666666,5,4,4.5,0,0,0,702,
3090,1877,20,5665,1969,1969,Answer: 1968-1985,1968,1985,0.05555555555555555,0.05555555555555555,1,16,8.5,0,0,0,726,
3091,8790,20,6706,1950,1950,Answer: 1958-1958,1958,1958,-0.7777777777777778,0.1111111111111111,8,8,8.0,0,0,0,718,
3092,12204,22,10223,2011,2012,Answer: ####-####,,,0.0,0.0,,,,0,0,0,666,
3093,10818,22,9880,2001,2010,Answer: 2001-2018,2001,2018,0.5555555555555556,0.5555555555555556,0,8,4.0,0,0,0,674,
3094,12207,22,10007,2010,2010,Answer: 2011-2011,2011,2011,0.0,0.5,1,1,1.0,0,0,0,684,
3095,8141,20,6706,1950,1950,Answer: ####-####,,,0.0,0.0,,,,0,0,0,732,
3096,9764,22,9769,2009,2009,Answer: 2010-2012,2010,2012,0.0,0.25,1,3,2.0,0,0,0,700,
3097,663,18,966,,2014,Answer: 2015-2015,2015,2015,0.0,0.0,,1,,0,0,0,733,
3098,12298,22,9601,2011,2011,Answer: 2010-2011,2010,2011,0.5,0.5,1,0,0.5,0,0,0,702,
3099,1233,1,129,1920,,Answer: 1790-2024,1790,2024,0.0,0.0,130,,,0,0,0,681,
3100,990,5,27,2003,,Answer: ####-####,,,0.0,0.0,,,,0,0,0,672,
3101,2655,17,6685,1939,1939,Answer: ####-####,,,0.0,0.0,,,,0,0,0,572,
3102,8939,20,6706,1937,1937,Answer: 1944-1944,1944,1944,-0.75,0.125,7,7,7.0,0,0,0,736,
3103,6663,20,6681,2000,2000,Answer: 1999-2007,1999,2007,0.1111111111111111,0.1111111111111111,1,7,4.0,0,0,0,725,
3104,8081,17,8089,2013,2013,Answer: 2013-2013,2013,2013,1.0,1.0,0,0,0.0,0,0,0,587,
3105,10544,22,9912,1998,2013,Answer: 1998-2013,1998,2013,1.0,1.0,0,0,0.0,0,0,0,736,
3106,2448,8,2447,1995,,Answer: 1995-2024,1995,2024,0.0,0.0,0,,,0,0,0,663,
3107,9029,17,6678,2010,2010,Answer: 2007-2015,2007,2015,0.1111111111111111,0.1111111111111111,3,5,4.0,0,0,0,739,
3108,8627,17,6175,1986,1986,Answer: ####-####,,,0.0,0.0,,,,0,0,0,685,
3109,7239,17,7241,1989,1989,Answer: ####-####,,,0.0,0.0,,,,0,0,0,699,
3110,9407,20,8233,1998,1998,Answer: 1994-1994,1994,1994,-0.6,0.2,4,4,4.0,0,0,0,722,
3111,8779,23,2989,,1940,Answer: 1933-1937,1933,1937,0.0,0.0,,3,,0,0,0,706,
3112,11506,22,9674,1996,1997,Answer: 1995-1997,1995,1997,0.6666666666666666,0.6666666666666666,1,0,0.5,0,0,0,682,
3113,10766,22,9994,2001,2003,Answer: 2007-2008,2007,2008,-0.375,0.125,6,5,5.5,0,0,0,686,
3114,3082,17,6905,1995,1995,Answer: ####-####,,,0.0,0.0,,,,0,0,0,610,
3115,1151,1,1142,1871,1920,Answer: ####-####,,,0.0,0.0,,,,0,0,0,691,
3116,8258,20,9200,2003,2003,Answer: 1995-2005,1995,2005,0.09090909090909091,0.09090909090909091,8,2,5.0,0,0,0,736,
3117,7816,20,9185,2000,2000,Answer: 2000-2000,2000,2000,1.0,1.0,0,0,0.0,0,0,0,716,
3118,7529,17,7107,1994,1994,Answer: ####-####,,,0.0,0.0,,,,0,0,0,665,
3119,4479,14,4399,1887,1901,Answer: 1884-1901,1884,1901,0.8333333333333334,0.8333333333333334,3,0,1.5,0,0,0,574,
3120,11461,22,10771,1991,1991,Answer: 1988-1991,1988,1991,0.25,0.25,3,0,1.5,0,0,0,744,
3121,10188,22,9775,2005,2007,Answer: 2020-2021,2020,2021,-0.7058823529411765,0.058823529411764705,15,14,14.5,0,0,0,686,
3122,10343,22,9873,1985,1987,Answer: 1987-1988,1987,1988,0.25,0.25,2,1,1.5,0,0,0,716,
3123,11068,22,9668,2006,2007,Answer: 2003-2005,2003,2005,0.0,0.2,3,2,2.5,0,0,0,690,
3124,915,1,590,1927,1930,Answer: 1938-1944,1938,1944,-0.3888888888888889,0.05555555555555555,11,14,12.5,0,0,0,573,
3125,11660,22,9856,1995,1995,Answer: ####-####,,,0.0,0.0,,,,0,0,0,668,
3126,5756,20,6875,1972,1972,Answer: 1962-2006,1962,2006,0.022222222222222223,0.022222222222222223,10,34,22.0,0,0,0,700,
3127,12228,22,10362,1985,1985,Answer: 1977-1989,1977,1989,0.07692307692307693,0.07692307692307693,8,4,6.0,0,0,0,698,
3128,2428,20,6497,1999,1999,1992-2010,1992,2010,0.05263157894736842,0.05263157894736842,7,11,9.0,0,0,0,736,
3129,7252,17,7254,2006,2006,Answer: ####-####,,,0.0,0.0,,,,0,0,0,679,
3130,3497,14,3498,2001,,Answer: ####-####,,,0.0,0.0,,,,0,0,0,698,
3131,662,1,663,,2014,Answer: ####-2015,2015,2015,0.0,0.0,,1,,0,0,0,717,
3132,11963,22,10631,2009,2010,Answer: 2009-2010,2009,2010,1.0,1.0,0,0,0.0,0,0,0,732,
3133,11707,22,9756,2014,2015,Answer: 2011-2011,2011,2011,-0.4,0.2,3,4,3.5,0,0,0,680,
3134,100,5,1955,2001,,Answer: ####-####,,,0.0,0.0,,,,0,0,0,660,
3135,12497,22,10801,1953,1955,Answer: 1937-1944,1937,1944,-0.42105263157894735,0.05263157894736842,16,11,13.5,0,0,0,680,
3136,1931,6,115,1922,,Answer: 1707-2024,1707,2024,0.0,0.0,215,,,0,0,0,650,
3137,12128,22,11135,1999,2000,Answer: 1998-1999,1998,1999,0.3333333333333333,0.3333333333333333,1,1,1.0,0,0,0,718,
3138,10906,22,9934,2004,2006,Answer: 2004-2007,2004,2007,0.75,0.75,0,1,0.5,0,0,0,694,
3139,6312,17,6320,2012,2012,Answer: 2007-2012,2007,2012,0.16666666666666666,0.16666666666666666,5,0,2.5,0,0,0,697,
3140,10757,22,9761,1999,2001,Answer: 2000-2004,2000,2004,0.3333333333333333,0.3333333333333333,1,3,2.0,0,0,0,696,
3141,6053,20,8528,1988,1988,Answer: 1974-2009,1974,2009,0.027777777777777776,0.027777777777777776,14,21,17.5,0,0,0,740,
3142,10617,22,10591,1999,2000,Answer: 2003-2006,2003,2006,-0.25,0.125,4,6,5.0,0,0,0,730,
3143,11132,22,10163,2001,2002,Answer: 2001-2002,2001,2002,1.0,1.0,0,0,0.0,0,0,0,666,
3144,1866,4,1833,1928,1928,Answer: 1928-1928,1928,1928,1.0,1.0,0,0,0.0,0,0,0,664,
3145,4575,14,4241,1963,1965,Answer: 1945-1965,1945,1965,0.14285714285714285,0.14285714285714285,18,0,9.0,0,0,0,698,
3146,6874,17,6875,1989,1989,Answer: 1979-1988,1979,1988,0.0,0.09090909090909091,10,1,5.5,0,0,0,703,
3147,9021,17,7211,2002,2002,Answer: ####-####,,,0.0,0.0,,,,0,0,0,547,
3148,12252,22,9829,2000,2001,Answer: 2005-2006,2005,2006,-0.42857142857142855,0.14285714285714285,5,5,5.0,0,0,0,676,
3149,5493,16,5504,2008,2008,Answer: 2008-2017,2008,2017,0.1,0.1,0,9,4.5,0,0,0,541,
3150,2543,9,2505,1994,,Answer: ####-####,,,0.0,0.0,,,,0,0,0,728,
3151,2402,20,7472,1991,1991,Answer: 1978-2005,1978,2005,0.03571428571428571,0.03571428571428571,13,14,13.5,0,0,0,738,
3152,9222,20,5762,1965,1965,Answer: ####-####,,,0.0,0.0,,,,0,0,0,692,
3153,8586,17,8343,2010,2010,Answer: ####-####,,,0.0,0.0,,,,0,0,0,671,
3154,1592,6,29,1939,1941,Answer: 1922-1991,1922,1991,0.04285714285714286,0.04285714285714286,17,50,33.5,0,0,0,644,
3155,7525,17,6267,1921,1921,Answer: ####-####,,,0.0,0.0,,,,0,0,0,681,
3156,11194,22,9708,2005,2005,Answer: 1996-2001,1996,2001,-0.3,0.1,9,4,6.5,0,0,0,676,
3157,11845,22,10715,2015,,Answer: 2013-2013,2013,2013,0.0,0.0,2,,,0,0,0,684,
3158,8824,23,2977,,2000,Answer: 1984-1990,1984,1990,0.0,0.0,,10,,0,0,0,676,
3159,8820,20,7796,2013,2013,Answer: 2014-2018,2014,2018,0.0,0.16666666666666666,1,5,3.0,0,0,0,754,
3160,8094,17,8095,2010,2010,Answer: 2010-2010,2010,2010,1.0,1.0,0,0,0.0,0,0,0,599,
3161,9983,22,9738,1991,1993,Answer: 1991-1992,1991,1992,0.6666666666666666,0.6666666666666666,0,1,0.5,0,0,0,692,
3162,11307,22,10774,2005,2005,Answer: 2009-2009,2009,2009,-0.6,0.2,4,4,4.0,0,0,0,690,
3163,11043,22,10590,2003,2007,Answer: ####-####,,,0.0,0.0,,,,0,0,0,686,
3164,6885,20,7092,1949,1949,Answer: ####-####,,,0.0,0.0,,,,0,0,0,686,
3165,11613,22,10980,2014,2014,Answer: ####-####,,,0.0,0.0,,,,0,0,0,690,
3166,6663,20,6671,2000,2000,Answer: 1999-2007,1999,2007,0.1111111111111111,0.1111111111111111,1,7,4.0,0,0,0,738,
3167,588,6,589,1920,1922,Answer: 1922-1991,1922,1991,0.013888888888888888,0.013888888888888888,2,69,35.5,0,0,0,698,
3168,5307,15,5000,2000,2001,Answer: ####-####,,,0.0,0.0,,,,0,0,0,612,
3169,10176,22,9791,1984,1985,Answer: 1983-1985,1983,1985,0.6666666666666666,0.6666666666666666,1,0,0.5,0,0,0,708,
3170,11278,22,10183,2004,2007,Answer: 2003-2006,2003,2006,0.6,0.6,1,1,1.0,0,0,0,698,
3171,10682,22,9732,2006,2006,Answer: 2005-2007,2005,2007,0.3333333333333333,0.3333333333333333,1,1,1.0,0,0,0,604,
3172,1975,6,2025,1918,1919,Answer: 1918-1919,1918,1919,1.0,1.0,0,0,0.0,0,0,0,676,
3173,8081,20,6162,2013,2013,Answer: 2013-2015,2013,2015,0.3333333333333333,0.3333333333333333,0,2,1.0,0,0,0,740,
3174,12015,22,9750,2007,2009,Answer: 2007-2008,2007,2008,0.6666666666666666,0.6666666666666666,0,1,0.5,0,0,0,672,
3175,4820,14,4174,1993,1993,Answer: 1992-1993,1992,1993,0.5,0.5,1,0,0.5,0,0,0,572,
3176,11171,22,9858,1999,2001,Answer: 2000-2004,2000,2004,0.3333333333333333,0.3333333333333333,1,3,2.0,0,0,0,686,
3177,2702,17,6005,1752,1752,Answer: ####-####,,,0.0,0.0,,,,0,0,0,677,
3178,12486,22,10093,2016,,Answer: 2013-2015,2013,2015,0.0,0.0,3,,,0,0,0,696,
3179,7329,20,7330,1968,1968,Answer: 1950-1980,1950,1980,0.03225806451612903,0.03225806451612903,18,12,15.0,0,0,0,744,
3180,12028,22,11035,2012,2012,Answer: 2003-2004,2003,2004,-0.7,0.1,9,8,8.5,0,0,0,678,
3181,1893,17,6794,1955,1955,Answer: 1955-1955,1955,1955,1.0,1.0,0,0,0.0,0,0,0,671,
3182,10840,22,9858,2007,2010,Answer: 2010-2012,2010,2012,0.16666666666666666,0.16666666666666666,3,2,2.5,0,0,0,692,
3183,11717,22,11029,2004,2006,Answer: ####-####,,,0.0,0.0,,,,0,0,0,682,
3184,11119,22,10003,2008,2011,Answer: 2010-2011,2010,2011,0.5,0.5,2,0,1.0,0,0,0,672,
3185,9046,17,9047,2000,2000,Answer: ####-####,,,0.0,0.0,,,,0,0,0,713,
3186,11524,22,9678,1982,1983,Answer: 1984-1987,1984,1987,0.0,0.16666666666666666,2,4,3.0,0,0,0,682,
3187,12453,22,5472,2013,2015,Answer: 2010-2011,2010,2011,-0.16666666666666666,0.16666666666666666,3,4,3.5,0,0,0,694,
3188,9786,22,9789,2014,2014,Answer: 2012-2014,2012,2014,0.3333333333333333,0.3333333333333333,2,0,1.0,0,0,0,722,
3189,11961,22,9952,2006,2007,Answer: 2007-2009,2007,2009,0.25,0.25,1,2,1.5,0,0,0,688,
3190,8293,17,7107,2006,2006,Answer: ####-####,,,0.0,0.0,,,,0,0,0,671,
3191,2278,17,6869,1954,1954,Answer: 1947-1954,1947,1954,0.125,0.125,7,0,3.5,0,0,0,701,
3192,2362,20,7343,1994,1994,Answer: 1950-1999,1950,1999,0.02,0.02,44,5,24.5,0,0,0,702,
3193,3683,14,3437,2001,2010,Answer: 2001-2010,2001,2010,1.0,1.0,0,0,0.0,0,0,0,549,
3194,8441,20,7092,1966,1966,Answer: ####-####,,,0.0,0.0,,,,0,0,0,692,
3195,11721,22,10893,1987,1988,Answer: 1982-1983,1982,1983,-0.42857142857142855,0.14285714285714285,5,5,5.0,0,0,0,605,
3196,12366,22,10019,2009,2010,Answer: ####-####,,,0.0,0.0,,,,0,0,0,639,
3197,12063,22,9851,2007,2012,Answer: 2007-2011,2007,2011,0.8333333333333334,0.8333333333333334,0,1,0.5,0,0,0,680,
3198,12154,22,10362,2007,2010,Answer: 2007-2010,2007,2010,1.0,1.0,0,0,0.0,0,0,0,698,
3199,9361,20,6706,1936,1936,Answer: ####-####,,,0.0,0.0,,,,0,0,0,716,
3200,10702,22,5649,1997,2000,Answer: 1997-2000,1997,2000,1.0,1.0,0,0,0.0,0,0,0,690,
3201,10839,22,9567,1999,2007,Answer: 1999-2007,1999,2007,1.0,1.0,0,0,0.0,0,0,0,682,
3202,9450,21,9451,1911,1911,Answer: 1911-1911,1911,1911,1.0,1.0,0,0,0.0,0,0,0,672,
3203,4003,17,6012,1906,1906,Answer: 1906-1906,1906,1906,1.0,1.0,0,0,0.0,0,0,0,689,
3204,7222,20,5762,1935,1935,Answer: 1901-1947,1901,1947,0.02127659574468085,0.02127659574468085,34,12,23.0,0,0,0,692,
3205,9241,20,7862,1978,1978,Answer: ####-####,,,0.0,0.0,,,,0,0,0,740,
3206,11839,22,10742,2009,2010,Answer: ####-####,,,0.0,0.0,,,,0,0,0,674,
3207,8258,20,6038,2003,2003,Answer: 1995-2005,1995,2005,0.09090909090909091,0.09090909090909091,8,2,5.0,0,0,0,716,
3208,11847,22,10729,2008,2008,Answer: 2008-2009,2008,2009,0.5,0.5,0,1,0.5,0,0,0,736,
3209,9935,22,9939,2017,,Answer: 2017-2024,2017,2024,0.0,0.0,0,,,0,0,0,688,
3210,10988,22,10474,2007,2007,Answer: ####-####,,,0.0,0.0,,,,0,0,0,718,
3211,5850,20,8152,2014,2014,Answer: 2014-2014,2014,2014,1.0,1.0,0,0,0.0,0,0,0,724,
3212,2470,20,7605,1987,1987,Answer: 1976-2014,1976,2014,0.02564102564102564,0.02564102564102564,11,27,19.0,0,0,0,702,
3213,8359,17,6603,1984,1984,Answer: 1984-1984,1984,1984,1.0,1.0,0,0,0.0,0,0,0,739,
3214,6312,22,9592,2009,2009,Answer: 2009-2010,2009,2010,0.5,0.5,0,1,0.5,0,0,0,672,
3215,12122,22,9818,2000,2001,Answer: 1998-2001,1998,2001,0.5,0.5,2,0,1.0,0,0,0,758,
3216,6849,20,6469,1988,1988,Answer: 1973-1988,1973,1988,0.0625,0.0625,15,0,7.5,0,0,0,746,
3217,11192,22,9678,1999,2001,Answer: 2007-2009,2007,2009,-0.45454545454545453,0.09090909090909091,8,8,8.0,0,0,0,670,
3218,12137,22,9647,2010,2011,Answer: 2008-2010,2008,2010,0.25,0.25,2,1,1.5,0,0,0,712,
3219,6439,17,6288,2006,2006,Answer: ####-####,,,0.0,0.0,,,,0,0,0,687,
3220,8710,20,8086,1986,1986,Answer: ####-####,,,0.0,0.0,,,,0,0,0,726,
3221,468,1,126,1871,1920,Answer: ####-1790,1790,1790,-0.6106870229007634,0.007633587786259542,81,130,105.5,0,0,0,697,
3222,11493,22,9792,1991,1992,Answer: ####-####,,,0.0,0.0,,,,0,0,0,680,
3223,8879,17,6297,2007,2007,Answer: ####-####,,,0.0,0.0,,,,0,0,0,705,
3224,11568,22,9825,1995,1998,Answer: 1989-1991,1989,1991,-0.3,0.1,6,7,6.5,0,0,0,682,
3225,8081,20,6474,2013,2013,Answer: 2013-2013,2013,2013,1.0,1.0,0,0,0.0,0,0,0,760,
3226,3003,10,2924,1984,1984,Answer: 1985-2024,1985,2024,0.0,0.024390243902439025,1,40,20.5,0,0,0,671,
3227,12072,22,10763,2006,2006,Answer: 2003-2004,2003,2004,-0.25,0.25,3,2,2.5,0,0,0,682,
3228,12423,22,10920,2003,2004,Answer: 1997-1999,1997,1999,-0.375,0.125,6,5,5.5,0,0,0,682,
3229,12347,22,9604,2007,2010,Answer: 2013-2015,2013,2015,-0.2222222222222222,0.1111111111111111,6,5,5.5,0,0,0,682,
3230,11433,22,9645,2015,2016,Answer: 2017-2019,2017,2019,0.0,0.2,2,3,2.5,0,0,0,696,
3231,11441,22,11442,2011,2013,Answer: ####-####,,,0.0,0.0,,,,0,0,0,680,
3232,3995,14,3456,2010,2015,Answer: 2017-2019,2017,2019,-0.1,0.1,7,4,5.5,0,0,0,574,
3233,12249,22,9702,2002,2002,Answer: 1999-2002,1999,2002,0.25,0.25,3,0,1.5,0,0,0,732,
3234,10606,22,5649,2004,2006,Answer: 2009-2016,2009,2016,-0.15384615384615385,0.07692307692307693,5,10,7.5,0,0,0,682,
3235,12430,22,9937,1987,1989,Answer: 1983-1986,1983,1986,0.0,0.14285714285714285,4,3,3.5,0,0,0,700,
3236,2428,17,6468,1994,1994,Answer: ####-####,,,0.0,0.0,,,,0,0,0,737,
3237,134,1,125,1790,1871,Answer: 1790-2024,1790,2024,0.34893617021276596,0.34893617021276596,0,153,76.5,0,0,0,683,
3238,8647,17,6713,2003,2003,Answer: 1999-1999,1999,1999,-0.6,0.2,4,4,4.0,0,0,0,701,
3239,12487,22,10724,1993,1994,Answer: ####-####,,,0.0,0.0,,,,0,0,0,736,
3240,11739,22,10997,2001,2002,Answer: 1998-1999,1998,1999,-0.2,0.2,3,3,3.0,0,0,0,704,
3241,9733,22,9622,2009,2011,Answer: ####-####,,,0.0,0.0,,,,0,0,0,694,
3242,4813,14,3456,2010,2015,Answer: 2017-2019,2017,2019,-0.1,0.1,7,4,5.5,0,0,0,576,
3243,11441,22,9891,2014,,Answer: ####-####,,,0.0,0.0,,,,0,0,0,690,
3244,9607,22,9609,2009,2009,Answer: 2023-2023,2023,2023,-0.8666666666666667,0.06666666666666667,14,14,14.0,0,0,0,690,
3245,11382,22,10377,2002,2005,Answer: 2001-2004,2001,2004,0.6,0.6,1,1,1.0,0,0,0,734,
3246,3203,17,6707,2008,2008,Answer: ####-####,,,0.0,0.0,,,,0,0,0,711,
3247,12489,22,9822,1997,2000,Answer: 1995-1998,1995,1998,0.3333333333333333,0.3333333333333333,2,2,2.0,0,0,0,724,
3248,10861,22,9541,1997,1997,Answer: 1995-1997,1995,1997,0.3333333333333333,0.3333333333333333,2,0,1.0,0,0,0,734,
3249,11158,22,10735,2010,2010,Answer: ####-####,,,0.0,0.0,,,,0,0,0,680,
3250,12172,22,9756,1962,1963,Answer: 1957-1958,1957,1958,-0.42857142857142855,0.14285714285714285,5,5,5.0,0,0,0,680,
3251,1173,1,953,1790,1871,Answer: ####-####,,,0.0,0.0,,,,0,0,0,709,
3252,9652,22,9653,2008,2011,Answer: 2006-2010,2006,2010,0.5,0.5,2,1,1.5,0,0,0,690,
3253,3451,14,3452,2012,2016,Answer: 2012-2016,2012,2016,1.0,1.0,0,0,0.0,0,0,0,738,
3254,12347,22,10482,2004,2006,Answer: 2002-2005,2002,2005,0.4,0.4,2,1,1.5,0,0,0,722,
3255,11330,22,9617,2011,2015,Answer: 2011-2015,2011,2015,1.0,1.0,0,0,0.0,0,0,0,676,
3256,11691,22,9590,2002,2002,Answer: 2002-2004,2002,2004,0.3333333333333333,0.3333333333333333,0,2,1.0,0,0,0,677,
3257,3176,14,4224,1980,1988,Answer: 1978-1983,1978,1983,0.36363636363636365,0.36363636363636365,2,5,3.5,0,0,0,726,
3258,10842,22,10412,2002,2003,Answer: 2002-2003,2002,2003,1.0,1.0,0,0,0.0,0,0,0,682,
3259,8904,20,7513,2008,2008,Answer: 1995-2015,1995,2015,0.047619047619047616,0.047619047619047616,13,7,10.0,0,0,0,710,
3260,6383,17,6386,2010,2010,Answer: 2011-2011,2011,2011,0.0,0.5,1,1,1.0,0,0,0,737,
3261,8190,20,8085,1990,1990,Answer: 1988-1992,1988,1992,0.2,0.2,2,2,2.0,0,0,0,732,
3262,12182,22,9560,2009,2011,Answer: 2003-2007,2003,2007,-0.1111111111111111,0.1111111111111111,6,4,5.0,0,0,0,672,
3263,656,6,30,,1917,Answer: 1831-1917,1831,1917,0.0,0.0,,0,,0,0,0,672,
3264,11749,22,9973,2008,2010,Answer: 2007-2008,2007,2008,0.25,0.25,1,2,1.5,0,0,0,684,
3265,12086,22,9766,2006,2006,Answer: 2004-2005,2004,2005,0.0,0.3333333333333333,2,1,1.5,0,0,0,718,
3266,12129,22,10543,2004,2004,Answer: ####-####,,,0.0,0.0,,,,0,0,0,608,
3267,11480,22,10370,1991,1993,Answer: 1992-1993,1992,1993,0.6666666666666666,0.6666666666666666,1,0,0.5,0,0,0,692,
3268,11365,22,11367,1941,1944,Answer: 1940-1942,1940,1942,0.4,0.4,1,2,1.5,0,0,0,698,
3269,5686,22,9689,1961,1962,Answer: 1961-1962,1961,1962,1.0,1.0,0,0,0.0,0,0,0,732,
3270,4793,14,3456,2010,2015,Answer: 2010-2015,2010,2015,1.0,1.0,0,0,0.0,0,0,0,584,
3271,3814,14,3794,1937,1940,Answer: 1937-1940,1937,1940,1.0,1.0,0,0,0.0,0,0,0,720,
3272,10994,22,9708,2008,2009,Answer: 1993-1997,1993,1997,-0.5882352941176471,0.058823529411764705,15,12,13.5,0,0,0,680,
3273,11984,22,11035,2007,2012,Answer: ####-####,,,0.0,0.0,,,,0,0,0,682,
3274,11560,22,9800,1976,1984,Answer: 1974-1984,1974,1984,0.8181818181818182,0.8181818181818182,2,0,1.0,0,0,0,684,
3275,12344,22,10630,2001,2002,Answer: 1997-1998,1997,1998,-0.3333333333333333,0.16666666666666666,4,4,4.0,0,0,0,690,
3276,8011,20,9321,2003,2003,Answer: 1998-2009,1998,2009,0.08333333333333333,0.08333333333333333,5,6,5.5,0,0,0,728,
3277,8353,20,5762,1959,1959,Answer: ####-####,,,0.0,0.0,,,,0,0,0,698,
3278,12395,22,10524,2002,2003,Answer: ####-####,,,0.0,0.0,,,,0,0,0,744,
3279,7312,20,9282,2010,2010,Answer: 2010-2010,2010,2010,1.0,1.0,0,0,0.0,0,0,0,728,
3280,9832,22,9686,2008,2009,Answer: 2012-2013,2012,2013,-0.3333333333333333,0.16666666666666666,4,4,4.0,0,0,0,674,
3281,11764,22,9647,1996,1997,Answer: 1994-1997,1994,1997,0.5,0.5,2,0,1.0,0,0,0,748,
3282,6663,17,6670,2003,2003,Answer: 2000-2003,2000,2003,0.25,0.25,3,0,1.5,0,0,0,739,
3283,9036,17,6067,1972,1972,Answer: ####-####,,,0.0,0.0,,,,0,0,0,699,
3284,11232,22,10229,1994,1995,Answer: 1992-1993,1992,1993,0.0,0.25,2,2,2.0,0,0,0,684,
3285,12065,22,10632,2004,2004,Answer: 2002-2004,2002,2004,0.3333333333333333,0.3333333333333333,2,0,1.0,0,0,0,732,
3286,5155,15,5002,2013,,Answer: ####-####,,,0.0,0.0,,,,0,0,0,629,
3287,10090,22,10093,2007,2008,Answer: 2003-2006,2003,2006,0.0,0.16666666666666666,4,2,3.0,0,0,0,692,
3288,7889,20,6734,1970,1970,Answer: 1971-1971,1971,1971,0.0,0.5,1,1,1.0,0,0,0,746,
3289,6929,20,6706,1931,1931,Answer: ####-####,,,0.0,0.0,,,,0,0,0,722,
3290,5541,17,6177,1979,1979,Answer: 1979-1979,1979,1979,1.0,1.0,0,0,0.0,0,0,0,677,
3291,1478,1,114,,1974,Answer: ####-####,,,0.0,0.0,,,,0,0,0,693,
3292,12474,22,11512,2014,2015,Answer: ####-####,,,0.0,0.0,,,,0,0,0,678,
3293,727,1,239,2015,,Answer: 2015-####,2015,2015,0.0,0.0,0,,,0,0,0,709,
3294,8629,20,6233,1993,1993,Answer: 1993-1993,1993,1993,1.0,1.0,0,0,0.0,0,0,0,726,
3295,10402,22,10228,2007,2008,Answer: 2007-2008,2007,2008,1.0,1.0,0,0,0.0,0,0,0,710,
3296,5864,17,5836,1973,1973,Answer: 1973-1973,1973,1973,1.0,1.0,0,0,0.0,0,0,0,699,
3297,11093,22,9985,2005,2005,Answer: 1991-1996,1991,1996,-0.5333333333333333,0.06666666666666667,14,9,11.5,0,0,0,704,
3298,9975,22,9569,1972,1975,Answer: 1972-1974,1972,1974,0.75,0.75,0,1,0.5,0,0,0,720,
3299,11776,22,2999,2002,2002,Answer: 2004-2005,2004,2005,-0.25,0.25,2,3,2.5,0,0,0,700,
3300,1090,1,487,,2014,Answer: ####-####,,,0.0,0.0,,,,0,0,0,725,
3301,5840,20,5841,1980,1980,Answer: ####-####,,,0.0,0.0,,,,0,0,0,708,
3302,9381,20,5762,1933,1933,Answer: ####-####,,,0.0,0.0,,,,0,0,0,696,
3303,6602,17,6606,1990,1990,Answer: ####-####,,,0.0,0.0,,,,0,0,0,701,
3304,11326,22,10914,2012,2013,Answer: ####-####,,,0.0,0.0,,,,0,0,0,686,
3305,3135,14,4175,1963,1964,Answer: 1959-1965,1959,1965,0.2857142857142857,0.2857142857142857,4,1,2.5,0,0,0,570,
3306,10598,22,10524,2005,2012,Answer: 2002-2012,2002,2012,0.7272727272727273,0.7272727272727273,3,0,1.5,0,0,0,734,
3307,11359,22,9592,2007,2012,Answer: 2007-2012,2007,2012,1.0,1.0,0,0,0.0,0,0,0,680,
3308,10080,22,10083,2002,2003,Answer: ####-####,,,0.0,0.0,,,,0,0,0,702,
3309,10969,22,5656,1995,1995,Answer: ####-####,,,0.0,0.0,,,,0,0,0,680,
3310,492,15,4987,1967,,Answer: ####-1967,1967,1967,0.0,0.0,0,,,0,0,0,528,
3311,12217,22,10575,2010,2011,Answer: 2007-2009,2007,2009,0.0,0.2,3,2,2.5,0,0,0,682,
3312,10968,22,10914,2002,2003,Answer: 2004-2007,2004,2007,0.0,0.16666666666666666,2,4,3.0,0,0,0,694,
3313,2605,9,2476,1927,,Answer: ####-####,,,0.0,0.0,,,,0,0,0,670,
3314,12319,22,10604,2010,2010,Answer: 2010-2011,2010,2011,0.5,0.5,0,1,0.5,0,0,0,640,
3315,7125,20,6780,1905,1905,Answer: 1905-1905,1905,1905,1.0,1.0,0,0,0.0,0,0,0,698,
3316,9951,22,9886,2008,2012,Answer: ####-####,,,0.0,0.0,,,,0,0,0,680,
3317,6773,17,6368,2013,2013,Answer: 2013-2013,2013,2013,1.0,1.0,0,0,0.0,0,0,0,679,
3318,11420,22,11143,2012,,Answer: 2008-2018,2008,2018,0.0,0.0,4,,,0,0,0,710,
3319,2183,7,2186,1972,1973,Answer: 1972-1982,1972,1982,0.18181818181818182,0.18181818181818182,0,9,4.5,0,0,0,667,
3320,11363,22,10018,2006,2007,Answer: 2010-2013,2010,2013,-0.25,0.125,4,6,5.0,0,0,0,676,
3321,11780,22,9578,2004,2006,Answer: 2010-2010,2010,2010,-0.42857142857142855,0.14285714285714285,6,4,5.0,0,0,0,672,
3322,12046,22,9946,2014,,Answer: 2012-2015,2012,2015,0.0,0.0,2,,,0,0,0,736,
3323,8438,20,6780,1936,1936,Answer: 1901-1938,1901,1938,0.02631578947368421,0.02631578947368421,35,2,18.5,0,0,0,694,
3324,12130,22,10490,2007,2007,Answer: ####-####,,,0.0,0.0,,,,0,0,0,702,
3325,10199,22,10201,2009,2011,Answer: 2008-2009,2008,2009,0.25,0.25,1,2,1.5,0,0,0,750,
3326,12081,22,9999,2001,2005,Answer: ####-####,,,0.0,0.0,,,,0,0,0,678,
3327,11340,22,9735,2005,2008,Answer: 2007-2009,2007,2009,0.4,0.4,2,1,1.5,0,0,0,672,
3328,8386,17,6068,1998,1998,Answer: 1998-1998,1998,1998,1.0,1.0,0,0,0.0,0,0,0,677,
3329,12035,22,10686,2009,2010,Answer: 2007-2008,2007,2008,0.0,0.25,2,2,2.0,0,0,0,680,
3330,6371,17,6188,1993,1993,Answer: 1998-1998,1998,1998,-0.6666666666666666,0.16666666666666666,5,5,5.0,0,0,0,667,
3331,10694,22,10116,1995,1996,Answer: 1993-1995,1993,1995,0.25,0.25,2,1,1.5,0,0,0,672,
3332,11582,22,10445,2007,2008,Answer: 2003-2004,2003,2004,-0.3333333333333333,0.16666666666666666,4,4,4.0,0,0,0,682,
3333,6195,17,6197,1988,1988,1962-1988,1962,1988,0.037037037037037035,0.037037037037037035,26,0,13.0,0,0,0,731,
3334,3607,14,3610,1949,1959,Answer: 1949-1959,1949,1959,1.0,1.0,0,0,0.0,0,0,0,509,
3335,11705,22,11001,2001,2002,Answer: 2003-2004,2003,2004,0.0,0.25,2,2,2.0,0,0,0,698,
3336,6032,20,7473,1993,1993,Answer: 1975-2016,1975,2016,0.023809523809523808,0.023809523809523808,18,23,20.5,0,0,0,728,
3337,439,1,31,1493,1708,Answer: 1400-1547,1400,1547,0.1779935275080906,0.1779935275080906,93,161,127.0,0,0,0,707,
3338,11854,22,11058,2001,2001,Answer: 1999-2001,1999,2001,0.3333333333333333,0.3333333333333333,2,0,1.0,0,0,0,744,
3339,3813,14,3473,1997,2001,Answer: 1997-2001,1997,2001,1.0,1.0,0,0,0.0,0,0,0,578,
3340,11527,22,9592,1971,1972,Answer: 1971-1982,1971,1982,0.16666666666666666,0.16666666666666666,0,10,5.0,0,0,0,670,
3341,8592,17,9022,2004,2004,Answer: ####-####,,,0.0,0.0,,,,0,0,0,619,
3342,11692,22,10911,1965,1966,Answer: 1969-1970,1969,1970,-0.3333333333333333,0.16666666666666666,4,4,4.0,0,0,0,678,
3343,12152,22,10649,2010,2010,Answer: 2010-2011,2010,2011,0.5,0.5,0,1,0.5,0,0,0,686,
3344,7003,17,5936,2004,2004,Answer: 2019-2019,2019,2019,-0.875,0.0625,15,15,15.0,0,0,0,679,
3345,8784,17,6706,1970,1970,Answer: 1970-1970,1970,1970,1.0,1.0,0,0,0.0,0,0,0,719,
3346,457,1,125,1920,,Answer: 1790-2024,1790,2024,0.0,0.0,130,,,0,0,0,685,
3347,7949,17,6198,2000,2000,Answer: ####-####,,,0.0,0.0,,,,0,0,0,687,
3348,7277,17,5453,1997,1997,Answer: 1997-1997,1997,1997,1.0,1.0,0,0,0.0,0,0,0,717,
3349,10830,22,9592,2001,2002,Answer: 2004-2009,2004,2009,-0.1111111111111111,0.1111111111111111,3,7,5.0,0,0,0,674,
3350,4938,14,3456,2010,2015,Answer: 2017-2019,2017,2019,-0.1,0.1,7,4,5.5,0,0,0,578,
3351,11244,22,9798,2009,2010,Answer: 2009-2010,2009,2010,1.0,1.0,0,0,0.0,0,0,0,688,
3352,9965,22,9567,2008,2011,Answer: 2010-2014,2010,2014,0.2857142857142857,0.2857142857142857,2,3,2.5,0,0,0,672,
3353,11615,22,10553,2007,2008,Answer: 2006-2011,2006,2011,0.3333333333333333,0.3333333333333333,1,3,2.0,0,0,0,728,
3354,11275,22,10807,2015,2015,Answer: 2013-2013,2013,2013,-0.3333333333333333,0.3333333333333333,2,2,2.0,0,0,0,676,
3355,9400,20,7919,2000,2000,Answer: 1995-2000,1995,2000,0.16666666666666666,0.16666666666666666,5,0,2.5,0,0,0,720,
3356,10343,22,9845,1978,1981,Answer: 1984-1985,1984,1985,-0.25,0.125,6,4,5.0,0,0,0,688,
3357,11054,22,10457,2012,2012,Answer: 2007-2008,2007,2008,-0.5,0.16666666666666666,5,4,4.5,0,0,0,682,
3358,2783,15,4969,1962,,Answer: 1962-1962,1962,1962,0.0,0.0,0,,,0,0,0,698,
3359,10924,22,10927,2002,2002,Answer: 2007-2008,2007,2008,-0.5714285714285714,0.14285714285714285,5,6,5.5,0,0,0,692,
3360,5441,20,6045,2006,2006,Answer: ####-####,,,0.0,0.0,,,,0,0,0,716,
3361,1189,1,953,1920,,Answer: 1790-2024,1790,2024,0.0,0.0,130,,,0,0,0,687,
3362,3215,17,5410,1960,1960,Answer: ####-####,,,0.0,0.0,,,,0,0,0,675,
3363,9883,22,9884,2012,2014,Answer: 2010-2011,2010,2011,0.0,0.2,2,3,2.5,0,0,0,690,
3364,10846,22,9586,2003,2006,Answer: 2001-2004,2001,2004,0.3333333333333333,0.3333333333333333,2,2,2.0,0,0,0,736,
3365,12037,22,10085,2014,2014,Answer: 2013-2014,2013,2014,0.5,0.5,1,0,0.5,0,0,0,682,
3366,1956,5,1957,1971,,Answer: ####-####,,,0.0,0.0,,,,0,0,0,650,
3367,5647,16,5650,2002,2002,Answer: 1995-1995,1995,1995,-0.75,0.125,7,7,7.0,0,0,0,693,
3368,9029,20,6678,2010,2010,Answer: 2007-2015,2007,2015,0.1111111111111111,0.1111111111111111,3,5,4.0,0,0,0,738,
3369,12049,22,9976,2011,2012,Answer: 2013-2014,2013,2014,0.0,0.25,2,2,2.0,0,0,0,684,
3370,6361,17,6362,1975,1975,Answer: 1975-1975,1975,1975,1.0,1.0,0,0,0.0,0,0,0,675,
3371,12162,22,10123,2003,2004,Answer: 2003-2004,2003,2004,1.0,1.0,0,0,0.0,0,0,0,680,
3372,10368,22,10369,1996,1998,Answer: 1995-1997,1995,1997,0.5,0.5,1,1,1.0,0,0,0,680,
3373,7269,20,7092,1945,1945,Answer: 1951-1951,1951,1951,-0.7142857142857143,0.14285714285714285,6,6,6.0,0,0,0,690,
3374,3576,14,3454,2017,,Answer: 2017-2019,2017,2019,0.0,0.0,0,,,0,0,0,576,
3375,2183,9,2492,1956,,Answer: 1956-1956,1956,1956,0.0,0.0,0,,,0,0,0,694,
3376,8661,20,9006,2014,2014,Answer: 2013-2013,2013,2013,0.0,0.5,1,1,1.0,0,0,0,696,
3377,1959,6,2008,1804,1867,Answer: 1804-1867,1804,1867,1.0,1.0,0,0,0.0,0,0,0,660,
3378,11292,22,9750,2003,2004,Answer: 2003-2005,2003,2005,0.6666666666666666,0.6666666666666666,0,1,0.5,0,0,0,682,
3379,1910,14,3956,1908,1938,Answer: ####-####,,,0.0,0.0,,,,0,0,0,660,
3380,8753,17,6780,1948,1948,Answer: 1948-1948,1948,1948,1.0,1.0,0,0,0.0,0,0,0,693,
3381,11086,22,10161,2013,2014,Answer: 2016-2017,2016,2017,-0.2,0.2,3,3,3.0,0,0,0,684,
3382,10489,22,10491,2016,,Answer: 2007-2008,2007,2008,0.0,0.0,9,,,0,0,0,682,
3383,5678,16,5505,1959,1959,Answer: 1953-1960,1953,1960,0.125,0.125,6,1,3.5,0,0,0,677,
3384,10889,22,9939,1994,1994,Answer: 1996-1997,1996,1997,-0.25,0.25,2,3,2.5,0,0,0,690,
3385,6390,17,5970,2004,2004,Answer: 2004-2006,2004,2006,0.3333333333333333,0.3333333333333333,0,2,1.0,0,0,0,713,
3386,12263,22,9921,2004,2006,Answer: 2007-2015,2007,2015,0.0,0.08333333333333333,3,9,6.0,0,0,0,668,
3387,12211,22,10004,2011,2013,Answer: ####-####,,,0.0,0.0,,,,0,0,0,676,
3388,12292,22,9678,1979,1979,Answer: 1981-1984,1981,1984,-0.16666666666666666,0.16666666666666666,2,5,3.5,0,0,0,680,
3389,261,1,46,1930,1932,Answer: 1919-1991,1919,1991,0.0410958904109589,0.0410958904109589,11,59,35.0,0,0,0,735,
3390,4340,14,4127,1992,1997,Answer: 1981-1992,1981,1992,0.058823529411764705,0.058823529411764705,11,5,8.0,0,0,0,527,
3391,3343,21,9473,2006,,Answer: 2006-2006,2006,2006,0.0,0.0,0,,,0,0,0,724,
3392,11290,22,9732,2010,2011,Answer: 2009-2011,2009,2011,0.6666666666666666,0.6666666666666666,1,0,0.5,0,0,0,606,
3393,5962,20,5965,2003,2003,Answer: 1991-2003,1991,2003,0.07692307692307693,0.07692307692307693,12,0,6.0,0,0,0,720,
3394,10869,22,10807,2000,2000,Answer: 2007-2008,2007,2008,-0.6666666666666666,0.1111111111111111,7,8,7.5,0,0,0,674,
3395,10324,22,10328,1983,1993,Answer: 1980-1992,1980,1992,0.7142857142857143,0.7142857142857143,3,1,2.0,0,0,0,716,
3396,6053,20,8079,1985,1985,Answer: 1972-2009,1972,2009,0.02631578947368421,0.02631578947368421,13,24,18.5,0,0,0,738,
3397,7521,17,6066,1984,1984,Answer: 1991-1991,1991,1991,-0.75,0.125,7,7,7.0,0,0,0,733,
3398,10511,22,9791,1989,1990,Answer: 1988-1990,1988,1990,0.6666666666666666,0.6666666666666666,1,0,0.5,0,0,0,702,
3399,11215,22,10637,1980,1981,Answer: 1983-1983,1983,1983,-0.25,0.25,3,2,2.5,0,0,0,706,
3400,12392,22,10549,2007,2008,Answer: 2007-2010,2007,2010,0.5,0.5,0,2,1.0,0,0,0,676,
3401,12143,22,10157,2009,2010,Answer: 2007-2008,2007,2008,0.0,0.25,2,2,2.0,0,0,0,698,
3402,10560,22,10562,2001,2002,Answer: 1991-1993,1991,1993,-0.5833333333333334,0.08333333333333333,10,9,9.5,0,0,0,694,
3403,1858,17,6222,2014,2014,Answer: 2009-2018,2009,2018,0.1,0.1,5,4,4.5,0,0,0,711,
3404,11539,22,10285,2010,2011,Answer: 2013-2016,2013,2016,-0.14285714285714285,0.14285714285714285,3,5,4.0,0,0,0,686,
3405,12483,22,10450,2012,2013,Answer: ####-####,,,0.0,0.0,,,,0,0,0,688,
3406,11632,22,10594,2010,2011,Answer: ####-####,,,0.0,0.0,,,,0,0,0,680,
3407,10700,22,9740,2011,2012,Answer: 2017-2020,2017,2020,-0.4,0.1,6,8,7.0,0,0,0,676,
3408,12202,22,10421,2004,2005,Answer: 2004-2005,2004,2005,1.0,1.0,0,0,0.0,0,0,0,740,
3409,9676,22,9575,2011,2013,Answer: ####-####,,,0.0,0.0,,,,0,0,0,678,
3410,854,1,599,2015,,Answer: 2015-2024,2015,2024,0.0,0.0,0,,,0,0,0,697,
3411,9166,20,6012,1932,1932,Answer: ####-####,,,0.0,0.0,,,,0,0,0,720,
3412,10872,22,9787,2001,2001,Answer: 1990-1992,1990,1992,-0.6666666666666666,0.08333333333333333,11,9,10.0,0,0,0,702,
3413,11831,22,10715,1991,1991,Answer: ####-####,,,0.0,0.0,,,,0,0,0,686,
3414,10830,22,10278,1996,1996,Answer: 1994-1996,1994,1996,0.3333333333333333,0.3333333333333333,2,0,1.0,0,0,0,732,
3415,10935,22,10449,2003,2009,Answer: 2005-2009,2005,2009,0.7142857142857143,0.7142857142857143,2,0,1.0,0,0,0,682,
3416,9805,22,9808,1998,2000,Answer: 2011-2012,2011,2012,-0.6666666666666666,0.06666666666666667,13,12,12.5,0,0,0,678,
3417,5840,20,7091,1989,1989,Answer: ####-####,,,0.0,0.0,,,,0,0,0,704,
3418,11806,22,9565,1993,1994,Answer: 1993-1994,1993,1994,1.0,1.0,0,0,0.0,0,0,0,744,
3419,8953,17,5916,2002,2002,Answer: ####-####,,,0.0,0.0,,,,0,0,0,689,
3420,10396,22,9565,2007,2008,Answer: 2007-2008,2007,2008,1.0,1.0,0,0,0.0,0,0,0,752,
3421,8818,20,8819,2008,2008,Answer: 2008-2008,2008,2008,1.0,1.0,0,0,0.0,0,0,0,730,
3422,7566,17,7444,1985,1985,Answer: 1984-1984,1984,1984,0.0,0.5,1,1,1.0,0,0,0,630,
3423,11957,22,10921,2001,2002,Answer: ####-####,,,0.0,0.0,,,,0,0,0,672,
3424,3116,11,3095,2003,,Answer: ####-####,,,0.0,0.0,,,,0,0,0,730,
3425,8747,17,6262,1986,1986,Answer: 1993-1993,1993,1993,-0.75,0.125,7,7,7.0,0,0,0,723,
3426,10745,22,9604,2001,2003,Answer: 1999-2001,1999,2001,0.2,0.2,2,2,2.0,0,0,0,696,
3427,12014,22,10278,2009,2011,Answer: 2006-2008,2006,2008,0.0,0.16666666666666666,3,3,3.0,0,0,0,736,
3428,7598,17,7599,2008,2008,Answer: ####-####,,,0.0,0.0,,,,0,0,0,683,
3429,6546,17,6547,1966,1966,Answer: 1964-1972,1964,1972,0.1111111111111111,0.1111111111111111,2,6,4.0,0,0,0,733,
3430,11684,22,10424,2009,2010,Answer: 2007-2009,2007,2009,0.25,0.25,2,1,1.5,0,0,0,698,
3431,10653,22,9804,2001,2002,Answer: 2007-2009,2007,2009,-0.4444444444444444,0.1111111111111111,6,7,6.5,0,0,0,676,
3432,5479,16,2401,1989,1989,Answer: 1979-1980,1979,1980,-0.7272727272727273,0.09090909090909091,10,9,9.5,0,0,0,739,
3433,11140,22,9716,2004,2005,Answer: 2005-2006,2005,2006,0.3333333333333333,0.3333333333333333,1,1,1.0,0,0,0,680,
3434,11214,22,9617,2008,2009,Answer: ####-####,,,0.0,0.0,,,,0,0,0,686,
3435,8545,17,6470,1995,1995,Answer: ####-####,,,0.0,0.0,,,,0,0,0,499,
3436,10382,22,10383,2001,2004,Answer: 2000-2003,2000,2003,0.6,0.6,1,1,1.0,0,0,0,684,
3437,11252,22,10277,1973,1975,Answer: ####-####,,,0.0,0.0,,,,0,0,0,726,
3438,9148,19,2004,1668,1705,Answer: 1660-1705,1660,1705,0.8260869565217391,0.8260869565217391,8,0,4.0,0,0,0,664,
3439,5850,20,7359,2013,2013,Answer: 2013-2013,2013,2013,1.0,1.0,0,0,0.0,0,0,0,722,
3440,11477,22,11478,1978,1979,Answer: ####-####,,,0.0,0.0,,,,0,0,0,678,
3441,413,1,603,1921,1929,Answer: ####-####,,,0.0,0.0,,,,0,0,0,551,
3442,3629,14,3437,1995,2010,Answer: 1997-2010,1997,2010,0.875,0.875,2,0,1.0,0,0,0,529,
3443,12418,22,10233,1995,1996,Answer: 1993-1993,1993,1993,-0.25,0.25,2,3,2.5,0,0,0,704,
3444,12120,22,10195,2012,2012,Answer: 2013-2013,2013,2013,0.0,0.5,1,1,1.0,0,0,0,678,
3445,11517,22,9663,1973,1976,Answer: 2009-2015,2009,2015,-0.7441860465116279,0.023255813953488372,36,39,37.5,0,0,0,670,
3446,7621,17,7142,1920,1920,Answer: ####-####,,,0.0,0.0,,,,0,0,0,709,
3447,11358,22,10445,2003,2006,Answer: 2000-2001,2000,2001,-0.14285714285714285,0.14285714285714285,3,5,4.0,0,0,0,670,
3448,10884,22,10143,2009,,Answer: 2009-2015,2009,2015,0.0,0.0,0,,,0,0,0,744,
3449,3260,13,3261,1986,,Answer: 1990-1990,1990,1990,0.0,0.0,4,,,0,0,0,640,
3450,11834,22,11427,2010,2011,Answer: ####-####,,,0.0,0.0,,,,0,0,0,744,
3451,11099,22,9632,2014,2014,Answer: ####-####,,,0.0,0.0,,,,0,0,0,692,
3452,11773,22,10608,2005,2005,Answer: 2013-2013,2013,2013,-0.7777777777777778,0.1111111111111111,8,8,8.0,0,0,0,698,
3453,6010,17,5947,1956,1956,Answer: 1956-1988,1956,1988,0.030303030303030304,0.030303030303030304,0,32,16.0,0,0,0,677,
3454,11454,22,11455,2013,2014,Answer: 2007-2008,2007,2008,-0.5,0.125,6,6,6.0,0,0,0,672,
3455,10584,22,9756,1991,1992,Answer: ####-####,,,0.0,0.0,,,,0,0,0,680,
3456,10886,22,10133,2003,2008,Answer: 2002-2007,2002,2007,0.7142857142857143,0.7142857142857143,1,1,1.0,0,0,0,688,
3457,12017,22,10145,2001,2002,Answer: ####-####,,,0.0,0.0,,,,0,0,0,672,
3458,4540,14,4541,1994,1995,Answer: 2001-2006,2001,2006,-0.38461538461538464,0.07692307692307693,7,11,9.0,0,0,0,576,
3459,7906,17,7908,1994,1994,Answer: 1992-2014,1992,2014,0.043478260869565216,0.043478260869565216,2,20,11.0,0,0,0,735,
3460,10396,22,9563,2008,2009,Answer: 2008-2009,2008,2009,1.0,1.0,0,0,0.0,0,0,0,752,
3461,8637,20,8639,2010,2010,Answer: 2004-2014,2004,2014,0.09090909090909091,0.09090909090909091,6,4,5.0,0,0,0,697,
3462,8851,20,7885,1952,1952,Answer: 1952-1952,1952,1952,1.0,1.0,0,0,0.0,0,0,0,736,
3463,11853,22,9754,2007,2008,Answer: 2008-2010,2008,2010,0.25,0.25,1,2,1.5,0,0,0,680,
3464,10636,22,9791,1940,1940,Answer: 1935-1937,1935,1937,-0.3333333333333333,0.16666666666666666,5,3,4.0,0,0,0,708,
3465,7260,20,6780,1907,1907,Answer: 1901-1916,1901,1916,0.0625,0.0625,6,9,7.5,0,0,0,690,
3466,12208,22,10121,2014,2014,Answer: 2013-2015,2013,2015,0.3333333333333333,0.3333333333333333,1,1,1.0,0,0,0,670,
3467,5846,20,6671,2012,2012,Answer: 2000-2019,2000,2019,0.05,0.05,12,7,9.5,0,0,0,736,
3468,3992,14,3457,2005,2010,Answer: 2005-2010,2005,2010,1.0,1.0,0,0,0.0,0,0,0,580,
3469,10961,22,10028,2005,2007,Answer: 2004-2007,2004,2007,0.75,0.75,1,0,0.5,0,0,0,682,
3470,8717,17,6152,2013,2013,Answer: 2013-2013,2013,2013,1.0,1.0,0,0,0.0,0,0,0,693,
3471,4695,14,3824,1976,1981,Answer: 1976-1981,1976,1981,1.0,1.0,0,0,0.0,0,0,0,690,
3472,6024,17,6026,1981,1981,Answer: ####-####,,,0.0,0.0,,,,0,0,0,583,
3473,4002,14,3456,2010,2015,Answer: 2010-2015,2010,2015,1.0,1.0,0,0,0.0,0,0,0,576,
3474,10023,22,9840,2005,2011,Answer: 2005-2011,2005,2011,1.0,1.0,0,0,0.0,0,0,0,680,
3475,11718,22,9800,2010,2011,Answer: 2007-2010,2007,2010,0.2,0.2,3,1,2.0,0,0,0,684,
3476,12452,22,9644,2001,2002,Answer: 2007-2008,2007,2008,-0.5,0.125,6,6,6.0,0,0,0,688,
3477,7964,20,7817,2004,2004,Answer: 2005-2005,2005,2005,0.0,0.5,1,1,1.0,0,0,0,700,
3478,5960,17,5961,2000,2000,Answer: 1999-1999,1999,1999,0.0,0.5,1,1,1.0,0,0,0,741,
3479,9041,22,10646,2001,2003,Answer: 2000-2002,2000,2002,0.5,0.5,1,1,1.0,0,0,0,752,
3480,9476,21,9457,1587,1587,Answer: 1485-1603,1485,1603,0.008403361344537815,0.008403361344537815,102,16,59.0,0,0,0,668,
3481,11160,22,9942,2013,2014,Answer: ####-####,,,0.0,0.0,,,,0,0,0,700,
3482,11558,22,10010,2002,2003,Answer: ####-####,,,0.0,0.0,,,,0,0,0,696,
3483,12095,22,10815,2004,2005,Answer: ####-####,,,0.0,0.0,,,,0,0,0,708,
3484,5633,17,8315,2012,2012,Answer: 2011-2011,2011,2011,0.0,0.5,1,1,1.0,0,0,0,723,
3485,11763,22,9976,2008,2012,Answer: 2007-2010,2007,2010,0.5,0.5,1,2,1.5,0,0,0,684,
3486,11207,22,9984,1999,2001,Answer: 2000-2003,2000,2003,0.4,0.4,1,2,1.5,0,0,0,706,
3487,9111,20,6963,1997,1997,Answer: 1999-2000,1999,2000,-0.25,0.25,2,3,2.5,0,0,0,718,
3488,10835,22,10047,2010,2011,Answer: 2010-2011,2010,2011,1.0,1.0,0,0,0.0,0,0,0,700,
3489,10529,22,10530,1999,2000,Answer: ####-####,,,0.0,0.0,,,,0,0,0,676,
3490,6843,17,6844,1978,1978,Answer: 1978-1978,1978,1978,1.0,1.0,0,0,0.0,0,0,0,697,
3491,12063,22,9936,2012,2012,Answer: 2000-2001,2000,2001,-0.7692307692307693,0.07692307692307693,12,11,11.5,0,0,0,698,
3492,10428,22,10429,1999,2000,Answer: ####-####,,,0.0,0.0,,,,0,0,0,690,
3493,682,1,503,2015,,2015-2016,2015,2016,0.0,0.0,0,,,0,0,0,733,
3494,12179,22,9942,2008,2011,Answer: 2009-2012,2009,2012,0.6,0.6,1,1,1.0,0,0,0,710,
3495,11849,22,9582,1999,2003,Answer: 2003-2006,2003,2006,0.125,0.125,4,3,3.5,0,0,0,666,
3496,2681,9,2476,1803,,Answer: 1803-1836,1803,1836,0.0,0.0,0,,,0,0,0,694,
3497,4967,14,4287,1961,1962,Answer: ####-####,,,0.0,0.0,,,,0,0,0,574,
3498,11955,22,9854,1997,1997,Answer: 1993-1998,1993,1998,0.16666666666666666,0.16666666666666666,4,1,2.5,0,0,0,740,
3499,12000,22,10153,2006,2007,Answer: ####-####,,,0.0,0.0,,,,0,0,0,702,
3500,2762,17,7092,1970,1970,Answer: 1970-1970,1970,1970,1.0,1.0,0,0,0.0,0,0,0,689,
3501,10948,22,9678,2010,2011,Answer: 2010-2011,2010,2011,1.0,1.0,0,0,0.0,0,0,0,676,
3502,7261,17,6809,1995,1995,Answer: ####-####,,,0.0,0.0,,,,0,0,0,596,
3503,5611,16,5623,2008,2008,Answer: ####-####,,,0.0,0.0,,,,0,0,0,532,
3504,2035,6,2036,1919,1919,Answer: 1919-1919,1919,1919,1.0,1.0,0,0,0.0,0,0,0,678,
3505,8941,17,6800,1994,1994,Answer: 1986-1997,1986,1997,0.08333333333333333,0.08333333333333333,8,3,5.5,0,0,0,674,
3506,7324,17,7325,2005,2005,Answer: ####-####,,,0.0,0.0,,,,0,0,0,695,
3507,11827,22,10289,2012,2015,Answer: ####-####,,,0.0,0.0,,,,0,0,0,666,
3508,5633,17,5626,2012,2012,Answer: 2012-2012,2012,2012,1.0,1.0,0,0,0.0,0,0,0,727,
3509,6796,17,6202,2008,2008,Answer: 2020-2021,2020,2021,-0.7857142857142857,0.07142857142857142,12,13,12.5,0,0,0,642,
3510,7449,20,6780,1937,1937,Answer: 1910-1947,1910,1947,0.02631578947368421,0.02631578947368421,27,10,18.5,0,0,0,716,
3511,11337,22,9791,2004,,Answer: ####-####,,,0.0,0.0,,,,0,0,0,714,
3512,2697,9,2520,1996,1996,Answer: ####-####,,,0.0,0.0,,,,0,0,0,672,
3513,5962,20,5964,2003,2003,Answer: 1990-2023,1990,2023,0.029411764705882353,0.029411764705882353,13,20,16.5,0,0,0,738,
3514,3571,14,3574,2003,2005,Answer: 2003-2007,2003,2007,0.6,0.6,0,2,1.0,0,0,0,617,
3515,12370,22,9766,2008,2008,Answer: ####-####,,,0.0,0.0,,,,0,0,0,692,
3516,11227,22,9890,2014,2014,Answer: 2013-2014,2013,2014,0.5,0.5,1,0,0.5,0,0,0,660,
3517,5840,20,7513,2004,2004,Answer: ####-####,,,0.0,0.0,,,,0,0,0,710,
3518,10889,22,10890,2001,2003,Answer: ####-####,,,0.0,0.0,,,,0,0,0,696,
3519,1941,6,2045,1775,1804,Answer: 1775-1918,1775,1918,0.20833333333333334,0.20833333333333334,0,114,57.0,0,0,0,666,
3520,675,6,400,1949,1990,Answer: 1949-1990,1949,1990,1.0,1.0,0,0,0.0,0,0,0,654,
3521,8777,20,8095,2009,2009,Answer: 2017-2017,2017,2017,-0.7777777777777778,0.1111111111111111,8,8,8.0,0,0,0,576,
3522,8937,17,6472,1997,1997,Answer: ####-####,,,0.0,0.0,,,,0,0,0,689,
3523,11808,22,10268,2005,2006,Answer: 2013-2014,2013,2014,-0.6,0.1,8,8,8.0,0,0,0,704,
3524,6382,17,6710,2014,2014,Answer: ####-####,,,0.0,0.0,,,,0,0,0,697,
3525,3684,14,3457,2005,2010,Answer: 2005-2010,2005,2010,1.0,1.0,0,0,0.0,0,0,0,584,
3526,12331,22,10136,2000,2007,Answer: 2007-2013,2007,2013,0.07142857142857142,0.07142857142857142,7,6,6.5,0,0,0,682,
3527,10899,22,10633,1999,2000,Answer: 1998-1999,1998,1999,0.3333333333333333,0.3333333333333333,1,1,1.0,0,0,0,724,
3528,11581,22,10387,1989,1990,Answer: 1987-1989,1987,1989,0.25,0.25,2,1,1.5,0,0,0,704,
3529,6383,20,6386,2010,2010,Answer: 2010-2010,2010,2010,1.0,1.0,0,0,0.0,0,0,0,736,
3530,12168,22,10370,2011,2012,Answer: 2013-2014,2013,2014,0.0,0.25,2,2,2.0,0,0,0,696,
3531,10507,22,10286,2013,2013,Answer: 2015-2016,2015,2016,-0.25,0.25,2,3,2.5,0,0,0,664,
3532,11856,22,10264,2006,2008,Answer: 2006-2007,2006,2007,0.6666666666666666,0.6666666666666666,0,1,0.5,0,0,0,690,
3533,670,15,4982,,2014,Answer: 2015-2015,2015,2015,0.0,0.0,,1,,0,0,0,577,
3534,10945,22,10947,2002,2003,Answer: ####-####,,,0.0,0.0,,,,0,0,0,694,
3535,7287,20,7289,2000,2000,Answer: 1995-1999,1995,1999,0.0,0.16666666666666666,5,1,3.0,0,0,0,750,
3536,10386,22,10387,2010,2013,Answer: 2013-2016,2013,2016,0.14285714285714285,0.14285714285714285,3,3,3.0,0,0,0,698,
3537,12466,22,10458,1990,1991,Answer: 1988-1992,1988,1992,0.4,0.4,2,1,1.5,0,0,0,746,
3538,11390,22,10334,1998,1998,Answer: ####-####,,,0.0,0.0,,,,0,0,0,682,
3539,11152,22,11154,2015,2016,Answer: 2013-2014,2013,2014,0.0,0.25,2,2,2.0,0,0,0,686,
3540,10372,22,9560,2009,2010,Answer: 2003-2006,2003,2006,-0.25,0.125,6,4,5.0,0,0,0,694,
3541,9571,22,9573,1990,1993,Answer: 1993-1994,1993,1994,0.2,0.2,3,1,2.0,0,0,0,694,
3542,12481,22,9698,1997,2001,Answer: 2000-2001,2000,2001,0.4,0.4,3,0,1.5,0,0,0,672,
3543,11839,22,10742,2007,2008,Answer: ####-####,,,0.0,0.0,,,,0,0,0,674,
3544,7481,20,7551,1991,1991,Answer: ####-####,,,0.0,0.0,,,,0,0,0,716,
3545,8964,22,10689,2006,2008,Answer: 2007-2009,2007,2009,0.5,0.5,1,1,1.0,0,0,0,670,
3546,10900,22,9939,2004,2009,Answer: 2003-2006,2003,2006,0.42857142857142855,0.42857142857142855,1,3,2.0,0,0,0,688,
3547,7906,17,7913,2012,2012,Answer: 1995-2015,1995,2015,0.047619047619047616,0.047619047619047616,17,3,10.0,0,0,0,719,
3548,11306,22,11157,2015,2016,Answer: 2007-2009,2007,2009,-0.5,0.1,8,7,7.5,0,0,0,674,
3549,9860,22,9698,2001,2004,Answer: 2001-2004,2001,2004,1.0,1.0,0,0,0.0,0,0,0,678,
3550,5572,16,5573,1990,1990,Answer: 1976-2006,1976,2006,0.03225806451612903,0.03225806451612903,14,16,15.0,0,0,0,693,
3551,1677,17,6958,1997,1997,Answer: 1997-2007,1997,2007,0.09090909090909091,0.09090909090909091,0,10,5.0,0,0,0,675,
3552,12378,22,11092,2009,2010,Answer: 2007-2008,2007,2008,0.0,0.25,2,2,2.0,0,0,0,692,
3553,11087,22,9818,1986,1986,Answer: ####-####,,,0.0,0.0,,,,0,0,0,754,
3554,5690,22,9689,1964,1972,Answer: 1965-1972,1965,1972,0.8888888888888888,0.8888888888888888,1,0,0.5,0,0,0,732,
3555,12282,22,10809,2001,2002,Answer: ####-####,,,0.0,0.0,,,,0,0,0,702,
3556,1339,1,129,1920,,Answer: 1790-2024,1790,2024,0.0,0.0,130,,,0,0,0,697,
3557,10192,22,10003,2015,,Answer: 2014-2017,2014,2017,0.0,0.0,1,,,0,0,0,680,
3558,12236,22,9995,2003,2004,Answer: 2013-2014,2013,2014,-0.6666666666666666,0.08333333333333333,10,10,10.0,0,0,0,672,
3559,6968,17,6547,1979,1979,Answer: 1971-1979,1971,1979,0.1111111111111111,0.1111111111111111,8,0,4.0,0,0,0,749,
3560,7656,17,7654,2013,2013,Answer: ####-####,,,0.0,0.0,,,,0,0,0,689,
3561,9076,17,8236,2004,2004,Answer: ####-####,,,0.0,0.0,,,,0,0,0,693,
3562,8954,17,5899,2002,2002,Answer: ####-####,,,0.0,0.0,,,,0,0,0,530,
3563,921,6,550,1917,1919,Answer: 1917-1920,1917,1920,0.75,0.75,0,1,0.5,0,0,0,704,
3564,4229,14,3711,1951,1951,Answer: 1930-1950,1930,1950,0.0,0.045454545454545456,21,1,11.0,0,0,0,627,
3565,5774,16,5782,1992,1992,Answer: ####-####,,,0.0,0.0,,,,0,0,0,701,
3566,6560,22,10254,2012,2012,Answer: 2002-2005,2002,2005,-0.5454545454545454,0.09090909090909091,10,7,8.5,0,0,0,676,
3567,10532,22,9579,2007,2008,Answer: 2007-2008,2007,2008,1.0,1.0,0,0,0.0,0,0,0,670,
3568,10837,22,10801,1995,1996,Answer: 1990-1995,1990,1995,0.14285714285714285,0.14285714285714285,5,1,3.0,0,0,0,674,
3569,11965,22,10289,2014,2016,Answer: 2010-2011,2010,2011,-0.2857142857142857,0.14285714285714285,4,5,4.5,0,0,0,670,
3570,11381,22,10186,2013,2013,Answer: 2015-2016,2015,2016,-0.25,0.25,2,3,2.5,0,0,0,696,
3571,2286,17,6733,1946,1946,Answer: ####-####,,,0.0,0.0,,,,0,0,0,733,
3572,12388,22,10143,2000,2008,Answer: ####-####,,,0.0,0.0,,,,0,0,0,734,
3573,6849,20,6850,1971,1971,Answer: 1970-1977,1970,1977,0.125,0.125,1,6,3.5,0,0,0,746,
3574,12409,22,10231,2011,2011,Answer: ####-####,,,0.0,0.0,,,,0,0,0,700,
3575,8365,20,5729,1999,1999,Answer: 2000-2009,2000,2009,0.0,0.09090909090909091,1,10,5.5,0,0,0,736,
3576,6594,17,6481,1990,1990,Answer: ####-####,,,0.0,0.0,,,,0,0,0,671,
3577,7798,17,7799,2010,2010,Answer: 2010-2010,2010,2010,1.0,1.0,0,0,0.0,0,0,0,735,
3578,7870,17,6198,2002,2002,Answer: 2003-2003,2003,2003,0.0,0.5,1,1,1.0,0,0,0,683,
3579,2661,9,2491,2010,,Answer: 1981-2024,1981,2024,0.0,0.0,29,,,0,0,0,700,
3580,11963,22,9756,2010,2014,Answer: 2010-2013,2010,2013,0.8,0.8,0,1,0.5,0,0,0,680,
3581,8962,20,8452,2014,2014,Answer: 2005-2024,2005,2024,0.05,0.05,9,10,9.5,0,0,0,716,
3582,8892,20,7091,1993,1993,Answer: 1985-2005,1985,2005,0.047619047619047616,0.047619047619047616,8,12,10.0,0,0,0,698,
3583,11089,22,9754,1975,1979,Answer: 1978-1981,1978,1981,0.2857142857142857,0.2857142857142857,3,2,2.5,0,0,0,682,
3584,11354,22,9816,1991,1991,Answer: 1990-1990,1990,1990,0.0,0.5,1,1,1.0,0,0,0,730,
3585,5962,17,5971,2004,2004,Answer: 1992-2023,1992,2023,0.03125,0.03125,12,19,15.5,0,0,0,739,
3586,5446,16,5439,2005,2005,Answer: 1995-2005,1995,2005,0.09090909090909091,0.09090909090909091,10,0,5.0,0,0,0,711,
3587,11207,22,10910,2011,2015,Answer: 2007-2011,2007,2011,0.1111111111111111,0.1111111111111111,4,4,4.0,0,0,0,700,
3588,10999,22,9563,2003,2004,Answer: 2002-2003,2002,2003,0.3333333333333333,0.3333333333333333,1,1,1.0,0,0,0,746,
3589,5496,22,9756,1992,1992,Answer: ####-####,,,0.0,0.0,,,,0,0,0,678,
3590,11927,22,10003,2010,2011,Answer: 2013-2015,2013,2015,-0.16666666666666666,0.16666666666666666,3,4,3.5,0,0,0,684,
3591,11364,22,9850,2004,2009,Answer: 2004-2013,2004,2013,0.6,0.6,0,4,2.0,0,0,0,744,
3592,2329,22,10438,2000,2014,Answer: 2000-2014,2000,2014,1.0,1.0,0,0,0.0,0,0,0,734,
3593,9832,22,5584,2011,,Answer: ####-####,,,0.0,0.0,,,,0,0,0,710,
3594,11245,22,9774,2010,2010,Answer: ####-####,,,0.0,0.0,,,,0,0,0,686,
3595,10461,22,10463,1973,1977,Answer: ####-####,,,0.0,0.0,,,,0,0,0,690,
3596,5479,16,5491,1969,1969,Answer: 1967-1969,1967,1969,0.3333333333333333,0.3333333333333333,2,0,1.0,0,0,0,725,
3597,441,1,184,,2014,Answer: 2013-2015,2013,2015,0.0,0.0,,1,,0,0,0,729,
3598,10635,22,10522,1974,1985,Answer: 1974-1985,1974,1985,1.0,1.0,0,0,0.0,0,0,0,674,
3599,11953,22,10588,2012,2013,Answer: 2010-2011,2010,2011,0.0,0.25,2,2,2.0,0,0,0,702,
3600,11568,22,11569,1984,1986,Answer: 1987-1991,1987,1991,0.0,0.125,3,5,4.0,0,0,0,686,
3601,5421,17,5813,1964,1964,Answer: ####-####,,,0.0,0.0,,,,0,0,0,583,
3602,12270,22,10986,2010,2010,Answer: 2007-2008,2007,2008,-0.25,0.25,3,2,2.5,0,0,0,694,
3603,2402,20,6038,1987,1987,1971-2000,1971,2000,0.03333333333333333,0.03333333333333333,16,13,14.5,0,0,0,716,
3604,2822,17,7129,1904,1904,Answer: ####-####,,,0.0,0.0,,,,0,0,0,668,
3605,11015,22,10733,2002,2005,Answer: ####-####,,,0.0,0.0,,,,0,0,0,549,
3606,9940,22,9942,2016,,Answer: 2010-2013,2010,2013,0.0,0.0,6,,,0,0,0,704,
3607,1546,15,4982,,2014,Answer: ####-2015,2015,2015,0.0,0.0,,1,,0,0,0,609,
3608,10842,22,10263,2007,2007,Answer: 2002-2004,2002,2004,-0.3333333333333333,0.16666666666666666,5,3,4.0,0,0,0,704,
3609,9855,22,9538,1996,2010,Answer: 1996-2007,1996,2007,0.8,0.8,0,3,1.5,0,0,0,730,
3610,5497,22,9666,2006,2007,Answer: 2006-2007,2006,2007,1.0,1.0,0,0,0.0,0,0,0,672,
3611,9770,22,9771,2014,2015,Answer: 2010-2013,2010,2013,0.0,0.16666666666666666,4,2,3.0,0,0,0,686,
3612,1352,1,953,1920,,Answer: 1790-2024,1790,2024,0.0,0.0,130,,,0,0,0,630,
3613,7790,20,5722,1996,1996,Answer: 1997-1997,1997,1997,0.0,0.5,1,1,1.0,0,0,0,726,
3614,11907,22,9639,2001,2003,Answer: 2001-2004,2001,2004,0.75,0.75,0,1,0.5,0,0,0,678,
3615,11481,22,9931,2008,2008,Answer: 2009-2010,2009,2010,0.0,0.3333333333333333,1,2,1.5,0,0,0,690,
3616,9090,20,7092,1937,1937,Answer: ####-####,,,0.0,0.0,,,,0,0,0,708,
3617,11700,22,9644,1974,1975,Answer: ####-####,,,0.0,0.0,,,,0,0,0,688,
3618,4441,14,3446,1492,1511,Answer: 1503-1511,1503,1511,0.45,0.45,11,0,5.5,0,0,0,712,
3619,11164,22,9734,2008,2009,Answer: 2007-2008,2007,2008,0.3333333333333333,0.3333333333333333,1,1,1.0,0,0,0,674,
3620,9144,18,137,,2016,Answer: 1972-2015,1972,2015,0.0,0.0,,1,,0,0,0,707,
3621,12207,22,10004,2013,2014,Answer: 2013-2014,2013,2014,1.0,1.0,0,0,0.0,0,0,0,680,
3622,7964,20,8707,2005,2005,Answer: 2005-2005,2005,2005,1.0,1.0,0,0,0.0,0,0,0,734,
3623,8771,17,6062,2002,2002,Answer: 2003-2003,2003,2003,0.0,0.5,1,1,1.0,0,0,0,689,
3624,10871,22,10631,2003,2004,Answer: 2003-2004,2003,2004,1.0,1.0,0,0,0.0,0,0,0,736,
3625,5494,17,6144,1976,1976,Answer: 1974-1974,1974,1974,-0.3333333333333333,0.3333333333333333,2,2,2.0,0,0,0,680,
3626,12079,22,10273,2005,2007,Answer: ####-####,,,0.0,0.0,,,,0,0,0,664,
3627,7437,17,5410,2013,2013,Answer: 2003-2003,2003,2003,-0.8181818181818182,0.09090909090909091,10,10,10.0,0,0,0,675,
3628,11475,22,10675,2010,2011,Answer: 2013-2014,2013,2014,-0.2,0.2,3,3,3.0,0,0,0,678,
3629,9090,20,7092,1938,1938,Answer: ####-####,,,0.0,0.0,,,,0,0,0,708,
3630,9048,20,6780,1964,1964,Answer: ####-####,,,0.0,0.0,,,,0,0,0,692,
3631,1644,15,5088,1924,2012,Answer: ####-2008,2008,2008,0.011235955056179775,0.011235955056179775,84,4,44.0,0,0,0,674,
3632,2035,6,625,1920,1946,Answer: 1920-1946,1920,1946,1.0,1.0,0,0,0.0,0,0,0,664,
3633,11735,22,9567,2009,2009,Answer: 2007-2008,2007,2008,0.0,0.3333333333333333,2,1,1.5,0,0,0,676,
3634,9429,20,5762,1962,1962,Answer: ####-####,,,0.0,0.0,,,,0,0,0,692,
3635,8166,17,7034,2007,2007,Answer: ####-####,,,0.0,0.0,,,,0,0,0,697,
3636,8725,17,8727,2007,2007,Answer: 2005-2010,2005,2010,0.16666666666666666,0.16666666666666666,2,3,2.5,0,0,0,735,
3637,6663,20,9206,2006,2006,Answer: 1999-2007,1999,2007,0.1111111111111111,0.1111111111111111,7,1,4.0,0,0,0,738,
3638,2177,6,405,1871,1919,Answer: 1871-1918,1871,1918,0.9795918367346939,0.9795918367346939,0,1,0.5,0,0,0,660,
3639,11923,22,10030,1991,1996,Answer: 1991-1993,1991,1993,0.5,0.5,0,3,1.5,0,0,0,740,
3640,12461,22,10649,2005,2010,Answer: ####-####,,,0.0,0.0,,,,0,0,0,682,
3641,8689,17,7284,2012,2012,Answer: ####-####,,,0.0,0.0,,,,0,0,0,547,
3642,11817,22,10166,2011,2012,Answer: 2009-2011,2009,2011,0.25,0.25,2,1,1.5,0,0,0,738,
3643,1665,1,125,1790,1871,Answer: 1790-2024,1790,2024,0.34893617021276596,0.34893617021276596,0,153,76.5,0,0,0,689,
3644,2135,6,30,1809,1815,Answer: ####-####,,,0.0,0.0,,,,0,0,0,654,
3645,1429,6,2027,1945,,Answer: 1918-2024,1918,2024,0.0,0.0,27,,,0,0,0,634,
3646,3200,12,2055,1874,,Answer: 1852-1905,1852,1905,0.0,0.0,22,,,0,0,0,574,
3647,4741,14,3496,1993,2013,Answer: 1993-2013,1993,2013,1.0,1.0,0,0,0.0,0,0,0,554,
3648,6661,20,5762,1963,1963,Answer: ####-####,,,0.0,0.0,,,,0,0,0,694,
3649,5756,20,5639,2006,2006,Answer: ####-####,,,0.0,0.0,,,,0,0,0,728,
3650,11176,22,9644,2011,2012,Answer: 2013-2015,2013,2015,0.0,0.2,2,3,2.5,0,0,0,674,
3651,8011,20,6446,2008,2008,Answer: 1998-2009,1998,2009,0.08333333333333333,0.08333333333333333,10,1,5.5,0,0,0,734,
3652,3144,17,6601,1945,1945,Answer: 1941-1945,1941,1945,0.2,0.2,4,0,2.0,0,0,0,683,
3653,1896,14,4063,1982,1988,Answer: 1982-1988,1982,1988,1.0,1.0,0,0,0.0,0,0,0,563,
3654,11749,22,11116,2015,2015,Answer: 2015-2015,2015,2015,1.0,1.0,0,0,0.0,0,0,0,690,
3655,11364,22,9808,2009,2011,Answer: 2013-2014,2013,2014,-0.16666666666666666,0.16666666666666666,4,3,3.5,0,0,0,676,
3656,11839,22,10742,2009,2009,Answer: ####-####,,,0.0,0.0,,,,0,0,0,674,
3657,10592,22,10597,2006,2007,Answer: ####-####,,,0.0,0.0,,,,0,0,0,674,
3658,7529,17,5762,1994,1994,Answer: 1994-1994,1994,1994,1.0,1.0,0,0,0.0,0,0,0,693,
3659,5788,16,5660,1980,1980,Answer: 1978-1980,1978,1980,0.3333333333333333,0.3333333333333333,2,0,1.0,0,0,0,719,
3660,5671,17,6306,1997,1997,Answer: 1987-2001,1987,2001,0.06666666666666667,0.06666666666666667,10,4,7.0,0,0,0,707,
3661,12317,22,10972,2006,2007,Answer: 2012-2013,2012,2013,-0.5,0.125,6,6,6.0,0,0,0,686,
3662,2380,8,2379,1941,1957,Answer: 1941-1957,1941,1957,1.0,1.0,0,0,0.0,0,0,0,653,
3663,11038,22,10826,2007,2009,Answer: 2017-2018,2017,2018,-0.5833333333333334,0.08333333333333333,10,9,9.5,0,0,0,716,
3664,8767,17,7270,1939,1939,Answer: ####-####,,,0.0,0.0,,,,0,0,0,689,
3665,9909,22,9912,1973,1984,Answer: 1973-1983,1973,1983,0.9166666666666666,0.9166666666666666,0,1,0.5,0,0,0,738,
3666,1198,1,953,1920,,Answer: 1790-2024,1790,2024,0.0,0.0,130,,,0,0,0,705,
3667,5564,17,5815,2000,2000,Answer: 2000-2000,2000,2000,1.0,1.0,0,0,0.0,0,0,0,683,
3668,12409,22,11072,2015,,Answer: 2013-2014,2013,2014,0.0,0.0,2,,,0,0,0,692,
3669,12028,22,10831,2009,2011,Answer: 2003-2005,2003,2005,-0.3333333333333333,0.1111111111111111,6,6,6.0,0,0,0,672,
3670,12042,22,9745,2005,2009,Answer: 2009-2012,2009,2012,0.125,0.125,4,3,3.5,0,0,0,690,
3671,7437,17,6025,1973,1973,Answer: ####-####,,,0.0,0.0,,,,0,0,0,671,
3672,1205,1,953,1790,1871,Answer: 1790-2024,1790,2024,0.34893617021276596,0.34893617021276596,0,153,76.5,0,0,0,681,
3673,11817,22,10094,2012,2012,Answer: 2012-2014,2012,2014,0.3333333333333333,0.3333333333333333,0,2,1.0,0,0,0,708,
3674,11661,22,5470,2012,2012,Answer: 2011-2012,2011,2012,0.5,0.5,1,0,0.5,0,0,0,694,
3675,11811,22,10003,1981,1986,Answer: 1982-1986,1982,1986,0.8333333333333334,0.8333333333333334,1,0,0.5,0,0,0,678,
3676,6703,17,6704,1977,1977,Answer: ####-####,,,0.0,0.0,,,,0,0,0,705,
3677,9705,22,9713,2013,2014,Answer: 2007-2008,2007,2008,-0.5,0.125,6,6,6.0,0,0,0,682,
3678,11713,22,11714,2003,2003,Answer: ####-####,,,0.0,0.0,,,,0,0,0,670,
3679,622,15,4982,,2014,Answer: ####-2015,2015,2015,0.0,0.0,,1,,0,0,0,587,
3680,2764,15,4969,1974,,Answer: 1974-1974,1974,1974,0.0,0.0,0,,,0,0,0,712,
3681,10338,22,10340,2001,2002,Answer: ####-####,,,0.0,0.0,,,,0,0,0,694,
3682,12110,22,9636,2006,2008,Answer: 2013-2013,2013,2013,-0.5,0.125,7,5,6.0,0,0,0,674,
3683,7890,20,7095,1999,1999,Answer: 1994-1994,1994,1994,-0.6666666666666666,0.16666666666666666,5,5,5.0,0,0,0,748,
3684,7789,17,5950,1944,1944,Answer: ####-####,,,0.0,0.0,,,,0,0,0,689,
3685,2701,17,6606,1997,1997,Answer: 1994-1994,1994,1994,-0.5,0.25,3,3,3.0,0,0,0,709,
3686,135,18,1470,,2015,Answer: 1793-2015,1793,2015,0.0,0.0,,0,,0,0,0,695,
3687,8094,17,8089,2010,2010,Answer: 2010-2010,2010,2010,1.0,1.0,0,0,0.0,0,0,0,595,
3688,11972,22,9576,1994,1995,Answer: 1997-2003,1997,2003,-0.1,0.1,3,8,5.5,0,0,0,688,
3689,12240,22,9752,2013,2013,Answer: 2013-2013,2013,2013,1.0,1.0,0,0,0.0,0,0,0,706,
3690,7547,20,8616,1985,1985,Answer: 1982-1988,1982,1988,0.14285714285714285,0.14285714285714285,3,3,3.0,0,0,0,740,
3691,8998,20,8852,1995,1995,Answer: 1968-2005,1968,2005,0.02631578947368421,0.02631578947368421,27,10,18.5,0,0,0,694,
3692,8270,20,6671,2005,2005,Answer: 1993-2005,1993,2005,0.07692307692307693,0.07692307692307693,12,0,6.0,0,0,0,736,
3693,534,1,535,,2015,Answer: 1969-2014,1969,2014,0.0,0.0,,1,,0,0,0,733,
3694,10222,22,9843,1996,2000,Answer: 1994-1998,1994,1998,0.42857142857142855,0.42857142857142855,2,2,2.0,0,0,0,664,
3695,1865,20,6706,1928,1928,Answer: 1950-1950,1950,1950,-0.9130434782608695,0.043478260869565216,22,22,22.0,0,0,0,734,
3696,11048,22,10380,1999,2000,Answer: ####-####,,,0.0,0.0,,,,0,0,0,680,
3697,11945,22,9780,2009,2010,Answer: 2007-2010,2007,2010,0.5,0.5,2,0,1.0,0,0,0,678,
3698,8180,20,9245,1997,1997,Answer: 1997-1997,1997,1997,1.0,1.0,0,0,0.0,0,0,0,738,
3699,10937,22,9615,2009,2010,Answer: 2009-2009,2009,2009,0.5,0.5,0,1,0.5,0,0,0,748,
3700,12277,22,10153,2005,2008,Answer: 2003-2005,2003,2005,0.16666666666666666,0.16666666666666666,2,3,2.5,0,0,0,698,
3701,11732,22,10163,2010,2012,Answer: ####-####,,,0.0,0.0,,,,0,0,0,676,
3702,11887,22,10581,1993,1994,Answer: ####-####,,,0.0,0.0,,,,0,0,0,710,
3703,11914,22,9558,1987,1997,Answer: 1987-1997,1987,1997,1.0,1.0,0,0,0.0,0,0,0,676,
3704,8894,20,8895,1999,1999,Answer: 1998-1998,1998,1998,0.0,0.5,1,1,1.0,0,0,0,693,
3705,11838,22,9738,2007,2008,Answer: 2007-2009,2007,2009,0.6666666666666666,0.6666666666666666,0,1,0.5,0,0,0,698,
3706,4148,17,5753,1997,1997,Answer: 1997-1997,1997,1997,1.0,1.0,0,0,0.0,0,0,0,695,
3707,6137,17,6166,2011,2011,Answer: 2006-2014,2006,2014,0.1111111111111111,0.1111111111111111,5,3,4.0,0,0,0,723,
3708,10677,22,9651,2003,2007,Answer: 2007-2010,2007,2010,0.125,0.125,4,3,3.5,0,0,0,676,
3709,11253,22,10417,1990,1991,Answer: 1993-1994,1993,1994,-0.2,0.2,3,3,3.0,0,0,0,670,
3710,8740,20,8261,1993,1993,Answer: 1992-1993,1992,1993,0.5,0.5,1,0,0.5,0,0,0,702,
3711,9638,22,9600,2013,,Answer: 2013-2017,2013,2017,0.0,0.0,0,,,0,0,0,674,
3712,4212,14,3495,1975,,Answer: 1975-2024,1975,2024,0.0,0.0,0,,,0,0,0,686,
3713,8692,20,6486,1990,1990,Answer: ####-####,,,0.0,0.0,,,,0,0,0,714,
3714,11335,22,10220,2001,2009,Answer: 2001-2007,2001,2007,0.7777777777777778,0.7777777777777778,0,2,1.0,0,0,0,706,
3715,3059,10,2924,1973,2000,Answer: 1984-2000,1984,2000,0.6071428571428571,0.6071428571428571,11,0,5.5,0,0,0,671,
3716,10667,22,9558,2001,2003,Answer: 1993-1995,1993,1995,-0.45454545454545453,0.09090909090909091,8,8,8.0,0,0,0,682,
3717,1677,17,6958,2007,2007,Answer: 1997-2007,1997,2007,0.09090909090909091,0.09090909090909091,10,0,5.0,0,0,0,675,
3718,10703,22,9645,1996,1998,Answer: 1994-1995,1994,1995,0.0,0.2,2,3,2.5,0,0,0,696,
3719,11320,22,10118,2009,2009,Answer: 2007-2011,2007,2011,0.2,0.2,2,2,2.0,0,0,0,676,
3720,6656,20,8639,2009,2009,Answer: 2004-2014,2004,2014,0.09090909090909091,0.09090909090909091,5,5,5.0,0,0,0,725,
3721,11377,22,11317,1987,1990,Answer: 1985-1987,1985,1987,0.16666666666666666,0.16666666666666666,2,3,2.5,0,0,0,680,
3722,10390,22,9624,2007,2007,Answer: 2007-2008,2007,2008,0.5,0.5,0,1,0.5,0,0,0,670,
3723,6663,20,6664,2003,2003,Answer: 1999-2007,1999,2007,0.1111111111111111,0.1111111111111111,4,4,4.0,0,0,0,693,
3724,1516,15,4971,2016,,Answer: 2016-2016,2016,2016,0.0,0.0,0,,,0,0,0,506,
3725,3144,11,3087,1943,,Answer: ####-####,,,0.0,0.0,,,,0,0,0,734,
3726,10517,22,10520,2004,2004,Answer: ####-####,,,0.0,0.0,,,,0,0,0,678,
3727,8384,23,12507,1961,1963,Answer: 1956-1960,1956,1960,0.0,0.125,5,3,4.0,0,0,0,672,
3728,3477,14,3479,1832,1834,Answer: ####-####,,,0.0,0.0,,,,0,0,0,572,
3729,8011,20,8012,2006,2006,Answer: 1998-2009,1998,2009,0.08333333333333333,0.08333333333333333,8,3,5.5,0,0,0,732,
3730,10854,22,9833,2016,,Answer: 2010-2011,2010,2011,0.0,0.0,6,,,0,0,0,686,
3731,11800,22,9703,1992,1992,Answer: 1989-1997,1989,1997,0.1111111111111111,0.1111111111111111,3,5,4.0,0,0,0,742,
3732,4058,17,6875,2008,2008,Answer: 2004-2009,2004,2009,0.16666666666666666,0.16666666666666666,4,1,2.5,0,0,0,693,
3733,4771,14,3473,1997,2001,Answer: 2001-2005,2001,2005,0.1111111111111111,0.1111111111111111,4,4,4.0,0,0,0,582,
3734,11594,22,10109,2008,2009,Answer: 2013-2014,2013,2014,-0.42857142857142855,0.14285714285714285,5,5,5.0,0,0,0,692,
3735,10663,22,9804,2004,2005,Answer: 2010-2013,2010,2013,-0.4,0.1,6,8,7.0,0,0,0,680,
3736,9144,18,696,,2016,Answer: 1982-2015,1982,2015,0.0,0.0,,1,,0,0,0,725,
3737,2402,17,7132,1993,1993,Answer: 1980-2010,1980,2010,0.03225806451612903,0.03225806451612903,13,17,15.0,0,0,0,739,
3738,6010,17,5949,1962,1962,Answer: 1973-1973,1973,1973,-0.8333333333333334,0.08333333333333333,11,11,11.0,0,0,0,697,
3739,10498,22,10264,2015,2016,Answer: 2016-2017,2016,2017,0.3333333333333333,0.3333333333333333,1,1,1.0,0,0,0,698,
3740,9033,17,9034,2010,2010,Answer: 2009-2009,2009,2009,0.0,0.5,1,1,1.0,0,0,0,735,
3741,8718,20,8720,1994,1994,Answer: 1993-1993,1993,1993,0.0,0.5,1,1,1.0,0,0,0,758,
3742,6053,17,8097,1985,1985,Answer: 1980-2009,1980,2009,0.03333333333333333,0.03333333333333333,5,24,14.5,0,0,0,741,
3743,3231,17,6730,2010,2010,Answer: ####-####,,,0.0,0.0,,,,0,0,0,691,
3744,12138,22,10809,2005,2007,Answer: 2009-2014,2009,2014,-0.1,0.1,4,7,5.5,0,0,0,700,
3745,8288,17,6240,1986,1986,Answer: 1982-1990,1982,1990,0.1111111111111111,0.1111111111111111,4,4,4.0,0,0,0,546,
3746,12290,22,10956,1999,2001,Answer: 1997-1998,1997,1998,0.0,0.2,2,3,2.5,0,0,0,694,
3747,2726,20,6012,1913,1913,Answer: ####-####,,,0.0,0.0,,,,0,0,0,680,
3748,5493,16,5503,1961,1961,Answer: 1961-1961,1961,1961,1.0,1.0,0,0,0.0,0,0,0,655,
3749,689,15,4982,,2014,Answer: ####-2015,2015,2015,0.0,0.0,,1,,0,0,0,567,
3750,11748,22,10826,2011,,Answer: 2008-2010,2008,2010,0.0,0.0,3,,,0,0,0,714,
3751,8113,17,7197,1994,1994,Answer: ####-####,,,0.0,0.0,,,,0,0,0,531,
3752,7178,17,6358,2016,2016,Answer: 2016-2016,2016,2016,1.0,1.0,0,0,0.0,0,0,0,705,
3753,6843,20,6207,1978,1978,Answer: 1950-1991,1950,1991,0.023809523809523808,0.023809523809523808,28,13,20.5,0,0,0,706,
3754,5958,17,5959,1973,1973,Answer: ####-####,,,0.0,0.0,,,,0,0,0,739,
3755,11739,22,9692,2007,2007,Answer: 1991-1993,1991,1993,-0.7647058823529411,0.058823529411764705,16,14,15.0,0,0,0,710,
3756,9805,22,9558,2014,,Answer: 2000-2001,2000,2001,0.0,0.0,14,,,0,0,0,674,
3757,11686,22,9862,2001,2001,Answer: 1999-2001,1999,2001,0.3333333333333333,0.3333333333333333,2,0,1.0,0,0,0,732,
3758,9225,20,6706,1923,1923,Answer: 1901-1930,1901,1930,0.03333333333333333,0.03333333333333333,22,7,14.5,0,0,0,732,
3759,10840,22,9858,2013,2013,Answer: 2010-2012,2010,2012,0.0,0.25,3,1,2.0,0,0,0,692,
3760,12240,22,10233,2012,2012,Answer: 2007-2011,2007,2011,0.0,0.16666666666666666,5,1,3.0,0,0,0,726,
3761,5756,17,7556,1970,1970,Answer: 1969-1969,1969,1969,0.0,0.5,1,1,1.0,0,0,0,727,
3762,11633,22,9677,2004,2006,Answer: 2002-2006,2002,2006,0.6,0.6,2,0,1.0,0,0,0,672,
3763,11563,22,9995,1981,1986,Answer: 1993-1994,1993,1994,-0.42857142857142855,0.07142857142857142,12,8,10.0,0,0,0,678,
3764,2755,17,5916,1962,1962,Answer: ####-####,,,0.0,0.0,,,,0,0,0,693,
3765,12132,22,10142,2000,2002,Answer: 1998-2001,1998,2001,0.4,0.4,2,1,1.5,0,0,0,740,
3766,11562,22,10827,1983,1991,Answer: 1983-1991,1983,1991,1.0,1.0,0,0,0.0,0,0,0,702,
3767,2310,19,169,1921,1932,Answer: 1920-1933,1920,1933,0.8571428571428571,0.8571428571428571,1,1,1.0,0,0,0,648,
3768,12267,22,11250,2006,2007,Answer: 2010-2011,2010,2011,-0.3333333333333333,0.16666666666666666,4,4,4.0,0,0,0,676,
3769,3348,13,3249,1981,,Answer: 1981-1981,1981,1981,0.0,0.0,0,,,0,0,0,626,
3770,11823,22,9995,1999,1999,Answer: ####-####,,,0.0,0.0,,,,0,0,0,670,
3771,11306,22,10077,2016,,Answer: 2007-2010,2007,2010,0.0,0.0,9,,,0,0,0,692,
3772,6940,17,6943,1989,1989,Answer: ####-####,,,0.0,0.0,,,,0,0,0,683,
3773,11938,22,9745,2011,2012,Answer: 2011-2013,2011,2013,0.6666666666666666,0.6666666666666666,0,1,0.5,0,0,0,698,
3774,11842,22,10166,2007,2008,Answer: 2006-2008,2006,2008,0.6666666666666666,0.6666666666666666,1,0,0.5,0,0,0,750,
3775,8330,17,6628,1985,1985,Answer: 1997-1997,1997,1997,-0.8461538461538461,0.07692307692307693,12,12,12.0,0,0,0,703,
3776,9922,22,9701,2011,2014,Answer: 2010-2013,2010,2013,0.6,0.6,1,1,1.0,0,0,0,682,
3777,11076,22,9994,2010,2011,Answer: 2007-2008,2007,2008,-0.2,0.2,3,3,3.0,0,0,0,680,
3778,10902,22,10132,2012,2013,Answer: ####-####,,,0.0,0.0,,,,0,0,0,690,
3779,12453,22,10072,2005,2006,Answer: ####-####,,,0.0,0.0,,,,0,0,0,526,
3780,12370,22,9785,2012,,Answer: ####-####,,,0.0,0.0,,,,0,0,0,724,
3781,11479,22,9763,1983,1988,Answer: 1987-1990,1987,1990,0.25,0.25,4,2,3.0,0,0,0,696,
3782,8647,17,5821,2006,2006,Answer: ####-####,,,0.0,0.0,,,,0,0,0,725,
3783,11419,22,9758,1983,1987,Answer: 1981-1985,1981,1985,0.42857142857142855,0.42857142857142855,2,2,2.0,0,0,0,692,
3784,9883,22,9892,2015,,Answer: ####-####,,,0.0,0.0,,,,0,0,0,678,
3785,7800,20,7807,2008,2008,Answer: 2001-2001,2001,2001,-0.75,0.125,7,7,7.0,0,0,0,716,
3786,5962,17,5971,2009,2009,Answer: 1992-2023,1992,2023,0.03125,0.03125,17,14,15.5,0,0,0,739,
3787,6053,20,6054,1982,1982,Answer: 1974-2009,1974,2009,0.027777777777777776,0.027777777777777776,8,27,17.5,0,0,0,740,
3788,583,1,584,1806,1918,Answer: 1806-1918,1806,1918,1.0,1.0,0,0,0.0,0,0,0,709,
3789,9381,21,9471,1933,1933,Answer: ####-####,,,0.0,0.0,,,,0,0,0,686,
3790,9207,20,5798,1977,1977,Answer: 1947-1983,1947,1983,0.02702702702702703,0.02702702702702703,30,6,18.0,0,0,0,720,
3791,12060,22,9887,2001,2003,Answer: ####-####,,,0.0,0.0,,,,0,0,0,690,
3792,10895,22,9959,2000,2004,Answer: 1999-2004,1999,2004,0.8333333333333334,0.8333333333333334,1,0,0.5,0,0,0,696,
3793,11858,22,9998,2003,2003,Answer: 2006-2007,2006,2007,-0.4,0.2,3,4,3.5,0,0,0,678,
3794,7865,17,6285,1993,1993,Answer: 1993-1993,1993,1993,1.0,1.0,0,0,0.0,0,0,0,689,
3795,5850,20,7579,2013,2013,Answer: 2013-2013,2013,2013,1.0,1.0,0,0,0.0,0,0,0,681,
3796,10379,22,5651,1999,2000,Answer: ####-####,,,0.0,0.0,,,,0,0,0,684,
3797,11622,22,9816,1999,2000,Answer: 1998-1999,1998,1999,0.3333333333333333,0.3333333333333333,1,1,1.0,0,0,0,730,
3798,53,1,54,,2015,Answer: ####-####,,,0.0,0.0,,,,0,0,0,557,
3799,12151,22,9762,2012,2012,Answer: 2013-2014,2013,2014,0.0,0.3333333333333333,1,2,1.5,0,0,0,696,
3800,10725,22,9600,2002,2002,Answer: 2013-2013,2013,2013,-0.8333333333333334,0.08333333333333333,11,11,11.0,0,0,0,682,
3801,10390,22,9560,2005,2006,Answer: 2007-2009,2007,2009,0.0,0.2,2,3,2.5,0,0,0,672,
3802,12371,22,9991,2004,2004,Answer: 2003-2004,2003,2004,0.5,0.5,1,0,0.5,0,0,0,694,
3803,9962,22,9763,2006,2007,Answer: 2007-2010,2007,2010,0.2,0.2,1,3,2.0,0,0,0,698,
3804,10653,22,10656,2011,2014,Answer: 2010-2012,2010,2012,0.4,0.4,1,2,1.5,0,0,0,688,
3805,8904,17,6342,2002,2002,Answer: 2003-2003,2003,2003,0.0,0.5,1,1,1.0,0,0,0,725,
3806,8304,17,6504,1975,1975,Answer: 1970-1979,1970,1979,0.1,0.1,5,4,4.5,0,0,0,675,
3807,10455,22,9589,2006,2007,Answer: 2006-2008,2006,2008,0.6666666666666666,0.6666666666666666,0,1,0.5,0,0,0,678,
3808,3219,17,6444,1959,1959,Answer: ####-####,,,0.0,0.0,,,,0,0,0,685,
3809,10701,22,9934,1992,1995,Answer: 1996-2000,1996,2000,0.0,0.1111111111111111,4,5,4.5,0,0,0,692,
3810,11809,22,10536,2012,2013,Answer: 2010-2011,2010,2011,0.0,0.25,2,2,2.0,0,0,0,694,
3811,6661,20,5762,1953,1953,Answer: ####-####,,,0.0,0.0,,,,0,0,0,694,
3812,12279,22,9650,1920,1923,Answer: ####-####,,,0.0,0.0,,,,0,0,0,670,
3813,8817,17,6713,1972,1972,Answer: 1972-1972,1972,1972,1.0,1.0,0,0,0.0,0,0,0,703,
3814,8309,17,5910,2013,2013,Answer: 2013-2013,2013,2013,1.0,1.0,0,0,0.0,0,0,0,689,
3815,11733,22,10132,2010,2013,Answer: 2011-2012,2011,2012,0.5,0.5,1,1,1.0,0,0,0,684,
3816,10982,22,9810,2008,2011,Answer: 2007-2010,2007,2010,0.6,0.6,1,1,1.0,0,0,0,670,
3817,12124,22,9743,2000,2002,Answer: 2001-2002,2001,2002,0.6666666666666666,0.6666666666666666,1,0,0.5,0,0,0,698,
3818,10443,22,10278,1993,1995,Answer: ####-####,,,0.0,0.0,,,,0,0,0,738,
3819,2090,6,115,1922,,Answer: 1707-####,1707,1707,0.0,0.0,215,,,0,0,0,654,
3820,602,1,604,1790,1967,Answer: ####-####,,,0.0,0.0,,,,0,0,0,652,
3821,11836,22,9830,2009,2009,Answer: 2009-2010,2009,2010,0.5,0.5,0,1,0.5,0,0,0,728,
3822,6890,17,6068,1959,1959,Answer: ####-####,,,0.0,0.0,,,,0,0,0,671,
3823,11498,22,10356,2007,2011,Answer: 2006-2008,2006,2008,0.3333333333333333,0.3333333333333333,1,3,2.0,0,0,0,670,
3824,12460,22,5468,2013,2013,Answer: ####-####,,,0.0,0.0,,,,0,0,0,700,
3825,10036,22,9597,2007,2011,Answer: 2007-2011,2007,2011,1.0,1.0,0,0,0.0,0,0,0,700,
3826,169,1,170,1990,,Answer: 1871-2024,1871,2024,0.0,0.0,119,,,0,0,0,679,
3827,12010,22,9776,2000,2002,Answer: 2007-2008,2007,2008,-0.4444444444444444,0.1111111111111111,7,6,6.5,0,0,0,686,
3828,3706,14,3708,1979,1982,Answer: 1978-1979,1978,1979,0.2,0.2,1,3,2.0,0,0,0,692,
3829,11654,22,9741,2007,2007,Answer: 2006-2007,2006,2007,0.5,0.5,1,0,0.5,0,0,0,724,
3830,11207,22,10284,2004,2007,Answer: 2005-2007,2005,2007,0.75,0.75,1,0,0.5,0,0,0,694,
3831,12295,22,10546,2009,2010,Answer: 2007-2010,2007,2010,0.5,0.5,2,0,1.0,0,0,0,726,
3832,10744,22,10096,2005,2005,Answer: 2002-2005,2002,2005,0.25,0.25,3,0,1.5,0,0,0,736,
3833,10574,22,9840,2005,2007,Answer: 2004-2007,2004,2007,0.75,0.75,1,0,0.5,0,0,0,684,
3834,2846,17,6706,1991,1991,Answer: 1991-1991,1991,1991,1.0,1.0,0,0,0.0,0,0,0,717,
3835,258,9,2486,1990,,Answer: 1990-1990,1990,1990,0.0,0.0,0,,,0,0,0,668,
3836,12407,22,10045,1997,1999,Answer: 1992-1996,1992,1996,0.0,0.125,5,3,4.0,0,0,0,732,
3837,11461,22,9986,1991,1994,Answer: 1995-1998,1995,1998,0.0,0.125,4,4,4.0,0,0,0,700,
3838,9764,22,9769,2010,2011,Answer: 2010-2012,2010,2012,0.6666666666666666,0.6666666666666666,0,1,0.5,0,0,0,700,
3839,8239,20,8243,2013,2013,Answer: 2012-2023,2012,2023,0.08333333333333333,0.08333333333333333,1,10,5.5,0,0,0,710,
3840,7182,17,6571,1994,1994,Answer: ####-####,,,0.0,0.0,,,,0,0,0,533,
3841,1877,20,7860,1975,1975,Answer: 1966-1979,1966,1979,0.07142857142857142,0.07142857142857142,9,4,6.5,0,0,0,718,
3842,10533,22,9996,2000,2000,Answer: 1997-1999,1997,1999,0.0,0.25,3,1,2.0,0,0,0,738,
3843,4762,14,3457,2005,2010,Answer: 2005-2010,2005,2010,1.0,1.0,0,0,0.0,0,0,0,580,
3844,4511,14,3652,2009,2013,Answer: 2009-2013,2009,2013,1.0,1.0,0,0,0.0,0,0,0,608,
3845,4202,14,4203,2015,,Answer: 2008-2017,2008,2017,0.0,0.0,7,,,0,0,0,678,
3846,11305,22,9708,1998,2001,Answer: 2007-2009,2007,2009,-0.4166666666666667,0.08333333333333333,9,8,8.5,0,0,0,678,
3847,10629,22,10631,2011,2011,Answer: 2010-2011,2010,2011,0.5,0.5,1,0,0.5,0,0,0,740,
3848,12144,22,10688,2003,2005,Answer: 1999-2002,1999,2002,0.0,0.14285714285714285,4,3,3.5,0,0,0,694,
3849,2572,9,2476,1977,,Answer: 1978-1999,1978,1999,0.0,0.0,1,,,0,0,0,682,
3850,6371,17,6285,2005,2005,Answer: ####-####,,,0.0,0.0,,,,0,0,0,689,
3851,11731,22,5478,2005,2006,Answer: 2003-2006,2003,2006,0.5,0.5,2,0,1.0,0,0,0,680,
3852,12195,22,10488,2008,2012,Answer: 2005-2008,2005,2008,0.125,0.125,3,4,3.5,0,0,0,692,
3853,12334,22,10082,1985,,Answer: ####-####,,,0.0,0.0,,,,0,0,0,637,
3854,2655,17,6109,1908,1908,Answer: ####-####,,,0.0,0.0,,,,0,0,0,587,
3855,8617,17,6240,1995,1995,Answer: 1988-2001,1988,2001,0.07142857142857142,0.07142857142857142,7,6,6.5,0,0,0,542,
3856,10607,22,9791,2009,2010,Answer: ####-####,,,0.0,0.0,,,,0,0,0,736,
3857,12271,22,10270,2014,2015,Answer: ####-####,,,0.0,0.0,,,,0,0,0,702,
3858,10259,22,10263,2002,2004,Answer: 2002-2005,2002,2005,0.75,0.75,0,1,0.5,0,0,0,704,
3859,7447,17,7448,1938,1938,Answer: ####-####,,,0.0,0.0,,,,0,0,0,515,
3860,11483,22,9759,2007,2014,Answer: 2007-2014,2007,2014,1.0,1.0,0,0,0.0,0,0,0,666,
3861,7310,20,6786,2008,2008,Answer: 2006-2017,2006,2017,0.08333333333333333,0.08333333333333333,2,9,5.5,0,0,0,622,
3862,11181,22,9971,2011,,Answer: ####-####,,,0.0,0.0,,,,0,0,0,710,
3863,947,1,129,1824,1871,Answer: 1824-2024,1824,2024,0.23880597014925373,0.23880597014925373,0,153,76.5,0,0,0,701,
3864,7308,17,6175,1979,1979,Answer: ####-####,,,0.0,0.0,,,,0,0,0,673,
3865,7777,17,6022,1974,1974,Answer: ####-####,,,0.0,0.0,,,,0,0,0,701,
3866,10842,22,10248,1997,2010,Answer: 1998-2006,1998,2006,0.6428571428571429,0.6428571428571429,1,4,2.5,0,0,0,720,
3867,8962,17,8152,1997,1997,Answer: ####-####,,,0.0,0.0,,,,0,0,0,715,
3868,6968,20,5968,2013,2013,Answer: ####-####,,,0.0,0.0,,,,0,0,0,607,
3869,1193,1,953,1920,,Answer: 1790-2024,1790,2024,0.0,0.0,130,,,0,0,0,681,
3870,11943,22,10073,2006,2007,Answer: 2006-2008,2006,2008,0.6666666666666666,0.6666666666666666,0,1,0.5,0,0,0,690,
3871,11199,22,10387,2004,2006,Answer: ####-####,,,0.0,0.0,,,,0,0,0,702,
3872,11674,22,10136,2006,2010,Answer: ####-####,,,0.0,0.0,,,,0,0,0,680,
3873,10023,22,9969,2004,2005,Answer: 2003-2005,2003,2005,0.6666666666666666,0.6666666666666666,1,0,0.5,0,0,0,722,
3874,3525,14,3526,1979,1981,Answer: 1979-1981,1979,1981,1.0,1.0,0,0,0.0,0,0,0,577,
3875,2693,17,5947,1945,1945,Answer: 1930-1953,1930,1953,0.041666666666666664,0.041666666666666664,15,8,11.5,0,0,0,673,
3876,8106,20,8260,1989,1989,Answer: ####-####,,,0.0,0.0,,,,0,0,0,726,
3877,9188,20,6780,1911,1911,Answer: ####-####,,,0.0,0.0,,,,0,0,0,694,
3878,8050,20,8052,1992,1992,Answer: ####-####,,,0.0,0.0,,,,0,0,0,716,
3879,9101,20,6392,1971,1971,Answer: 1960-1990,1960,1990,0.03225806451612903,0.03225806451612903,11,19,15.0,0,0,0,742,
3880,12036,22,10077,2003,2005,Answer: ####-####,,,0.0,0.0,,,,0,0,0,690,
3881,9101,20,6392,1979,1979,Answer: 1960-1990,1960,1990,0.03225806451612903,0.03225806451612903,19,11,15.0,0,0,0,742,
3882,7502,17,7039,2005,2005,Answer: ####-####,,,0.0,0.0,,,,0,0,0,701,
3883,11983,22,9557,1996,1996,Answer: ####-####,,,0.0,0.0,,,,0,0,0,736,
3884,10554,22,9839,1996,1998,Answer: 2000-2003,2000,2003,-0.125,0.125,4,5,4.5,0,0,0,686,
3885,10816,22,9825,2004,2005,Answer: 2001-2003,2001,2003,0.0,0.2,3,2,2.5,0,0,0,680,
3886,25,6,29,1922,1991,Answer: 1922-1991,1922,1991,1.0,1.0,0,0,0.0,0,0,0,648,
3887,11922,22,9553,2014,2015,Answer: 2013-2014,2013,2014,0.3333333333333333,0.3333333333333333,1,1,1.0,0,0,0,674,
3888,7023,17,6820,1993,1993,Answer: 1996-1996,1996,1996,-0.5,0.25,3,3,3.0,0,0,0,707,
3889,44,6,332,1917,1917,Answer: 1917-1917,1917,1917,1.0,1.0,0,0,0.0,0,0,0,652,
3890,6796,17,6240,2011,2011,Answer: 2006-2023,2006,2023,0.05555555555555555,0.05555555555555555,5,12,8.5,0,0,0,546,
3891,5505,17,5678,1957,1957,Answer: 1953-1957,1953,1957,0.2,0.2,4,0,2.0,0,0,0,685,
3892,10135,22,9592,2001,2012,Answer: 2001-2012,2001,2012,1.0,1.0,0,0,0.0,0,0,0,676,
3893,11430,22,10202,2002,2013,Answer: 2002-2013,2002,2013,1.0,1.0,0,0,0.0,0,0,0,734,
3894,7277,17,7282,1996,1996,Answer: 1997-1997,1997,1997,0.0,0.5,1,1,1.0,0,0,0,737,
3895,11790,22,10251,1994,2001,Answer: 1997-2007,1997,2007,0.35714285714285715,0.35714285714285715,3,6,4.5,0,0,0,684,
3896,2726,20,6706,1912,1912,Answer: 1913-1913,1913,1913,0.0,0.5,1,1,1.0,0,0,0,720,
3897,7763,17,6262,1974,1974,Answer: ####-####,,,0.0,0.0,,,,0,0,0,743,
3898,11504,22,10359,2010,2015,Answer: ####-####,,,0.0,0.0,,,,0,0,0,702,
3899,3567,14,3439,2003,2005,Answer: 2003-2005,2003,2005,1.0,1.0,0,0,0.0,0,0,0,625,
3900,12271,22,9964,2007,2007,Answer: 2015-2016,2015,2016,-0.7,0.1,8,9,8.5,0,0,0,692,
3901,11109,22,10992,2015,,Answer: 2013-2015,2013,2015,0.0,0.0,2,,,0,0,0,688,
3902,1864,14,3450,2005,2009,Answer: 1998-2013,1998,2013,0.3125,0.3125,7,4,5.5,0,0,0,712,
3903,10031,22,10032,2005,2006,Answer: 2004-2006,2004,2006,0.6666666666666666,0.6666666666666666,1,0,0.5,0,0,0,674,
3904,12194,22,10047,1995,1997,Answer: 1997-1999,1997,1999,0.2,0.2,2,2,2.0,0,0,0,694,
3905,11376,22,9612,2013,2013,Answer: 2010-2011,2010,2011,-0.25,0.25,3,2,2.5,0,0,0,680,
3906,8451,20,8452,1962,1962,Answer: 1962-1980,1962,1980,0.05263157894736842,0.05263157894736842,0,18,9.0,0,0,0,710,
3907,1827,10,2922,2003,,Answer: ####-####,,,0.0,0.0,,,,0,0,0,549,
3908,461,1,125,1790,1871,Answer: 1790-2024,1790,2024,0.34893617021276596,0.34893617021276596,0,153,76.5,0,0,0,687,
3909,11075,22,9843,2009,2011,Answer: 2013-2021,2013,2021,-0.07692307692307693,0.07692307692307693,4,10,7.0,0,0,0,658,
3910,9620,22,9547,2011,2011,Answer: ####-####,,,0.0,0.0,,,,0,0,0,694,
3911,5633,20,7871,2012,2012,Answer: 2011-2016,2011,2016,0.16666666666666666,0.16666666666666666,1,4,2.5,0,0,0,740,
3912,5370,16,5393,2003,2003,Answer: ####-####,,,0.0,0.0,,,,0,0,0,717,
3913,6919,17,5910,2016,2016,Answer: 2004-2004,2004,2004,-0.8461538461538461,0.07692307692307693,12,12,12.0,0,0,0,703,
3914,12240,22,9791,2005,2010,Answer: 2007-2010,2007,2010,0.6666666666666666,0.6666666666666666,2,0,1.0,0,0,0,724,
3915,5363,15,5022,2005,,Answer: 2005-2024,2005,2024,0.0,0.0,0,,,0,0,0,612,
3916,10739,22,10096,2003,2003,Answer: ####-####,,,0.0,0.0,,,,0,0,0,736,
3917,2121,6,2041,1949,1990,Answer: 1949-1990,1949,1990,1.0,1.0,0,0,0.0,0,0,0,700,
3918,7312,17,7400,2010,2010,Answer: 2010-2010,2010,2010,1.0,1.0,0,0,0.0,0,0,0,618,
3919,11024,22,10787,1995,1996,Answer: 2010-2011,2010,2011,-0.7647058823529411,0.058823529411764705,15,15,15.0,0,0,0,676,
3920,6053,20,8097,2007,2007,Answer: 1972-2009,1972,2009,0.02631578947368421,0.02631578947368421,35,2,18.5,0,0,0,740,
3921,9755,22,9617,2006,2006,Answer: 2008-2009,2008,2009,-0.25,0.25,2,3,2.5,0,0,0,664,
3922,10726,22,10045,2003,2006,Answer: 2001-2006,2001,2006,0.6666666666666666,0.6666666666666666,2,0,1.0,0,0,0,728,
3923,5395,17,6365,2005,2005,Answer: ####-####,,,0.0,0.0,,,,0,0,0,680,
3924,10207,22,10208,1981,1984,Answer: ####-####,,,0.0,0.0,,,,0,0,0,686,
3925,7717,17,5949,1974,1974,Answer: ####-####,,,0.0,0.0,,,,0,0,0,697,
3926,7834,17,7259,2007,2007,Answer: ####-####,,,0.0,0.0,,,,0,0,0,572,
3927,9234,20,6012,1954,1954,Answer: 1930-1960,1930,1960,0.03225806451612903,0.03225806451612903,24,6,15.0,0,0,0,678,
3928,11863,22,9715,1999,2001,Answer: 1999-2001,1999,2001,1.0,1.0,0,0,0.0,0,0,0,672,
3929,6978,17,8277,1983,1983,Answer: ####-####,,,0.0,0.0,,,,0,0,0,547,
3930,2395,14,3811,1995,1997,Answer: 2017-####,2017,2017,-0.8260869565217391,0.043478260869565216,22,20,21.0,0,0,0,635,
3931,10612,22,9854,2012,2012,Answer: 2011-2014,2011,2014,0.25,0.25,1,2,1.5,0,0,0,728,
3932,11792,22,9639,2011,2012,Answer: 2013-2014,2013,2014,0.0,0.25,2,2,2.0,0,0,0,682,
3933,7547,20,6675,1987,1987,Answer: 1983-1988,1983,1988,0.16666666666666666,0.16666666666666666,4,1,2.5,0,0,0,740,
3934,12098,22,9692,2010,2011,Answer: 2007-2009,2007,2009,0.0,0.2,3,2,2.5,0,0,0,700,
3935,11206,22,10855,2014,2015,Answer: 2010-2011,2010,2011,-0.3333333333333333,0.16666666666666666,4,4,4.0,0,0,0,688,
3936,11259,22,9833,2017,,Answer: 2013-2016,2013,2016,0.0,0.0,4,,,0,0,0,682,
3937,9423,20,6706,1928,1928,Answer: ####-####,,,0.0,0.0,,,,0,0,0,722,
3938,11570,22,10344,2002,2003,Answer: 1993-1998,1993,1998,-0.2727272727272727,0.09090909090909091,9,5,7.0,0,0,0,712,
3939,12204,22,11136,1998,2005,Answer: ####-####,,,0.0,0.0,,,,0,0,0,660,
3940,11050,22,5651,2015,,Answer: 2010-2019,2010,2019,0.0,0.0,5,,,0,0,0,678,
3941,5760,20,7926,1998,1998,Answer: 1995-2024,1995,2024,0.03333333333333333,0.03333333333333333,3,26,14.5,0,0,0,746,
3942,12278,22,10879,2002,2002,Answer: 1997-1999,1997,1999,-0.3333333333333333,0.16666666666666666,5,3,4.0,0,0,0,682,
3943,6137,20,6139,2014,2014,Answer: 2008-2014,2008,2014,0.14285714285714285,0.14285714285714285,6,0,3.0,0,0,0,724,
3944,399,1,404,1947,1949,Answer: 1947-1949,1947,1949,1.0,1.0,0,0,0.0,0,0,0,679,
3945,1745,17,6277,2013,2013,Answer: 2010-2019,2010,2019,0.1,0.1,3,6,4.5,0,0,0,523,
3946,9819,22,9824,2000,2000,Answer: 1999-2000,1999,2000,0.5,0.5,1,0,0.5,0,0,0,730,
3947,3275,13,3255,1914,,Answer: ####-####,,,0.0,0.0,,,,0,0,0,585,
3948,6053,20,9002,2008,2008,Answer: 1974-2009,1974,2009,0.027777777777777776,0.027777777777777776,34,1,17.5,0,0,0,740,
3949,6247,23,2935,,1970,Answer: 1959-1963,1959,1963,0.0,0.0,,7,,0,0,0,674,
3950,8518,17,7301,1957,1957,Answer: 1947-1976,1947,1976,0.03333333333333333,0.03333333333333333,10,19,14.5,0,0,0,727,
3951,7317,17,7172,1992,1992,Answer: ####-####,,,0.0,0.0,,,,0,0,0,667,
3952,10895,22,10123,2009,2010,Answer: 2007-2009,2007,2009,0.25,0.25,2,1,1.5,0,0,0,684,
3953,11996,22,10643,2004,2004,Answer: 2003-2004,2003,2004,0.5,0.5,1,0,0.5,0,0,0,744,
3954,11043,22,10136,2009,2009,Answer: ####-####,,,0.0,0.0,,,,0,0,0,682,
3955,8662,17,6085,1986,1986,Answer: ####-####,,,0.0,0.0,,,,0,0,0,679,
3956,11077,22,10534,2004,2007,Answer: 2013-2014,2013,2014,-0.45454545454545453,0.09090909090909091,9,7,8.0,0,0,0,688,
3957,4813,14,3455,2015,2017,Answer: 2019-2024,2019,2024,-0.1,0.1,4,7,5.5,0,0,0,576,
3958,7894,17,5931,2010,2010,Answer: ####-####,,,0.0,0.0,,,,0,0,0,673,
3959,8962,20,7579,2007,2007,Answer: 2007-####,2007,2007,1.0,1.0,0,0,0.0,0,0,0,671,
3960,10147,22,10149,1994,1995,Answer: 1994-1996,1994,1996,0.6666666666666666,0.6666666666666666,0,1,0.5,0,0,0,732,
3961,1921,5,509,1989,,Answer: ####-####,,,0.0,0.0,,,,0,0,0,680,
3962,10130,22,10134,2015,2016,Answer: 2017-2017,2017,2017,0.0,0.3333333333333333,2,1,1.5,0,0,0,686,
3963,12087,22,11553,2007,2007,Answer: ####-####,,,0.0,0.0,,,,0,0,0,720,
3964,6656,20,7479,1984,1984,Answer: 2020-2020,2020,2020,-0.9459459459459459,0.02702702702702703,36,36,36.0,0,0,0,562,
3965,11758,22,5592,1992,1997,Answer: ####-####,,,0.0,0.0,,,,0,0,0,746,
3966,4409,14,3457,2005,2010,Answer: 2019-2024,2019,2024,-0.4,0.05,14,14,14.0,0,0,0,580,
3967,9531,21,9458,1993,1993,Answer: 1993-1993,1993,1993,1.0,1.0,0,0,0.0,0,0,0,680,
3968,8562,20,7872,2010,2010,Answer: 2011-2011,2011,2011,0.0,0.5,1,1,1.0,0,0,0,740,
3969,2630,9,2505,1985,,Answer: ####-####,,,0.0,0.0,,,,0,0,0,730,
3970,6241,17,6242,1846,1846,Answer: 1846-1849,1846,1849,0.25,0.25,0,3,1.5,0,0,0,675,
3971,12359,22,9598,1977,1981,Answer: 1981-1983,1981,1983,0.14285714285714285,0.14285714285714285,4,2,3.0,0,0,0,684,
3972,6435,17,6175,1918,1918,Answer: ####-####,,,0.0,0.0,,,,0,0,0,699,
3973,10702,22,9557,1992,2002,Answer: 1992-2002,1992,2002,1.0,1.0,0,0,0.0,0,0,0,744,
3974,2655,17,6403,1939,1939,Answer: ####-####,,,0.0,0.0,,,,0,0,0,677,
3975,3202,22,10385,1986,1986,Answer: ####-####,,,0.0,0.0,,,,0,0,0,694,
3976,11875,22,10438,2000,2008,Answer: 2000-2006,2000,2006,0.7777777777777778,0.7777777777777778,0,2,1.0,0,0,0,730,
3977,7089,20,7090,1981,1981,Answer: 1960-1979,1960,1979,-0.045454545454545456,0.045454545454545456,21,2,11.5,0,0,0,706,
3978,11959,22,10569,2008,2011,Answer: 2017-2019,2017,2019,-0.4166666666666667,0.08333333333333333,9,8,8.5,0,0,0,688,
3979,11828,22,10166,2008,2008,Answer: 2007-2009,2007,2009,0.3333333333333333,0.3333333333333333,1,1,1.0,0,0,0,738,
3980,2974,17,5836,2009,2009,Answer: ####-####,,,0.0,0.0,,,,0,0,0,697,
3981,12155,22,9990,2011,2011,Answer: 2007-2008,2007,2008,-0.4,0.2,4,3,3.5,0,0,0,688,
3982,11229,22,10499,2007,2013,Answer: 2017-2019,2017,2019,-0.23076923076923078,0.07692307692307693,10,6,8.0,0,0,0,674,
3983,11626,22,9707,1993,1994,Answer: 1986-1989,1986,1989,-0.3333333333333333,0.1111111111111111,7,5,6.0,0,0,0,674,
3984,11343,22,10695,2008,2011,Answer: 2005-2006,2005,2006,-0.14285714285714285,0.14285714285714285,3,5,4.0,0,0,0,688,
3985,5720,20,5548,1987,1987,Answer: 1989-2010,1989,2010,-0.041666666666666664,0.041666666666666664,2,23,12.5,0,0,0,706,
3986,6980,17,6578,1987,1987,Answer: ####-####,,,0.0,0.0,,,,0,0,0,687,
3987,1877,20,7090,1977,1977,Answer: 1973-1977,1973,1977,0.2,0.2,4,0,2.0,0,0,0,714,
3988,11277,22,10581,2011,2011,Answer: 2013-2015,2013,2015,-0.2,0.2,2,4,3.0,0,0,0,702,
3989,9805,22,9558,2000,2001,Answer: 2000-2001,2000,2001,1.0,1.0,0,0,0.0,0,0,0,674,
3990,11733,22,10897,2010,2010,Answer: ####-####,,,0.0,0.0,,,,0,0,0,680,
3991,12104,22,9594,2009,2009,Answer: 2008-2010,2008,2010,0.3333333333333333,0.3333333333333333,1,1,1.0,0,0,0,748,
3992,12307,22,10251,2000,2000,Answer: ####-####,,,0.0,0.0,,,,0,0,0,670,
3993,5678,16,5683,1953,1953,Answer: 1944-1953,1944,1953,0.1,0.1,9,0,4.5,0,0,0,663,
3994,11671,22,10043,2011,2012,Answer: 2010-2011,2010,2011,0.3333333333333333,0.3333333333333333,1,1,1.0,0,0,0,728,
3995,10623,22,9694,1995,1996,Answer: ####-####,,,0.0,0.0,,,,0,0,0,680,
3996,7931,17,6198,1985,1985,Answer: ####-####,,,0.0,0.0,,,,0,0,0,675,
3997,8024,20,7513,1993,1993,Answer: 1971-2000,1971,2000,0.03333333333333333,0.03333333333333333,22,7,14.5,0,0,0,716,
3998,9960,22,9804,2012,2013,Answer: 2017-2019,2017,2019,-0.375,0.125,5,6,5.5,0,0,0,680,
3999,3503,14,3457,2005,2010,Answer: 2005-2010,2005,2010,1.0,1.0,0,0,0.0,0,0,0,578,
4000,6968,17,6969,1971,1971,Answer: 1971-1979,1971,1979,0.1111111111111111,0.1111111111111111,0,8,4.0,0,0,0,749,
4001,9682,22,9555,2014,2014,Answer: 2013-2015,2013,2015,0.3333333333333333,0.3333333333333333,1,1,1.0,0,0,0,748,
4002,12440,22,11034,2008,2010,Answer: 2007-2009,2007,2009,0.5,0.5,1,1,1.0,0,0,0,682,
4003,8962,17,8963,1997,1997,Answer: ####-####,,,0.0,0.0,,,,0,0,0,707,
4004,7906,17,7911,2003,2003,Answer: 1998-2019,1998,2019,0.045454545454545456,0.045454545454545456,5,16,10.5,0,0,0,719,
4005,5962,20,8616,2008,2008,Answer: 1990-2019,1990,2019,0.03333333333333333,0.03333333333333333,18,11,14.5,0,0,0,738,
4006,739,15,4983,,2014,Answer: ####-2015,2015,2015,0.0,0.0,,1,,0,0,0,608,
4007,5496,17,5493,1996,1996,Answer: 1996-1996,1996,1996,1.0,1.0,0,0,0.0,0,0,0,671,
4008,380,1,1363,1929,2005,Answer: ####-####,,,0.0,0.0,,,,0,0,0,705,
4009,7940,20,6670,1992,1992,Answer: 1991-1993,1991,1993,0.3333333333333333,0.3333333333333333,1,1,1.0,0,0,0,748,
4010,3211,14,3428,1866,1866,Answer: 1861-1861,1861,1861,-0.6666666666666666,0.16666666666666666,5,5,5.0,0,0,0,586,
4011,5958,20,5762,1949,1949,Answer: 1920-1969,1920,1969,0.02,0.02,29,20,24.5,0,0,0,692,
4012,10634,22,10430,2008,2011,Answer: 2013-2015,2013,2015,-0.125,0.125,5,4,4.5,0,0,0,698,
4013,8024,20,6963,2011,2011,Answer: ####-####,,,0.0,0.0,,,,0,0,0,716,
4014,2142,6,2108,,1569,Answer: 1025-1795,1025,1795,0.0,0.0,,226,,0,0,0,666,
4015,12309,22,9668,1996,1996,Answer: ####-####,,,0.0,0.0,,,,0,0,0,526,
4016,8513,17,8561,2006,2006,Answer: ####-####,,,0.0,0.0,,,,0,0,0,574,
4017,10677,22,9617,2007,2008,Answer: 1999-2001,1999,2001,-0.5,0.1,8,7,7.5,0,0,0,676,
4018,1886,4,1839,1951,1951,Answer: ####-####,,,0.0,0.0,,,,0,0,0,686,
4019,11338,22,10093,2013,2013,Answer: 2011-2016,2011,2016,0.16666666666666666,0.16666666666666666,2,3,2.5,0,0,0,690,
4020,12051,22,9906,2008,2010,Answer: ####-####,,,0.0,0.0,,,,0,0,0,676,
4021,88,6,26,1991,,Answer: 1010-2024,1010,2024,0.0,0.0,981,,,0,0,0,514,
4022,11707,22,9776,2015,,Answer: 2011-2011,2011,2011,0.0,0.0,4,,,0,0,0,692,
4023,6519,17,6520,2006,2006,Answer: ####-####,,,0.0,0.0,,,,0,0,0,541,
4024,7093,17,7095,1998,1998,Answer: 1998-1998,1998,1998,1.0,1.0,0,0,0.0,0,0,0,739,
4025,3147,14,3667,1992,1992,Answer: ####-####,,,0.0,0.0,,,,0,0,0,716,
4026,1089,1,757,2005,2016,Answer: 2001-2016,2001,2016,0.75,0.75,4,0,2.0,0,0,0,731,
4027,3655,14,3550,2007,2011,Answer: 2007-2011,2007,2011,1.0,1.0,0,0,0.0,0,0,0,610,
4028,11169,22,9880,2003,2003,Answer: ####-####,,,0.0,0.0,,,,0,0,0,702,
4029,5435,16,5437,1993,1993,Answer: 1992-1992,1992,1992,0.0,0.5,1,1,1.0,0,0,0,721,
4030,5962,20,5970,1993,1993,Answer: 1990-2005,1990,2005,0.0625,0.0625,3,12,7.5,0,0,0,696,
4031,8469,20,5762,1963,1963,Answer: ####-####,,,0.0,0.0,,,,0,0,0,696,
4032,2068,6,2027,1945,,Answer: 1945-2024,1945,2024,0.0,0.0,0,,,0,0,0,632,
4033,6796,20,6804,2006,2006,Answer: 2004-2023,2004,2023,0.05,0.05,2,17,9.5,0,0,0,700,
4034,2988,10,2989,1993,1995,Answer: ####-####,,,0.0,0.0,,,,0,0,0,713,
4035,1170,1,1161,1790,1871,Answer: ####-####,,,0.0,0.0,,,,0,0,0,683,
4036,10912,22,9740,2014,,Answer: 2010-2011,2010,2011,0.0,0.0,4,,,0,0,0,684,
4037,5678,16,5683,1946,1946,Answer: 1944-1953,1944,1953,0.1,0.1,2,7,4.5,0,0,0,663,
4038,2153,6,29,1944,1991,Answer: 1922-1991,1922,1991,0.6857142857142857,0.6857142857142857,22,0,11.0,0,0,0,658,
4039,3812,14,3431,1986,1986,Answer: 1973-2002,1973,2002,0.03333333333333333,0.03333333333333333,13,16,14.5,0,0,0,730,
4040,12479,22,10676,2005,2005,Answer: ####-####,,,0.0,0.0,,,,0,0,0,714,
4041,5756,17,7052,2003,2003,Answer: 2003-2003,2003,2003,1.0,1.0,0,0,0.0,0,0,0,689,
4042,12175,22,10146,2005,2007,Answer: 2013-2014,2013,2014,-0.5,0.1,8,7,7.5,0,0,0,736,
4043,10400,22,10335,2012,2013,Answer: 2007-2009,2007,2009,-0.2857142857142857,0.14285714285714285,5,4,4.5,0,0,0,672,
4044,9244,20,6706,1906,1906,Answer: 1901-1921,1901,1921,0.047619047619047616,0.047619047619047616,5,15,10.0,0,0,0,714,
4045,12060,22,10786,1993,1997,Answer: ####-####,,,0.0,0.0,,,,0,0,0,684,
4046,4409,14,3473,1997,2001,Answer: 2015-2017,2015,2017,-0.6190476190476191,0.047619047619047616,18,16,17.0,0,0,0,580,
4047,5442,20,5808,2008,2008,Answer: 2007-2023,2007,2023,0.058823529411764705,0.058823529411764705,1,15,8.0,0,0,0,597,
4048,12353,22,10359,2007,2007,Answer: ####-####,,,0.0,0.0,,,,0,0,0,726,
4049,1203,1,953,1790,1871,Answer: 1790-1790,1790,1790,0.012195121951219513,0.012195121951219513,0,81,40.5,0,0,0,689,
4050,363,1,364,1937,,Answer: 1937-2024,1937,2024,0.0,0.0,0,,,0,0,0,695,
4051,5713,17,6070,2015,2015,Answer: ####-####,,,0.0,0.0,,,,0,0,0,673,
4052,12225,22,9586,1993,1994,Answer: 1992-1995,1992,1995,0.5,0.5,1,1,1.0,0,0,0,728,
4053,7703,17,6275,1962,1962,Answer: 1963-1965,1963,1965,0.0,0.25,1,3,2.0,0,0,0,533,
4054,9070,17,6512,1983,1983,Answer: 1983-1983,1983,1983,1.0,1.0,0,0,0.0,0,0,0,689,
4055,10180,22,9543,1989,1990,Answer: ####-####,,,0.0,0.0,,,,0,0,0,694,
4056,10909,22,10910,2003,2003,Answer: 2000-2001,2000,2001,-0.25,0.25,3,2,2.5,0,0,0,686,
4057,3130,14,3546,1913,1915,Answer: 1913-1915,1913,1915,1.0,1.0,0,0,0.0,0,0,0,754,
4058,11261,22,10062,2006,2006,Answer: 2010-2010,2010,2010,-0.6,0.2,4,4,4.0,0,0,0,674,
4059,6982,20,5665,1996,1996,Answer: ####-####,,,0.0,0.0,,,,0,0,0,714,
4060,269,1,125,1920,,Answer: 1790-2024,1790,2024,0.0,0.0,130,,,0,0,0,693,
4061,10532,22,9544,1994,1998,Answer: 2007-2008,2007,2008,-0.5333333333333333,0.06666666666666667,13,10,11.5,0,0,0,688,
