idx,s,r,o,gold_start,gold_end,pred_text,pred_start,pred_end,giou_top1,aeiou_top1,ae_start_top1,ae_end_top1,ae_avg_top1,ctx_1hop,ctx_2hop,ctx_used,prompt_chars,prompt_preview
0,1747,2,4384,2006,2007,####-####,,,0.0,0.0,,,,0,0,0,662,"### Subject
Paulo Machado: Paulo Ricardo Ribeiro de Jesus Machado (born 31 March 1986) is a Portuguese former professional footballer who played as a central midfielder.Formed at Porto, …

### Object
U.D. Leiria: União Desportiva de Leiria, commonly known as União de Leiria (pronounced [uniˈɐ̃w̃ dɨ lɐjˈɾiɐ]), is a Portuguese football club based in Leiria, central Portug…

### Question
Predict the yearly time interval for the target fact.
- Target triple: (Paulo Machado, plays for, U.D. Leiria)
- Output strictly as 'YYYY-YYYY'. If a single year is known, repeat it (e.g., '1998-1998').
- If unknown, use '####-####'. Provide only the final answer.

ANSWER: "
1,448,2,4388,2010,2011,####-####,,,0.0,0.0,,,,0,0,0,658,"### Subject
Brimah Razak: Brimah Razak (born 22 June 1987) is a Ghanaian professional footballer who plays for Spanish club CD Estepona FS as a goalkeeper.He spent most of his career in…

### Object
Real Betis: Real Betis Balompié, known as Real Betis (pronounced [reˈal ˈβetis]) or just Betis, is a Spanish professional football club based in Seville in the autonomous …

### Question
Predict the yearly time interval for the target fact.
- Target triple: (Brimah Razak, plays for, Real Betis)
- Output strictly as 'YYYY-YYYY'. If a single year is known, repeat it (e.g., '1998-1998').
- If unknown, use '####-####'. Provide only the final answer.

ANSWER: "
2,2400,2,4515,2007,2008,####-####,,,0.0,0.0,,,,0,0,0,668,"### Subject
Ariza Makukula: Ariza Makukula (born 4 March 1981) is a Portuguese former footballer who played as a centre forward.He only amassed Primeira Liga totals of 26 matches and nine…

### Object
C.S. Marítimo: Club Sport Marítimo MH M, commonly known as Marítimo (Portuguese pronunciation: [mɐˈɾitimu] locally [mɐˈɾitmu]), is a Portuguese sports club founded in Funchal…

### Question
Predict the yearly time interval for the target fact.
- Target triple: (Ariza Makukula, plays for, C.S. Marítimo)
- Output strictly as 'YYYY-YYYY'. If a single year is known, repeat it (e.g., '1998-1998').
- If unknown, use '####-####'. Provide only the final answer.

ANSWER: "
3,4898,2,4926,2004,2005,####-####,,,0.0,0.0,,,,0,0,0,716,"### Subject
Djamel Abdoun: Djamel Abdoun (born 14 February 1986) is an Algerian retired professional footballer who played as a winger.In the summer of 2011, Abdoun signed a three-year c…

### Object
France national under-19 football team: The France national under-19 football team is the national under-19 football team of France and is controlled by the French Football Federation. The team compe…

### Question
Predict the yearly time interval for the target fact.
- Target triple: (Djamel Abdoun, plays for, France national under-19 football team)
- Output strictly as 'YYYY-YYYY'. If a single year is known, repeat it (e.g., '1998-1998').
- If unknown, use '####-####'. Provide only the final answer.

ANSWER: "
4,286,7,196,2012,2012,2012-2012,2012,2012,1.0,1.0,0,0,0.0,0,0,0,656,"### Subject
A. G. L. Shaw: Alan George Lewers Shaw AO FAHA FASSA FRAHS FRHSV (3 February 1916 – 5 April 2012) was an Australian historian and author of several text books and historiogra…

### Object
Melbourne: Melbourne (/ˈmɛlbərn/ (listen) MEL-bərn; Boonwurrung/Woiwurrung: Narrm or Naarm) is the capital and most populous city of the Australian state of Victoria, and…

### Question
Predict the yearly time interval for the target fact.
- Target triple: (A. G. L. Shaw, died in, Melbourne)
- Output strictly as 'YYYY-YYYY'. If a single year is known, repeat it (e.g., '1998-1998').
- If unknown, use '####-####'. Provide only the final answer.

ANSWER: "
5,2614,7,105,2002,2002,2002-2002,2002,2002,1.0,1.0,0,0,0.0,0,0,0,670,"### Subject
Niki de Saint Phalle: Niki de Saint Phalle (French pronunciation: ​[niki d(ə) sɛ̃ fal]; born Catherine Marie-Agnès Fal de Saint Phalle; 29 October 1930 – 21 May 2002) was a French-A…

### Object
San Diego: San Diego (/ˌsæn diˈeɪɡoʊ/ SAN dee-AY-goh, Spanish: [san ˈdjeɣo]; Spanish for 'Saint Didacus') is a city on the Pacific Ocean coast of Southern California loca…

### Question
Predict the yearly time interval for the target fact.
- Target triple: (Niki de Saint Phalle, died in, San Diego)
- Output strictly as 'YYYY-YYYY'. If a single year is known, repeat it (e.g., '1998-1998').
- If unknown, use '####-####'. Provide only the final answer.

ANSWER: "
6,3691,0,13,1973,1973,1973-1973,1973,1973,1.0,1.0,0,0,0.0,0,0,0,650,"### Subject
Ada Choi: Ada Choi Siu-fan (Chinese: 蔡少芬; born 17 September 1973) is a Hong Kong actress best known for her work for TVB television, as an evil empress in the Chinese te…

### Object
Hong Kong: Hong Kong (/ˈhɒŋkɒŋ/ (US) or /hɒŋˈkɒŋ/ (UK); Chinese: 香港, Cantonese: [hœ́ːŋ.kɔ̌ːŋ] (listen)), officially the Hong Kong Special Administrative Region of the Peo…

### Question
Predict the yearly time interval for the target fact.
- Target triple: (Ada Choi, was born in, Hong Kong)
- Output strictly as 'YYYY-YYYY'. If a single year is known, repeat it (e.g., '1998-1998').
- If unknown, use '####-####'. Provide only the final answer.

ANSWER: "
7,3359,4,1247,1946,,Answer: ####-####,,,0.0,0.0,,,,0,0,0,668,"### Subject
Hugh Marlowe: Hugh Marlowe (born Hugh Herbert Hipple; January 30, 1911 – May 2, 1982) was an American film, television, stage and radio actor.Marlowe was born in Philadelphi…

### Object
K. T. Stevens: K.T. Stevens (born Gloria Wood, July 20, 1919 – June 13, 1994) was an American film and television actress.Stevens was born in Los Angeles, the daughter of fil…

### Question
Predict the yearly time interval for the target fact.
- Target triple: (Hugh Marlowe, is married to, K. T. Stevens)
- Output strictly as 'YYYY-YYYY'. If a single year is known, repeat it (e.g., '1998-1998').
- If unknown, use '####-####'. Provide only the final answer.

ANSWER: "
8,3700,0,301,1981,1981,1981-1981,1981,1981,1.0,1.0,0,0,0.0,0,0,0,650,"### Subject
Aimee Chan: Aimee Chan (born 1 April 1981) or Chan Yan-mei (Traditional Chinese: 陳茵媺) is a Canadian born actress based in Hong Kong. She was the winner of Miss Hong Kong 2…

### Object
Toronto: Toronto (/təˈrɒntoʊ/ (listen) tə-RON-toh; locally [təˈɹɒɾ̃ə] or [ˈtɹɒɾ̃ə]) is the capital city of the Canadian province of Ontario. With a recorded population …

### Question
Predict the yearly time interval for the target fact.
- Target triple: (Aimee Chan, was born in, Toronto)
- Output strictly as 'YYYY-YYYY'. If a single year is known, repeat it (e.g., '1998-1998').
- If unknown, use '####-####'. Provide only the final answer.

ANSWER: "
9,899,3,5444,1980,,####-####,,,0.0,0.0,,,,0,0,0,682,"### Subject
Elaine Pagels: Elaine Pagels, née Hiesey (born February 13, 1943), is an American historian of religion. She is the Harrington Spear Paine Professor of Religion at Princeton …

### Object
National Book Award: The National Book Awards are a set of annual U.S. literary awards. At the final National Book Awards Ceremony every November, the National Book Foundation pres…

### Question
Predict the yearly time interval for the target fact.
- Target triple: (Elaine Pagels, has won prize, National Book Award)
- Output strictly as 'YYYY-YYYY'. If a single year is known, repeat it (e.g., '1998-1998').
- If unknown, use '####-####'. Provide only the final answer.

ANSWER: "
10,3644,0,1028,1912,1912,####-####,,,0.0,0.0,,,,0,0,0,654,"### Subject
June Havoc: June Havoc (born Ellen Evangeline Hovick; November 8, 1912 – March 28, 2010) was a Canadian American actress, dancer, stage director and memoirist.Havoc was a …

### Object
Vancouver: Vancouver (/vænˈkuːvər/ (listen) van-KOO-vər) is a major city in western Canada, located in the Lower Mainland region of British Columbia. As the most populous…

### Question
Predict the yearly time interval for the target fact.
- Target triple: (June Havoc, was born in, Vancouver)
- Output strictly as 'YYYY-YYYY'. If a single year is known, repeat it (e.g., '1998-1998').
- If unknown, use '####-####'. Provide only the final answer.

ANSWER: "
11,505,0,299,1887,1887,1887-1887,1887,1887,1.0,1.0,0,0,0.0,0,0,0,702,"### Subject
James Dunn (Australian politician): James Patrick Digger Dunn (born James Patrick Dunn; 20 August 1887 – 21 November 1945) was an Australian politician who served as a Senator for New South Wales…

### Object
Liverpool: Liverpool is a city and metropolitan borough in Merseyside, England. With a population of 498,042 in 2019, it is the 10th largest English district by populatio…

### Question
Predict the yearly time interval for the target fact.
- Target triple: (James Dunn (Australian politician), was born in, Liverpool)
- Output strictly as 'YYYY-YYYY'. If a single year is known, repeat it (e.g., '1998-1998').
- If unknown, use '####-####'. Provide only the final answer.

ANSWER: "
12,4562,2,4936,2010,,####-####,,,0.0,0.0,,,,0,0,0,762,"### Subject
Shaun Timmins (footballer): Shaun Timmins is a footballer who plays as a left back for Dandenong City in the NPL Victoria in Australia.Timmins has also played for Redditch United, Team We…

### Object
Republic of Ireland national under-19 football …: The Republic of Ireland national under-19 football team, is the national under-19 football team of the Republic of Ireland and is controlled by the Football As…

### Question
Predict the yearly time interval for the target fact.
- Target triple: (Shaun Timmins (footballer), plays for, Republic of Ireland national under-19 football …)
- Output strictly as 'YYYY-YYYY'. If a single year is known, repeat it (e.g., '1998-1998').
- If unknown, use '####-####'. Provide only the final answer.

ANSWER: "
13,215,4,2815,1987,2011,####-####,,,0.0,0.0,,,,0,0,0,672,"### Subject
Ian Carroll: Ian Robert Carroll (17 November 1946 – 19 August 2011) was a television executive, primarily at the Australia Broadcasting Corporation (ABC). At the ABC, Carro…

### Object
Geraldine Doogue: Geraldine Frances Doogue AO (born 29 April 1952) is an Australian journalist and radio and television presenter.After graduating from the University of Western…

### Question
Predict the yearly time interval for the target fact.
- Target triple: (Ian Carroll, is married to, Geraldine Doogue)
- Output strictly as 'YYYY-YYYY'. If a single year is known, repeat it (e.g., '1998-1998').
- If unknown, use '####-####'. Provide only the final answer.

ANSWER: "
14,314,0,103,1926,1926,1926-1926,1926,1926,1.0,1.0,0,0,0.0,0,0,0,710,"### Subject
Ian Gilmour, Baron Gilmour of Craigmillar: Ian Hedworth John Little Gilmour, Baron Gilmour of Craigmillar, PC (8 July 1926 – 21 September 2007) was a Conservative Party politician in the United Kingdom.…

### Object
London: London is the capital and largest city of England and the United Kingdom, with a population of just under 9 million. It stands on the River Thames in south-eas…

### Question
Predict the yearly time interval for the target fact.
- Target triple: (Ian Gilmour, Baron Gilmour of Craigmillar, was born in, London)
- Output strictly as 'YYYY-YYYY'. If a single year is known, repeat it (e.g., '1998-1998').
- If unknown, use '####-####'. Provide only the final answer.

ANSWER: "
15,3442,2,4293,2004,,####-####,,,0.0,0.0,,,,0,0,0,690,"### Subject
Keith Andrews (footballer): Keith Joseph Andrews (born 13 September 1980) is an Irish former association footballer who played as a defensive midfielder. He is currently the assistant man…

### Object
Walsall F.C.: Walsall Football Club is a professional association football club based in the town of Walsall, West Midlands, England. The team competes in EFL League Two, th…

### Question
Predict the yearly time interval for the target fact.
- Target triple: (Keith Andrews (footballer), plays for, Walsall F.C.)
- Output strictly as 'YYYY-YYYY'. If a single year is known, repeat it (e.g., '1998-1998').
- If unknown, use '####-####'. Provide only the final answer.

ANSWER: "
16,3186,8,7794,1997,2001,Answer: 1997-2001,1997,2001,1.0,1.0,0,0,0.0,0,0,0,669,"### Subject
Abdullah Gül: Abdullah Gül (/ɡuːl/ (listen); Turkish: [abduɫˈɫah ˈɟyl]; born 29 October 1950) is a Turkish politician who served as the 11th President of Turkey, in office f…

### Object
Virtue Party: Virtue Party (Turkish: Fazilet Partisi, FP) was an Islamist political party established on 17 December 1997 in Turkey. It was found unconstitutional by the Con…

### Question
Predict the yearly time interval for the target fact.
- Target triple: (Abdullah Gül, is affiliated to, Virtue Party)
- Output strictly as 'YYYY-YYYY'. If a single year is known, repeat it (e.g., '1998-1998').
- If unknown, use '####-####'. Provide only the final answer.

ANSWER: "
17,2454,3,5382,1927,,####-####,,,0.0,0.0,,,,0,0,0,710,"### Subject
Aston Webb: Sir Aston Webb GCVO CB RA FRIBA (22 May 1849 – 21 August 1930) was a British architect who designed the principal facade of Buckingham Palace and the main buil…

### Object
Albert Medal (Royal Society of Arts): The Albert Medal of the Royal Society of Arts (RSA) was instituted in 1864 as a memorial to Prince Albert, who had been President of the Society for 18 years. …

### Question
Predict the yearly time interval for the target fact.
- Target triple: (Aston Webb, has won prize, Albert Medal (Royal Society of Arts))
- Output strictly as 'YYYY-YYYY'. If a single year is known, repeat it (e.g., '1998-1998').
- If unknown, use '####-####'. Provide only the final answer.

ANSWER: "
18,195,0,196,1895,1895,1895-1895,1895,1895,1.0,1.0,0,0,0.0,0,0,0,672,"### Subject
Wilfrid Kent Hughes: Second World War Sir Wilfrid Selwyn ""Bill"" Kent Hughes KBE, MVO, MC (12 June 1895 – 31 July 1970) was an Australian army officer and politician who had a long …

### Object
Melbourne: Melbourne (/ˈmɛlbərn/ (listen) MEL-bərn; Boonwurrung/Woiwurrung: Narrm or Naarm) is the capital and most populous city of the Australian state of Victoria, and…

### Question
Predict the yearly time interval for the target fact.
- Target triple: (Wilfrid Kent Hughes, was born in, Melbourne)
- Output strictly as 'YYYY-YYYY'. If a single year is known, repeat it (e.g., '1998-1998').
- If unknown, use '####-####'. Provide only the final answer.

ANSWER: "
19,2016,4,6083,1964,1985,####-####,,,0.0,0.0,,,,0,0,0,666,"### Subject
Roland Curram: Roland Curram (born 1932) is an English actor and novelist.Curram was educated at Brighton College and has had a long film, television and theatre career. His …

### Object
Sheila Gish: Sheila Gish (born Sheila Anne Syme Gash; 23 April 1942 – 9 March 2005) was an English actress. For her role in the 1995 London revival of the Stephen Sondheim …

### Question
Predict the yearly time interval for the target fact.
- Target triple: (Roland Curram, is married to, Sheila Gish)
- Output strictly as 'YYYY-YYYY'. If a single year is known, repeat it (e.g., '1998-1998').
- If unknown, use '####-####'. Provide only the final answer.

ANSWER: "
20,6090,4,6002,1951,1952,1951-1952,1951,1952,1.0,1.0,0,0,0.0,0,0,0,672,
21,6148,7,9,1933,1933,1933-1933,1933,1933,1.0,1.0,0,0,0.0,0,0,0,644,
22,4534,2,4267,2003,,####-####,,,0.0,0.0,,,,0,0,0,710,
23,944,4,3790,1925,1974,1925-1974,1925,1974,1.0,1.0,0,0,0.0,0,0,0,694,
24,4697,2,5124,2011,,####-####,,,0.0,0.0,,,,0,0,0,664,
25,3926,3,5460,2013,,1994-1994,1994,1994,0.0,0.0,19,,,0,0,0,666,
26,4423,2,4894,2006,2007,####-####,,,0.0,0.0,,,,0,0,0,720,
27,1913,7,2556,2000,2000,2000-2000,2000,2000,1.0,1.0,0,0,0.0,0,0,0,696,
28,2184,3,5177,1986,,1986-1986,1986,1986,0.0,0.0,0,,,0,0,0,684,
29,8,6,7432,1938,,Answer: ####-####,,,0.0,0.0,,,,0,0,0,681,
30,4611,2,4663,1998,1999,####-####,,,0.0,0.0,,,,0,0,0,525,
31,3123,4,3057,1951,2002,####-####,,,0.0,0.0,,,,0,0,0,684,
32,5903,3,5758,2012,,####-####,,,0.0,0.0,,,,0,0,0,688,
33,2695,0,2696,1907,1907,1907-1907,1907,1907,1.0,1.0,0,0,0.0,0,0,0,670,
34,1793,0,71,1892,1892,1892-1892,1892,1892,1.0,1.0,0,0,0.0,0,0,0,674,
35,4707,2,4341,1999,2000,####-####,,,0.0,0.0,,,,0,0,0,664,
36,82,0,83,1964,1964,1964-1964,1964,1964,1.0,1.0,0,0,0.0,0,0,0,654,
37,1870,3,5169,1988,,1985-1985,1985,1985,0.0,0.0,3,,,0,0,0,662,
38,2263,3,5404,1969,,Answer: ####-####,,,0.0,0.0,,,,0,0,0,714,
39,999,0,101,1904,1904,1904-1904,1904,1904,1.0,1.0,0,0,0.0,0,0,0,672,
40,4444,2,4703,1992,1995,####-####,,,0.0,0.0,,,,0,0,0,664,
41,3102,4,482,1986,,####-####,,,0.0,0.0,,,,0,0,0,541,
42,4583,2,4261,1989,1990,Answer: 1987-1989,1987,1989,0.25,0.25,2,1,1.5,0,0,0,668,
43,4829,2,4481,2010,,Answer: ####-####,,,0.0,0.0,,,,0,0,0,688,
44,943,0,83,1923,1923,1923-1923,1923,1923,1.0,1.0,0,0,0.0,0,0,0,650,
45,1834,2,4341,2010,2011,####-####,,,0.0,0.0,,,,0,0,0,662,
46,2547,4,2931,2004,2012,2004-2012,2004,2012,1.0,1.0,0,0,0.0,0,0,0,700,
47,4367,2,4735,1990,1993,####-####,,,0.0,0.0,,,,0,0,0,672,
48,4,0,5,1952,1952,1952-1952,1952,1952,1.0,1.0,0,0,0.0,0,0,0,686,
49,1887,3,5445,1985,,####-####,,,0.0,0.0,,,,0,0,0,732,
50,2357,0,667,1957,1957,####-####,,,0.0,0.0,,,,0,0,0,556,
51,4365,2,4329,2002,2003,1999-2006,1999,2006,0.25,0.25,3,3,3.0,0,0,0,670,
52,4453,2,4283,2014,,####-####,,,0.0,0.0,,,,0,0,0,668,
53,2984,0,836,1936,1936,1936-1936,1936,1936,1.0,1.0,0,0,0.0,0,0,0,662,
54,1207,8,7659,2014,,2014-2014,2014,2014,0.0,0.0,0,,,0,0,0,757,
55,2317,2,4825,2007,2011,####-####,,,0.0,0.0,,,,0,0,0,692,
56,2042,4,1808,1992,1994,Answer: ####-####,,,0.0,0.0,,,,0,0,0,676,
57,3223,6,4180,1959,,Answer: ####-####,,,0.0,0.0,,,,0,0,0,687,
58,1993,3,5675,2006,,2007-2007,2007,2007,0.0,0.0,1,,,0,0,0,686,
59,5940,3,5467,1908,,1905-1905,1905,1905,0.0,0.0,3,,,0,0,0,674,
60,4440,2,4589,1997,,####-####,,,0.0,0.0,,,,0,0,0,712,
61,2892,4,1182,1929,1950,####-####,,,0.0,0.0,,,,0,0,0,670,
62,4996,2,5065,2013,2015,####-####,,,0.0,0.0,,,,0,0,0,676,
63,1363,7,67,2016,2016,2016-2016,2016,2016,1.0,1.0,0,0,0.0,0,0,0,650,
64,360,0,361,1952,1952,Answer: 1952-1952,1952,1952,1.0,1.0,0,0,0.0,0,0,0,680,
65,4585,2,4526,2012,2015,####-####,,,0.0,0.0,,,,0,0,0,658,
66,72,3,5195,2000,,2016-2016,2016,2016,0.0,0.0,16,,,0,0,0,666,
67,1124,7,111,1947,1947,1947-1947,1947,1947,1.0,1.0,0,0,0.0,0,0,0,694,
68,2102,6,3843,1882,1886,Answer: ####-####,,,0.0,0.0,,,,0,0,0,707,
69,1734,6,7425,1985,,####-####,,,0.0,0.0,,,,0,0,0,727,
70,447,2,4573,1995,1996,####-####,,,0.0,0.0,,,,0,0,0,674,
71,3212,2,4882,2009,2010,####-####,,,0.0,0.0,,,,0,0,0,658,
72,2774,8,7701,1988,,####-####,,,0.0,0.0,,,,0,0,0,590,
73,1669,0,283,1981,1981,1981-1981,1981,1981,1.0,1.0,0,0,0.0,0,0,0,658,
74,4453,2,4323,2004,2005,2003-2005,2003,2005,0.6666666666666666,0.6666666666666666,1,0,0.5,0,0,0,724,
75,6283,8,7654,1977,1981,####-####,,,0.0,0.0,,,,0,0,0,691,
76,4794,2,4903,2011,,####-####,,,0.0,0.0,,,,0,0,0,643,
77,2295,0,3,1951,1951,####-####,,,0.0,0.0,,,,0,0,0,670,
78,3315,4,2119,2012,,####-####,,,0.0,0.0,,,,0,0,0,660,
79,2629,8,7712,1968,1990,####-####,,,0.0,0.0,,,,0,0,0,723,
80,1375,0,101,1950,1950,1950-1950,1950,1950,1.0,1.0,0,0,0.0,0,0,0,654,
81,5713,3,5815,2009,,####-####,,,0.0,0.0,,,,0,0,0,692,
82,1313,2,4262,2007,2009,2007-2010,2007,2010,0.75,0.75,0,1,0.5,0,0,0,676,
83,2041,3,5901,1953,,Answer: ####-####,,,0.0,0.0,,,,0,0,0,742,
84,2673,2,4593,2004,,####-####,,,0.0,0.0,,,,0,0,0,712,
85,2066,3,5179,1951,,####-####,,,0.0,0.0,,,,0,0,0,692,
86,3089,4,3151,1933,1961,Answer: 1933-1961,1933,1961,1.0,1.0,0,0,0.0,0,0,0,670,
87,3324,0,79,1984,1984,Answer: 1984-1984,1984,1984,1.0,1.0,0,0,0.0,0,0,0,668,
88,2360,3,5179,1914,,Answer: 1914-1914,1914,1914,0.0,0.0,0,,,0,0,0,708,
89,2673,2,4436,2010,,2007-2008,2007,2008,0.0,0.0,3,,,0,0,0,678,
90,4351,2,4570,2000,2004,2010-2013,2010,2013,-0.35714285714285715,0.07142857142857142,10,9,9.5,0,0,0,696,
91,2737,0,139,1918,1918,Answer: 1918-1918,1918,1918,1.0,1.0,0,0,0.0,0,0,0,672,
92,4300,2,4582,2001,2002,####-####,,,0.0,0.0,,,,0,0,0,706,
93,1592,0,685,1950,1950,1950-1950,1950,1950,1.0,1.0,0,0,0.0,0,0,0,674,
94,7784,8,7665,1911,,Answer: ####-####,,,0.0,0.0,,,,0,0,0,689,
95,627,8,7680,1848,1854,Answer: 1848-1854,1848,1854,1.0,1.0,0,0,0.0,0,0,0,701,
96,6288,7,975,2000,2000,2000-2000,2000,2000,1.0,1.0,0,0,0.0,0,0,0,678,
97,1017,0,608,1972,1972,1972-1972,1972,1972,1.0,1.0,0,0,0.0,0,0,0,654,
98,1045,7,3,1965,1965,1965-1965,1965,1965,1.0,1.0,0,0,0.0,0,0,0,678,
99,3534,4,2663,1949,1993,1949-1993,1949,1993,1.0,1.0,0,0,0.0,0,0,0,660,
100,5931,3,5503,1968,,1968-1968,1968,1968,0.0,0.0,0,,,0,0,0,658,
101,4588,2,4238,1997,1998,1997-1997,1997,1997,0.5,0.5,0,1,0.5,0,0,0,712,
102,5277,3,5179,2004,,1989-1989,1989,1989,0.0,0.0,15,,,0,0,0,710,
103,1720,0,139,1969,1969,1969-1969,1969,1969,1.0,1.0,0,0,0.0,0,0,0,674,
104,4322,2,4358,1994,1995,####-####,,,0.0,0.0,,,,0,0,0,672,
105,4834,2,4769,2007,,2006-2008,2006,2008,0.0,0.0,1,,,0,0,0,736,
106,1348,3,5389,1919,,1933-1933,1933,1933,0.0,0.0,14,,,0,0,0,692,
107,2569,4,1447,1964,,Answer: ####-####,,,0.0,0.0,,,,0,0,0,678,
108,2191,3,5339,1956,,1956-1956,1956,1956,0.0,0.0,0,,,0,0,0,714,
109,4295,2,4547,2007,,####-####,,,0.0,0.0,,,,0,0,0,664,
110,2707,0,199,1948,1948,####-####,,,0.0,0.0,,,,0,0,0,538,
111,1936,0,602,1859,1859,####-####,,,0.0,0.0,,,,0,0,0,696,
112,7773,8,7731,2007,2015,####-####,,,0.0,0.0,,,,0,0,0,719,
113,40,7,7534,2017,2017,2017-2017,2017,2017,1.0,1.0,0,0,0.0,0,0,0,686,
114,3901,7,740,1996,1996,####-####,,,0.0,0.0,,,,0,0,0,676,
115,2295,4,2187,2004,,####-####,,,0.0,0.0,,,,0,0,0,680,
116,4241,2,4995,2014,,####-####,,,0.0,0.0,,,,0,0,0,676,
117,3401,7,55,1958,1958,1958-1958,1958,1958,1.0,1.0,0,0,0.0,0,0,0,664,
118,3580,8,7654,2000,2002,####-####,,,0.0,0.0,,,,0,0,0,689,
119,4328,2,4485,2003,2004,####-####,,,0.0,0.0,,,,0,0,0,678,
120,508,0,30,1952,1952,1952-1952,1952,1952,1.0,1.0,0,0,0.0,0,0,0,644,
121,7601,8,7664,1945,,Answer: ####-####,,,0.0,0.0,,,,0,0,0,615,
122,2077,0,428,1953,1953,1953-1953,1953,1953,1.0,1.0,0,0,0.0,0,0,0,660,
123,412,3,5364,1956,,1941-1941,1941,1941,0.0,0.0,15,,,0,0,0,676,
124,4446,2,5003,2014,,####-####,,,0.0,0.0,,,,0,0,0,666,
125,2700,4,773,1987,2010,####-####,,,0.0,0.0,,,,0,0,0,668,
126,473,0,301,1970,1970,1970-1970,1970,1970,1.0,1.0,0,0,0.0,0,0,0,658,
127,1309,4,2170,2000,,2000-2000,2000,2000,0.0,0.0,0,,,0,0,0,656,
128,5833,3,5525,1964,,Answer: ####-####,,,0.0,0.0,,,,0,0,0,708,
129,3788,7,1094,1999,1999,1999-1999,1999,1999,1.0,1.0,0,0,0.0,0,0,0,682,
130,1765,2,4988,2009,2010,####-####,,,0.0,0.0,,,,0,0,0,660,
131,3240,2,4559,2008,2009,####-####,,,0.0,0.0,,,,0,0,0,660,
132,1003,0,1004,1910,1910,####-####,,,0.0,0.0,,,,0,0,0,666,
133,1479,4,3044,2001,,Answer: 2001-2021,2001,2021,0.0,0.0,0,,,0,0,0,666,
134,4462,2,4559,2005,2006,####-####,,,0.0,0.0,,,,0,0,0,666,
135,4588,2,4803,2000,,Answer: 2007-2009,2007,2009,0.0,0.0,7,,,0,0,0,660,
136,3155,0,299,1967,1967,####-####,,,0.0,0.0,,,,0,0,0,660,
137,3393,1,3816,1965,,####-####,,,0.0,0.0,,,,0,0,0,701,
138,2820,8,7657,2016,,####-####,,,0.0,0.0,,,,0,0,0,566,
139,4144,1,3967,1973,2010,####-####,,,0.0,0.0,,,,0,0,0,677,
140,4723,2,4388,1995,1996,####-####,,,0.0,0.0,,,,0,0,0,656,
141,1951,4,2228,2005,,2005-2005,2005,2005,0.0,0.0,0,,,0,0,0,676,
142,2379,2,4988,2008,2009,####-####,,,0.0,0.0,,,,0,0,0,526,
143,1714,2,4378,1991,1993,1983-1993,1983,1993,0.2727272727272727,0.2727272727272727,8,0,4.0,0,0,0,662,
144,1336,2,4995,2014,,####-####,,,0.0,0.0,,,,0,0,0,678,
145,7689,8,7690,1990,1992,1990-2015,1990,2015,0.11538461538461539,0.11538461538461539,0,23,11.5,0,0,0,707,
146,6176,4,981,1924,1925,####-####,,,0.0,0.0,,,,0,0,0,580,
147,2759,0,542,1943,1943,1943-1943,1943,1943,1.0,1.0,0,0,0.0,0,0,0,688,
148,315,0,316,1969,1969,1969-1969,1969,1969,1.0,1.0,0,0,0.0,0,0,0,666,
149,7451,7,147,1988,1988,1988-1988,1988,1988,1.0,1.0,0,0,0.0,0,0,0,658,
150,2300,2,4372,2003,2005,2007-2008,2007,2008,-0.16666666666666666,0.16666666666666666,4,3,3.5,0,0,0,664,
151,1863,0,9,1930,1930,1930-1930,1930,1930,1.0,1.0,0,0,0.0,0,0,0,662,
152,3341,7,139,1997,1997,Answer: 1997-1997,1997,1997,1.0,1.0,0,0,0.0,0,0,0,676,
153,3176,0,165,1974,1974,1974-1974,1974,1974,1.0,1.0,0,0,0.0,0,0,0,656,
154,4457,2,5152,2011,2013,####-####,,,0.0,0.0,,,,0,0,0,680,
155,1813,8,7739,1979,1985,1979-1985,1979,1985,1.0,1.0,0,0,0.0,0,0,0,689,
156,5234,3,5336,2009,,2009-2009,2009,2009,0.0,0.0,0,,,0,0,0,726,
157,113,2,5084,2011,,####-####,,,0.0,0.0,,,,0,0,0,543,
158,5696,7,39,1937,1937,1937-1937,1937,1937,1.0,1.0,0,0,0.0,0,0,0,654,
159,2499,4,387,2004,,####-####,,,0.0,0.0,,,,0,0,0,678,
160,2024,0,163,1945,1945,1945-1945,1945,1945,1.0,1.0,0,0,0.0,0,0,0,674,
161,4446,2,5011,2009,,2008-2011,2008,2011,0.0,0.0,1,,,0,0,0,728,
162,834,0,292,1988,1988,1988-1988,1988,1988,1.0,1.0,0,0,0.0,0,0,0,650,
163,4464,2,4283,2006,2008,####-####,,,0.0,0.0,,,,0,0,0,708,
164,6165,7,332,2007,2007,2007-2007,2007,2007,1.0,1.0,0,0,0.0,0,0,0,714,
165,4647,2,4914,2010,2012,2009-2012,2009,2012,0.75,0.75,1,0,0.5,0,0,0,716,
166,1551,0,173,1918,1918,1918-1918,1918,1918,1.0,1.0,0,0,0.0,0,0,0,678,
167,1206,0,103,1898,1898,1898-1898,1898,1898,1.0,1.0,0,0,0.0,0,0,0,668,
168,3576,4,2275,1977,,####-####,,,0.0,0.0,,,,0,0,0,670,
169,3145,4,2135,1965,1977,####-####,,,0.0,0.0,,,,0,0,0,686,
170,10,2,4291,2003,2004,2001-2003,2001,2003,0.25,0.25,2,1,1.5,0,0,0,714,
171,5926,3,5160,2005,,Answer: ####-####,,,0.0,0.0,,,,0,0,0,528,
172,2684,4,909,2009,,2009-2009,2009,2009,0.0,0.0,0,,,0,0,0,670,
173,1494,0,83,1933,1933,1933-1933,1933,1933,1.0,1.0,0,0,0.0,0,0,0,648,
174,2956,6,3884,1977,,####-####,,,0.0,0.0,,,,0,0,0,689,
175,1549,6,3870,1974,,####-####,,,0.0,0.0,,,,0,0,0,679,
176,2918,3,5179,1966,,####-####,,,0.0,0.0,,,,0,0,0,722,
177,3349,8,7841,1968,1980,1966-1979,1966,1979,0.8,0.8,2,1,1.5,0,0,0,713,
178,1570,0,139,1969,1969,1969-1969,1969,1969,1.0,1.0,0,0,0.0,0,0,0,664,
179,2658,0,426,1942,1942,1942-1942,1942,1942,1.0,1.0,0,0,0.0,0,0,0,654,
180,4328,2,4769,1997,1998,1998-1998,1998,1998,0.5,0.5,1,0,0.5,0,0,0,712,
181,5915,3,5182,1979,,1979-1979,1979,1979,0.0,0.0,0,,,0,0,0,686,
182,916,4,1534,1971,,####-####,,,0.0,0.0,,,,0,0,0,676,
183,2542,8,7674,1840,1848,1830-1854,1830,1854,0.36,0.36,10,6,8.0,0,0,0,701,
184,1122,0,390,1937,1937,1937-1937,1937,1937,1.0,1.0,0,0,0.0,0,0,0,664,
185,4646,2,4262,2007,2011,1996-2000,1996,2000,-0.375,0.0625,11,11,11.0,0,0,0,680,
186,1027,4,1528,2016,,####-####,,,0.0,0.0,,,,0,0,0,682,
187,4749,2,4323,2006,2007,2005-2007,2005,2007,0.6666666666666666,0.6666666666666666,1,0,0.5,0,0,0,712,
188,3783,8,7697,1919,,Answer: 1922-1940,1922,1940,0.0,0.0,3,,,0,0,0,691,
189,294,3,5195,1973,,Answer: ####-####,,,0.0,0.0,,,,0,0,0,666,
190,5164,3,5377,1888,,1888-1888,1888,1888,0.0,0.0,0,,,0,0,0,680,
191,1769,3,5365,2017,,2011-2011,2011,2011,0.0,0.0,6,,,0,0,0,672,
192,5092,2,4458,1999,2000,####-####,,,0.0,0.0,,,,0,0,0,684,
193,5999,7,667,1939,1939,1939-1939,1939,1939,1.0,1.0,0,0,0.0,0,0,0,546,
194,4263,2,5112,2014,2015,####-####,,,0.0,0.0,,,,0,0,0,666,
195,3593,3,5434,2004,,####-####,,,0.0,0.0,,,,0,0,0,682,
196,1192,0,237,1929,1929,####-####,,,0.0,0.0,,,,0,0,0,666,
197,2934,8,7811,1994,,####-####,,,0.0,0.0,,,,0,0,0,705,
198,132,2,4238,1986,,####-####,,,0.0,0.0,,,,0,0,0,722,
199,3537,0,111,1940,1940,1940-1940,1940,1940,1.0,1.0,0,0,0.0,0,0,0,656,
200,2458,2,4613,2011,,2011-2022,2011,2022,0.0,0.0,0,,,0,0,0,686,
201,6004,4,2298,1972,,Answer: ####-####,,,0.0,0.0,,,,0,0,0,676,
202,4453,2,4435,2014,2015,2013-2014,2013,2014,0.3333333333333333,0.3333333333333333,1,1,1.0,0,0,0,672,
203,4449,2,4246,2007,2011,####-####,,,0.0,0.0,,,,0,0,0,674,
204,1639,3,5479,1977,,1979-1979,1979,1979,0.0,0.0,2,,,0,0,0,690,
205,3515,0,1272,1964,1964,1964-1964,1964,1964,1.0,1.0,0,0,0.0,0,0,0,660,
206,5401,7,1667,1978,1978,1978-1978,1978,1978,1.0,1.0,0,0,0.0,0,0,0,674,
207,4960,2,4870,2002,2004,####-####,,,0.0,0.0,,,,0,0,0,666,
208,2858,3,5322,1980,,####-####,,,0.0,0.0,,,,0,0,0,734,
209,7816,8,7761,1998,2007,Answer: 1998-2007,1998,2007,1.0,1.0,0,0,0.0,0,0,0,691,
210,6224,8,7672,1946,1981,1946-1981,1946,1981,1.0,1.0,0,0,0.0,0,0,0,709,
211,4359,2,4736,2004,2007,####-####,,,0.0,0.0,,,,0,0,0,676,
212,487,6,3870,1908,,####-####,,,0.0,0.0,,,,0,0,0,689,
213,3665,2,4262,2000,2002,Answer: 2000-2001,2000,2001,0.6666666666666666,0.6666666666666666,0,1,0.5,0,0,0,676,
214,4917,2,4412,2010,2011,####-####,,,0.0,0.0,,,,0,0,0,678,
215,1267,3,5467,1968,,1958-1958,1958,1958,0.0,0.0,10,,,0,0,0,668,
216,1986,8,7665,1991,,####-####,,,0.0,0.0,,,,0,0,0,689,
217,5617,3,5249,2002,,Answer: 2001-2001,2001,2001,0.0,0.0,1,,,0,0,0,672,
218,4212,6,3935,1930,,####-####,,,0.0,0.0,,,,0,0,0,683,
219,7535,8,7652,1931,,Answer: 1931-1931,1931,1931,0.0,0.0,0,,,0,0,0,715,
220,2140,2,4504,2013,,Answer: 2007-2007,2007,2007,0.0,0.0,6,,,0,0,0,720,
221,4461,2,4425,2013,2015,####-####,,,0.0,0.0,,,,0,0,0,654,
222,5805,3,5198,1969,,1954-1969,1954,1969,0.0,0.0,15,,,0,0,0,672,
223,2859,0,489,1985,1985,1985-1985,1985,1985,1.0,1.0,0,0,0.0,0,0,0,708,
224,5564,3,5336,2011,,2017-2017,2017,2017,0.0,0.0,6,,,0,0,0,718,
225,1291,8,7657,1984,,####-####,,,0.0,0.0,,,,0,0,0,564,
226,2338,2,4370,2001,2003,####-####,,,0.0,0.0,,,,0,0,0,561,
227,3838,3,5198,1983,,2003-2003,2003,2003,0.0,0.0,20,,,0,0,0,664,
228,2057,0,28,1938,1938,1938-1938,1938,1938,1.0,1.0,0,0,0.0,0,0,0,652,
229,1850,3,5387,1966,,1966-1966,1966,1966,0.0,0.0,0,,,0,0,0,708,
230,2181,3,5309,1993,,####-####,,,0.0,0.0,,,,0,0,0,738,
231,4595,2,4378,2000,2002,1995-1996,1995,1996,-0.375,0.125,5,6,5.5,0,0,0,666,
232,6261,7,139,1973,1973,1973-1973,1973,1973,1.0,1.0,0,0,0.0,0,0,0,658,
233,3740,2,4621,2015,,####-####,,,0.0,0.0,,,,0,0,0,676,
234,3410,0,240,1911,1911,Answer: 1911-1911,1911,1911,1.0,1.0,0,0,0.0,0,0,0,678,
235,5850,7,399,1972,1972,1972-1972,1972,1972,1.0,1.0,0,0,0.0,0,0,0,674,
236,1456,8,7653,1975,,####-####,,,0.0,0.0,,,,0,0,0,594,
237,1127,2,4317,2000,2004,####-####,,,0.0,0.0,,,,0,0,0,658,
238,2860,2,4509,2000,2001,####-####,,,0.0,0.0,,,,0,0,0,658,
239,3273,4,62,1963,,####-####,,,0.0,0.0,,,,0,0,0,666,
240,2855,4,1567,2012,,####-####,,,0.0,0.0,,,,0,0,0,674,
241,511,2,4236,2006,2007,2005-2007,2005,2007,0.6666666666666666,0.6666666666666666,1,0,0.5,0,0,0,710,
242,707,4,695,2017,,2017-2017,2017,2017,0.0,0.0,0,,,0,0,0,672,
243,5526,3,5727,1815,,Answer: ####-####,,,0.0,0.0,,,,0,0,0,726,
244,5283,3,5397,1830,,1808-1808,1808,1808,0.0,0.0,22,,,0,0,0,589,
245,1424,0,1425,1871,1871,1871-1871,1871,1871,1.0,1.0,0,0,0.0,0,0,0,682,
246,4308,2,4309,2011,,####-####,,,0.0,0.0,,,,0,0,0,690,
247,159,3,5387,1977,,1968-1968,1968,1968,0.0,0.0,9,,,0,0,0,702,
248,7857,8,7761,1998,2007,1998-2007,1998,2007,1.0,1.0,0,0,0.0,0,0,0,697,
249,4583,2,4721,1978,1980,1987-1988,1987,1988,-0.5454545454545454,0.09090909090909091,9,8,8.5,0,0,0,676,
250,7798,8,7665,1917,,####-####,,,0.0,0.0,,,,0,0,0,739,
251,3740,2,4871,2016,,####-####,,,0.0,0.0,,,,0,0,0,680,
252,3434,0,674,1942,1942,1942-1942,1942,1942,1.0,1.0,0,0,0.0,0,0,0,664,
253,2080,4,378,2014,,2014-2014,2014,2014,0.0,0.0,0,,,0,0,0,676,
254,5965,3,5160,1973,,1973-1973,1973,1973,0.0,0.0,0,,,0,0,0,668,
255,3135,3,5172,1983,,1995-1995,1995,1995,0.0,0.0,12,,,0,0,0,700,
256,6029,4,6030,2011,,####-####,,,0.0,0.0,,,,0,0,0,668,
257,3050,8,7659,1974,,####-####,,,0.0,0.0,,,,0,0,0,741,
258,450,2,4973,1989,1990,####-####,,,0.0,0.0,,,,0,0,0,690,
259,483,4,2625,1928,1985,####-####,,,0.0,0.0,,,,0,0,0,686,
260,1906,7,2518,2005,2005,2005-2005,2005,2005,1.0,1.0,0,0,0.0,0,0,0,676,
261,3338,4,3476,1975,,####-####,,,0.0,0.0,,,,0,0,0,692,
262,688,0,83,1949,1949,1949-1949,1949,1949,1.0,1.0,0,0,0.0,0,0,0,658,
263,5895,3,5206,1969,1945,1969-1969,1969,1969,0.04,0.04,0,24,12.0,0,0,0,696,
264,3239,8,7654,1965,1984,####-####,,,0.0,0.0,,,,0,0,0,689,
265,5741,3,5665,2001,,2011-2011,2011,2011,0.0,0.0,10,,,0,0,0,680,
266,4594,2,4582,2000,,####-####,,,0.0,0.0,,,,0,0,0,674,
267,2047,0,928,1952,1952,####-####,,,0.0,0.0,,,,0,0,0,686,
268,3219,0,125,1932,1932,1932-1932,1932,1932,1.0,1.0,0,0,0.0,0,0,0,658,
269,3658,0,30,1914,1914,1914-1914,1914,1914,1.0,1.0,0,0,0.0,0,0,0,648,
270,807,6,3836,1989,1993,####-####,,,0.0,0.0,,,,0,0,0,687,
271,2026,4,2941,1985,,####-####,,,0.0,0.0,,,,0,0,0,676,
272,693,2,5107,2011,2012,####-####,,,0.0,0.0,,,,0,0,0,670,
273,5761,3,5339,1978,,1978-1978,1978,1978,0.0,0.0,0,,,0,0,0,700,
274,3499,3,5474,2001,,2001-2001,2001,2001,0.0,0.0,0,,,0,0,0,698,
275,1128,3,5521,1945,,####-####,,,0.0,0.0,,,,0,0,0,690,
276,1356,3,5198,2000,,####-####,,,0.0,0.0,,,,0,0,0,684,
277,3012,0,139,1933,1933,1933-1933,1933,1933,1.0,1.0,0,0,0.0,0,0,0,676,
278,2776,4,1964,2005,2015,Answer: ####-####,,,0.0,0.0,,,,0,0,0,668,
279,2724,3,5179,1977,,1977-1977,1977,1977,0.0,0.0,0,,,0,0,0,708,
280,2747,4,3156,2003,,2003-2003,2003,2003,0.0,0.0,0,,,0,0,0,664,
281,457,2,4283,1987,1991,####-####,,,0.0,0.0,,,,0,0,0,656,
282,4660,2,4542,2014,,####-####,,,0.0,0.0,,,,0,0,0,664,
283,4816,2,4249,2004,2006,2007-2008,2007,2008,0.0,0.2,3,2,2.5,0,0,0,694,
284,5210,3,5211,1987,,####-####,,,0.0,0.0,,,,0,0,0,670,
285,2691,7,605,1992,1992,1992-1992,1992,1992,1.0,1.0,0,0,0.0,0,0,0,716,
286,4255,2,4259,2011,2013,####-####,,,0.0,0.0,,,,0,0,0,672,
287,1758,2,4556,2009,,####-####,,,0.0,0.0,,,,0,0,0,676,
288,1748,2,4769,2005,2006,2005-2006,2005,2006,1.0,1.0,0,0,0.0,0,0,0,722,
289,1733,4,76,1947,,Answer: ####-####,,,0.0,0.0,,,,0,0,0,674,
290,2812,0,351,1954,1954,1954-1954,1954,1954,1.0,1.0,0,0,0.0,0,0,0,684,
291,6519,5,6675,1976,1999,1976-1999,1976,1999,1.0,1.0,0,0,0.0,0,0,0,653,
292,1635,3,5525,2012,,####-####,,,0.0,0.0,,,,0,0,0,710,
293,5157,6,4180,1937,1942,Answer: 1942-1942,1942,1942,0.16666666666666666,0.16666666666666666,5,0,2.5,0,0,0,693,
294,2177,2,4871,2005,2006,2006-2007,2006,2007,0.3333333333333333,0.3333333333333333,1,1,1.0,0,0,0,694,
295,3554,0,667,1944,1944,####-####,,,0.0,0.0,,,,0,0,0,572,
296,450,2,5133,1999,,1997-1999,1997,1999,0.0,0.0,2,,,0,0,0,656,
297,2839,3,5198,1914,,1926-1926,1926,1926,0.0,0.0,12,,,0,0,0,680,
298,2345,0,2322,1864,1864,####-####,,,0.0,0.0,,,,0,0,0,682,
299,3541,3,5172,1988,,1988-1988,1988,1988,0.0,0.0,0,,,0,0,0,698,
300,7577,8,7696,1936,,Answer: 1943-1960,1943,1960,0.0,0.0,7,,,0,0,0,701,
301,4617,2,4846,1976,1979,Answer: 1986-1991,1986,1991,-0.375,0.0625,10,12,11.0,0,0,0,680,
302,4689,2,4830,2007,,2018-2018,2018,2018,0.0,0.0,11,,,0,0,0,670,
303,4749,2,4283,2013,2016,####-####,,,0.0,0.0,,,,0,0,0,656,
304,6101,4,1879,1953,1958,1953-1958,1953,1958,1.0,1.0,0,0,0.0,0,0,0,670,
305,2661,0,101,1989,1989,####-####,,,0.0,0.0,,,,0,0,0,654,
306,4269,2,4989,,2003,####-####,,,0.0,0.0,,,,0,0,0,587,
307,3399,3,5563,1790,1806,1796-1796,1796,1796,0.058823529411764705,0.058823529411764705,6,10,8.0,0,0,0,712,
308,724,3,5237,1975,,####-####,,,0.0,0.0,,,,0,0,0,678,
309,1582,4,561,1974,1977,####-####,,,0.0,0.0,,,,0,0,0,670,
310,4581,2,4596,1992,1994,1989-1992,1989,1992,0.16666666666666666,0.16666666666666666,3,2,2.5,0,0,0,718,
311,5462,3,5307,1958,,1958-1958,1958,1958,0.0,0.0,0,,,0,0,0,724,
312,2302,8,7733,2013,,2013-2018,2013,2018,0.0,0.0,0,,,0,0,0,605,
313,771,0,139,1908,1908,1908-1908,1908,1908,1.0,1.0,0,0,0.0,0,0,0,666,
314,1194,2,4818,2004,2005,####-####,,,0.0,0.0,,,,0,0,0,692,
315,3541,3,5796,1951,,1951-1951,1951,1951,0.0,0.0,0,,,0,0,0,692,
316,7805,8,7736,1916,,1916-1917,1916,1917,0.0,0.0,0,,,0,0,0,695,
317,4423,2,4504,2009,,2013-2014,2013,2014,0.0,0.0,4,,,0,0,0,696,
318,3070,0,83,1913,1913,1913-1913,1913,1913,1.0,1.0,0,0,0.0,0,0,0,664,
319,4964,2,4786,2007,2009,2013-2014,2013,2014,-0.375,0.125,6,5,5.5,0,0,0,666,
320,498,2,4997,1997,,1995-1997,1995,1997,0.0,0.0,2,,,0,0,0,724,
321,1883,3,5538,1996,,1996-1996,1996,1996,0.0,0.0,0,,,0,0,0,720,
322,4917,2,4348,2005,,2005-2006,2005,2006,0.0,0.0,0,,,0,0,0,728,
323,6177,4,2358,1935,1943,1935-1943,1935,1943,1.0,1.0,0,0,0.0,0,0,0,670,
324,2052,8,7665,1893,1909,1890-1947,1890,1947,0.29310344827586204,0.29310344827586204,3,38,20.5,0,0,0,715,
325,3275,2,4324,2002,2003,2001-2003,2001,2003,0.6666666666666666,0.6666666666666666,1,0,0.5,0,0,0,754,
326,2982,4,3617,1994,,1994-2021,1994,2021,0.0,0.0,0,,,0,0,0,664,
327,815,7,848,1916,1916,1916-1916,1916,1916,1.0,1.0,0,0,0.0,0,0,0,654,
328,2717,4,3360,1953,2016,####-####,,,0.0,0.0,,,,0,0,0,676,
329,1747,2,4443,2007,2008,####-####,,,0.0,0.0,,,,0,0,0,664,
330,4069,7,1829,1992,1992,1992-1992,1992,1992,1.0,1.0,0,0,0.0,0,0,0,656,
331,3449,4,3729,1975,,####-####,,,0.0,0.0,,,,0,0,0,662,
332,4611,2,4456,1994,1996,Answer: ####-####,,,0.0,0.0,,,,0,0,0,531,
333,5556,3,5261,1940,,1938-1938,1938,1938,0.0,0.0,2,,,0,0,0,730,
334,4746,2,4242,2011,2014,####-####,,,0.0,0.0,,,,0,0,0,654,
335,6799,6,3886,1924,,####-####,,,0.0,0.0,,,,0,0,0,675,
336,1420,3,5307,1973,,1973-1973,1973,1973,0.0,0.0,0,,,0,0,0,728,
337,2598,4,2787,1930,,####-####,,,0.0,0.0,,,,0,0,0,672,
338,2076,2,4509,2012,2013,####-####,,,0.0,0.0,,,,0,0,0,690,
339,2386,3,5589,1971,,Answer: 1971-1971,1971,1971,0.0,0.0,0,,,0,0,0,712,
340,433,0,386,1931,1931,1931-1931,1931,1931,1.0,1.0,0,0,0.0,0,0,0,654,
341,3680,0,1641,1969,1969,1969-1969,1969,1969,1.0,1.0,0,0,0.0,0,0,0,658,
342,6125,4,3378,1966,1994,1966-1994,1966,1994,1.0,1.0,0,0,0.0,0,0,0,672,
343,6239,7,133,2005,2005,2005-2005,2005,2005,1.0,1.0,0,0,0.0,0,0,0,666,
344,6225,4,2196,1954,,####-####,,,0.0,0.0,,,,0,0,0,674,
345,5841,3,5899,1999,,1995-1995,1995,1995,0.0,0.0,4,,,0,0,0,682,
346,7597,8,7652,1931,,1931-1945,1931,1945,0.0,0.0,0,,,0,0,0,689,
347,4036,6,3848,1998,,####-####,,,0.0,0.0,,,,0,0,0,695,
348,7518,8,7658,2000,2003,####-####,,,0.0,0.0,,,,0,0,0,715,
349,4548,2,4714,1991,1994,2000-2001,2000,2001,-0.45454545454545453,0.09090909090909091,9,7,8.0,0,0,0,658,
350,1086,0,168,1958,1958,1958-1958,1958,1958,1.0,1.0,0,0,0.0,0,0,0,696,
351,3222,2,4722,2005,,####-####,,,0.0,0.0,,,,0,0,0,722,
352,3649,4,2463,1975,,1975-1975,1975,1975,0.0,0.0,0,,,0,0,0,664,
353,3416,4,6073,1947,,####-####,,,0.0,0.0,,,,0,0,0,678,
354,3467,6,3937,1925,,1922-1922,1922,1922,0.0,0.0,3,,,0,0,0,737,
355,5663,3,5328,2005,,####-####,,,0.0,0.0,,,,0,0,0,664,
356,891,0,892,1980,1980,1980-1980,1980,1980,1.0,1.0,0,0,0.0,0,0,0,666,
357,4255,2,4642,2005,2007,####-####,,,0.0,0.0,,,,0,0,0,682,
358,2902,3,5204,1948,,Answer: 1947-1947,1947,1947,0.0,0.0,1,,,0,0,0,694,
359,5203,3,5204,1979,,Answer: ####-####,,,0.0,0.0,,,,0,0,0,694,
360,3051,4,714,1993,1994,1993-1994,1993,1994,1.0,1.0,0,0,0.0,0,0,0,678,
361,6304,4,3732,1962,1988,####-####,,,0.0,0.0,,,,0,0,0,678,
362,3974,6,3865,1977,,####-####,,,0.0,0.0,,,,0,0,0,691,
363,6111,7,7503,1958,1958,1958-1958,1958,1958,1.0,1.0,0,0,0.0,0,0,0,698,
364,1931,3,5281,1997,,1997-1997,1997,1997,0.0,0.0,0,,,0,0,0,724,
365,2327,0,390,1947,1947,####-####,,,0.0,0.0,,,,0,0,0,670,
366,2973,3,5172,1988,,1977-1977,1977,1977,0.0,0.0,11,,,0,0,0,710,
367,1748,2,5124,2012,2013,####-####,,,0.0,0.0,,,,0,0,0,672,
368,4328,2,4366,2000,,####-####,,,0.0,0.0,,,,0,0,0,656,
369,2795,2,4984,2010,2014,####-####,,,0.0,0.0,,,,0,0,0,668,
370,3065,7,105,1988,1988,1988-1988,1988,1988,1.0,1.0,0,0,0.0,0,0,0,680,
371,960,0,103,1937,1937,####-####,,,0.0,0.0,,,,0,0,0,652,
372,242,2,4977,1988,1998,1986-1996,1986,1996,0.6923076923076923,0.6923076923076923,2,2,2.0,0,0,0,770,
373,5937,3,5542,1999,,1999-1999,1999,1999,0.0,0.0,0,,,0,0,0,664,
374,2621,0,39,1937,1937,1937-1937,1937,1937,1.0,1.0,0,0,0.0,0,0,0,654,
375,4744,2,4422,2007,2010,####-####,,,0.0,0.0,,,,0,0,0,670,
376,263,3,5443,2013,,Answer: ####-####,,,0.0,0.0,,,,0,0,0,728,
377,3022,0,69,1961,1961,####-####,,,0.0,0.0,,,,0,0,0,662,
378,1599,4,2592,1957,2012,####-####,,,0.0,0.0,,,,0,0,0,674,
379,4383,2,4596,1989,1991,####-####,,,0.0,0.0,,,,0,0,0,581,
380,1782,4,6002,1956,1959,####-####,,,0.0,0.0,,,,0,0,0,668,
381,3593,0,1603,1973,1973,####-####,,,0.0,0.0,,,,0,0,0,664,
382,4245,2,4853,2007,2008,2005-2008,2005,2008,0.5,0.5,2,0,1.0,0,0,0,722,
383,1113,0,103,1894,1894,####-####,,,0.0,0.0,,,,0,0,0,652,
384,851,0,852,1965,1965,1965-1965,1965,1965,1.0,1.0,0,0,0.0,0,0,0,664,
385,1427,0,1428,1956,1956,####-####,,,0.0,0.0,,,,0,0,0,650,
386,7763,8,7833,1992,2001,####-####,,,0.0,0.0,,,,0,0,0,683,
387,5778,7,599,1997,1997,####-####,,,0.0,0.0,,,,0,0,0,672,
388,4459,2,4460,2016,,2014-2015,2014,2015,0.0,0.0,2,,,0,0,0,684,
389,2350,7,555,1965,1965,1965-1965,1965,1965,1.0,1.0,0,0,0.0,0,0,0,648,
390,4398,2,4956,2000,,####-####,,,0.0,0.0,,,,0,0,0,680,
391,4790,2,4445,2001,2002,####-####,,,0.0,0.0,,,,0,0,0,656,
392,3087,3,5238,2009,,####-####,,,0.0,0.0,,,,0,0,0,690,
393,1490,3,5243,1967,,1960-1960,1960,1960,0.0,0.0,7,,,0,0,0,764,
394,5873,3,5874,1998,,####-####,,,0.0,0.0,,,,0,0,0,702,
395,340,3,5193,1976,,####-####,,,0.0,0.0,,,,0,0,0,662,
396,3366,0,133,1970,1970,1970-1970,1970,1970,1.0,1.0,0,0,0.0,0,0,0,732,
397,3600,2,4476,1988,,1988-1989,1988,1989,0.0,0.0,0,,,0,0,0,778,
398,5830,3,5172,1974,,1982-1982,1982,1982,0.0,0.0,8,,,0,0,0,708,
399,472,0,129,1944,1944,1940-1940,1940,1940,-0.6,0.2,4,4,4.0,0,0,0,664,
400,3632,0,456,1926,1926,Answer: 1926-1926,1926,1926,1.0,1.0,0,0,0.0,0,0,0,742,
401,3374,2,4994,2010,,####-####,,,0.0,0.0,,,,0,0,0,682,
402,2866,4,2827,2000,2007,####-####,,,0.0,0.0,,,,0,0,0,680,
403,2623,8,7661,1990,,1990-1997,1990,1997,0.0,0.0,0,,,0,0,0,747,
404,899,4,3551,1969,1988,####-####,,,0.0,0.0,,,,0,0,0,668,
405,238,0,83,1950,1950,1950-1950,1950,1950,1.0,1.0,0,0,0.0,0,0,0,684,
406,3142,4,3269,2015,,####-####,,,0.0,0.0,,,,0,0,0,656,
407,4998,2,4880,2010,,####-####,,,0.0,0.0,,,,0,0,0,694,
408,1488,0,9,1925,1925,1925-1925,1925,1925,1.0,1.0,0,0,0.0,0,0,0,666,
409,7471,6,4033,1974,,####-####,,,0.0,0.0,,,,0,0,0,699,
410,3135,3,5667,1989,,####-####,,,0.0,0.0,,,,0,0,0,684,
411,3600,2,4360,1999,2000,####-####,,,0.0,0.0,,,,0,0,0,708,
412,2878,3,5248,1986,,1986-1986,1986,1986,0.0,0.0,0,,,0,0,0,674,
413,3146,4,1571,2011,,2011-2011,2011,2011,0.0,0.0,0,,,0,0,0,674,
414,1188,4,922,2008,2013,2008-2013,2008,2013,1.0,1.0,0,0,0.0,0,0,0,662,
415,4440,2,4947,1999,,####-####,,,0.0,0.0,,,,0,0,0,656,
416,5862,3,5815,1986,,####-####,,,0.0,0.0,,,,0,0,0,692,
417,4510,2,4511,2006,2007,Answer: ####-####,,,0.0,0.0,,,,0,0,0,710,
418,406,3,5179,1963,,####-####,,,0.0,0.0,,,,0,0,0,694,
419,1960,0,147,1909,1909,1909-1909,1909,1909,1.0,1.0,0,0,0.0,0,0,0,656,
420,1067,2,4685,2007,,####-####,,,0.0,0.0,,,,0,0,0,758,
421,3173,6,3937,1977,,####-####,,,0.0,0.0,,,,0,0,0,717,
422,4760,2,4849,2009,2012,Answer: 2012-2016,2012,2016,0.125,0.125,3,4,3.5,0,0,0,662,
423,2510,0,705,1928,1928,1928-1928,1928,1928,1.0,1.0,0,0,0.0,0,0,0,652,
424,4499,2,4821,2008,2009,Answer: ####-####,,,0.0,0.0,,,,0,0,0,572,
425,5900,3,5179,1998,,1977-1977,1977,1977,0.0,0.0,21,,,0,0,0,702,
426,3428,0,764,1928,1928,####-####,,,0.0,0.0,,,,0,0,0,692,
427,2085,2,4955,2004,2005,####-####,,,0.0,0.0,,,,0,0,0,664,
428,3710,0,139,1946,1946,1946-1946,1946,1946,1.0,1.0,0,0,0.0,0,0,0,662,
429,4881,2,4793,2005,2006,####-####,,,0.0,0.0,,,,0,0,0,664,
430,7814,8,7653,1848,1864,####-####,,,0.0,0.0,,,,0,0,0,707,
431,6216,7,975,1981,1981,1981-1981,1981,1981,1.0,1.0,0,0,0.0,0,0,0,666,
432,3553,0,265,1974,1974,1974-1974,1974,1974,1.0,1.0,0,0,0.0,0,0,0,644,
433,3094,2,4472,2009,2012,2009-2012,2009,2012,1.0,1.0,0,0,0.0,0,0,0,736,
434,5108,2,4699,2012,2013,####-####,,,0.0,0.0,,,,0,0,0,664,
435,1625,8,7781,1917,,1917-1931,1917,1931,0.0,0.0,0,,,0,0,0,741,
436,219,2,4596,2007,2009,####-####,,,0.0,0.0,,,,0,0,0,750,
437,4839,2,4661,1993,,####-####,,,0.0,0.0,,,,0,0,0,720,
438,3314,4,2806,1945,1948,1949-1952,1949,1952,0.0,0.125,4,4,4.0,0,0,0,678,
439,3299,0,199,1962,1962,Answer: ####-####,,,0.0,0.0,,,,0,0,0,526,
440,3393,0,542,1940,1940,1940-1940,1940,1940,1.0,1.0,0,0,0.0,0,0,0,676,
441,4298,2,4285,1999,2001,Answer: 2007-2009,2007,2009,-0.45454545454545453,0.09090909090909091,8,8,8.0,0,0,0,664,
442,3240,2,4933,2010,2011,####-####,,,0.0,0.0,,,,0,0,0,670,
443,1491,6,3913,1962,,####-####,,,0.0,0.0,,,,0,0,0,705,
444,6293,4,6294,1939,,1940-1998,1940,1998,0.0,0.0,1,,,0,0,0,690,
445,5255,3,5535,1989,,1999-1999,1999,1999,0.0,0.0,10,,,0,0,0,704,
446,5436,3,5348,1985,,2008-2008,2008,2008,0.0,0.0,23,,,0,0,0,700,
447,7484,6,7479,1911,1914,####-####,,,0.0,0.0,,,,0,0,0,687,
448,1858,3,5527,2001,,####-####,,,0.0,0.0,,,,0,0,0,538,
449,4707,2,4882,2001,2003,####-####,,,0.0,0.0,,,,0,0,0,666,
450,3558,0,43,1983,1983,1983-1983,1983,1983,1.0,1.0,0,0,0.0,0,0,0,674,
451,788,2,4734,2002,2009,Answer: 2002-2010,2002,2010,0.8888888888888888,0.8888888888888888,0,1,0.5,0,0,0,698,
452,2987,7,1493,1969,1969,1969-1969,1969,1969,1.0,1.0,0,0,0.0,0,0,0,644,
453,5306,3,5307,1996,,1996-1996,1996,1996,0.0,0.0,0,,,0,0,0,730,
454,4820,2,4541,2013,2014,2014-2016,2014,2016,0.25,0.25,1,2,1.5,0,0,0,656,
455,4282,2,4259,1999,,####-####,,,0.0,0.0,,,,0,0,0,718,
456,5451,3,5256,1902,,1903-1903,1903,1903,0.0,0.0,1,,,0,0,0,670,
457,4826,2,4773,2001,2004,####-####,,,0.0,0.0,,,,0,0,0,668,
458,558,0,559,1985,1985,####-####,,,0.0,0.0,,,,0,0,0,688,
459,4597,2,5011,1997,1999,####-####,,,0.0,0.0,,,,0,0,0,724,
460,572,0,573,1934,1934,1934-1934,1934,1934,1.0,1.0,0,0,0.0,0,0,0,664,
461,2646,7,1674,1987,1987,1987-1987,1987,1987,1.0,1.0,0,0,0.0,0,0,0,694,
462,3996,3,5173,1970,,####-####,,,0.0,0.0,,,,0,0,0,740,
463,5705,3,5275,2000,,Answer: 1987-1987,1987,1987,0.0,0.0,13,,,0,0,0,696,
464,2993,0,674,1935,1935,1935-1935,1935,1935,1.0,1.0,0,0,0.0,0,0,0,660,
465,4647,2,5130,2009,2010,2008-2010,2008,2010,0.6666666666666666,0.6666666666666666,1,0,0.5,0,0,0,716,
466,1299,4,2954,1973,2008,Answer: ####-####,,,0.0,0.0,,,,0,0,0,688,
467,1196,4,2485,1926,1934,####-####,,,0.0,0.0,,,,0,0,0,680,
468,1011,3,5268,1964,,1966-1966,1966,1966,0.0,0.0,2,,,0,0,0,698,
469,3254,0,419,1942,1942,1942-1942,1942,1942,1.0,1.0,0,0,0.0,0,0,0,686,
470,3032,8,7652,1940,,Answer: 1940-1945,1940,1945,0.0,0.0,0,,,0,0,0,743,
471,5629,3,5170,2003,,####-####,,,0.0,0.0,,,,0,0,0,678,
472,3507,0,133,1883,1883,1883-1883,1883,1883,1.0,1.0,0,0,0.0,0,0,0,654,
473,4732,2,4246,2012,2013,####-####,,,0.0,0.0,,,,0,0,0,674,
474,803,7,111,1999,1999,1999-1999,1999,1999,1.0,1.0,0,0,0.0,0,0,0,658,
475,1214,4,6033,2005,2006,####-####,,,0.0,0.0,,,,0,0,0,672,
476,2651,8,7653,1946,1962,####-1962,1962,1962,0.058823529411764705,0.058823529411764705,16,0,8.0,0,0,0,709,
477,1252,4,506,2015,,####-####,,,0.0,0.0,,,,0,0,0,654,
478,5570,3,5571,2003,,Answer: 2004-2004,2004,2004,0.0,0.0,1,,,0,0,0,676,
479,1015,7,79,1998,1998,1998-1998,1998,1998,1.0,1.0,0,0,0.0,0,0,0,658,
480,527,2,4356,1998,1999,####-####,,,0.0,0.0,,,,0,0,0,660,
481,2948,3,5467,1994,,Answer: ####-####,,,0.0,0.0,,,,0,0,0,670,
482,2029,2,4537,2013,2014,####-####,,,0.0,0.0,,,,0,0,0,674,
483,4957,2,5053,2002,2003,2000-2003,2000,2003,0.5,0.5,2,0,1.0,0,0,0,732,
484,1261,6,7482,1942,1950,####-####,,,0.0,0.0,,,,0,0,0,683,
485,3725,2,4273,2003,,2000-2001,2000,2001,0.0,0.0,3,,,0,0,0,672,
486,1343,2,4491,2009,2012,2009-2010,2009,2010,0.5,0.5,0,2,1.0,0,0,0,666,
487,4500,2,4436,2008,2009,####-####,,,0.0,0.0,,,,0,0,0,684,
488,4673,2,4758,2014,2015,2013-2015,2013,2015,0.6666666666666666,0.6666666666666666,1,0,0.5,0,0,0,674,
489,552,7,3,1981,1981,####-####,,,0.0,0.0,,,,0,0,0,680,
490,3724,3,5172,1990,,####-####,,,0.0,0.0,,,,0,0,0,698,
491,5846,3,5847,2010,,####-####,,,0.0,0.0,,,,0,0,0,690,
492,2809,0,2810,1941,1941,1941-1941,1941,1941,1.0,1.0,0,0,0.0,0,0,0,676,
493,3561,3,5215,2002,,####-####,,,0.0,0.0,,,,0,0,0,696,
494,2834,0,2835,1947,1947,####-####,,,0.0,0.0,,,,0,0,0,654,
495,3730,6,3924,1953,1955,1955-1955,1955,1955,0.3333333333333333,0.3333333333333333,2,0,1.0,0,0,0,721,
496,3096,6,3957,1971,1973,####-####,,,0.0,0.0,,,,0,0,0,699,
497,2324,1,3967,1936,1941,Answer: ####-####,,,0.0,0.0,,,,0,0,0,681,
498,2204,3,5172,1965,,Answer: 1968-1968,1968,1968,0.0,0.0,3,,,0,0,0,692,
499,747,4,100,1949,1953,1949-1953,1949,1953,1.0,1.0,0,0,0.0,0,0,0,674,
500,3212,2,4275,2000,2002,####-####,,,0.0,0.0,,,,0,0,0,668,
501,1034,0,3,1937,1937,####-####,,,0.0,0.0,,,,0,0,0,694,
502,7732,8,7739,1980,1985,####-####,,,0.0,0.0,,,,0,0,0,703,
503,997,0,959,1957,1957,1957-1957,1957,1957,1.0,1.0,0,0,0.0,0,0,0,666,
504,98,0,99,1930,1930,1930-1930,1930,1930,1.0,1.0,0,0,0.0,0,0,0,682,
505,50,4,464,2005,,####-####,,,0.0,0.0,,,,0,0,0,666,
506,4864,2,4439,2011,2012,####-####,,,0.0,0.0,,,,0,0,0,678,
507,3666,0,1156,1986,1986,1986-1986,1986,1986,1.0,1.0,0,0,0.0,0,0,0,672,
508,3014,7,1807,1974,1974,1974-1974,1974,1974,1.0,1.0,0,0,0.0,0,0,0,646,
509,3382,0,390,1938,1938,1938-1938,1938,1938,1.0,1.0,0,0,0.0,0,0,0,672,
510,1736,8,7659,1988,,####-####,,,0.0,0.0,,,,0,0,0,711,
511,1081,7,388,1981,1981,1981-1981,1981,1981,1.0,1.0,0,0,0.0,0,0,0,636,
512,4467,2,4430,2003,2006,####-####,,,0.0,0.0,,,,0,0,0,662,
513,5304,3,5235,1999,,1999-1999,1999,1999,0.0,0.0,0,,,0,0,0,668,
514,2142,3,5227,1993,,1993-1993,1993,1993,0.0,0.0,0,,,0,0,0,674,
515,2138,2,4586,1997,,1995-1997,1995,1997,0.0,0.0,2,,,0,0,0,764,
516,5251,3,5513,1972,,Answer: 1963-1963,1963,1963,0.0,0.0,9,,,0,0,0,682,
517,389,0,390,1979,1979,1979-1979,1979,1979,1.0,1.0,0,0,0.0,0,0,0,670,
518,2360,0,845,1875,1875,1875-1875,1875,1875,1.0,1.0,0,0,0.0,0,0,0,670,
519,1843,0,1844,1915,1915,####-####,,,0.0,0.0,,,,0,0,0,676,
520,4911,2,4863,2007,2010,####-####,,,0.0,0.0,,,,0,0,0,672,
521,3224,2,4632,2014,,2014-2014,2014,2014,0.0,0.0,0,,,0,0,0,696,
522,1794,0,301,1926,1926,1926-1926,1926,1926,1.0,1.0,0,0,0.0,0,0,0,660,
523,1237,2,4377,2007,,####-####,,,0.0,0.0,,,,0,0,0,660,
524,3374,2,4680,2012,2013,####-####,,,0.0,0.0,,,,0,0,0,676,
525,1449,4,3296,1985,1998,1999-2009,1999,2009,0.0,0.04,14,11,12.5,0,0,0,678,
526,3150,0,559,1981,1981,1981-1981,1981,1981,1.0,1.0,0,0,0.0,0,0,0,676,
527,4795,2,5094,2011,,####-####,,,0.0,0.0,,,,0,0,0,670,
528,4473,2,4238,1996,1998,1997-1997,1997,1997,0.3333333333333333,0.3333333333333333,1,1,1.0,0,0,0,732,
529,4957,2,4590,2015,,2016-2018,2016,2018,0.0,0.0,1,,,0,0,0,670,
530,2764,0,925,1966,1966,1966-1966,1966,1966,1.0,1.0,0,0,0.0,0,0,0,666,
531,511,2,4589,2009,,2008-2010,2008,2010,0.0,0.0,1,,,0,0,0,710,
532,3295,0,83,1922,1922,1922-1922,1922,1922,1.0,1.0,0,0,0.0,0,0,0,658,
533,7546,8,7736,1917,1924,1921-1922,1921,1922,0.25,0.25,4,2,3.0,0,0,0,721,
534,3134,3,5378,1980,,1979-1979,1979,1979,0.0,0.0,1,,,0,0,0,688,
535,4780,2,4729,2009,,####-####,,,0.0,0.0,,,,0,0,0,668,
536,581,8,7701,1988,,####-####,,,0.0,0.0,,,,0,0,0,697,
537,3170,3,5179,1980,,Answer: ####-####,,,0.0,0.0,,,,0,0,0,692,
538,2271,3,5246,2008,,Answer: 2004-2004,2004,2004,0.0,0.0,4,,,0,0,0,704,
539,2566,0,1204,1958,1958,1958-1958,1958,1958,1.0,1.0,0,0,0.0,0,0,0,720,
540,1586,7,103,2016,2016,2016-2016,2016,2016,1.0,1.0,0,0,0.0,0,0,0,644,
541,2897,8,7711,2001,2007,####-####,,,0.0,0.0,,,,0,0,0,711,
542,211,0,212,1632,1632,1632-1632,1632,1632,1.0,1.0,0,0,0.0,0,0,0,666,
543,3696,3,5214,2010,,2010-2010,2010,2010,0.0,0.0,0,,,0,0,0,519,
544,4858,2,4800,1988,1992,1991-1994,1991,1994,0.2857142857142857,0.2857142857142857,3,2,2.5,0,0,0,662,
545,2942,0,103,1967,1967,Answer: 1967-1967,1967,1967,1.0,1.0,0,0,0.0,0,0,0,672,
546,4960,2,4567,2004,2005,####-####,,,0.0,0.0,,,,0,0,0,672,
547,4965,2,4769,2010,,2009-2011,2009,2011,0.0,0.0,1,,,0,0,0,714,
548,4611,2,4612,2002,2004,####-####,,,0.0,0.0,,,,0,0,0,533,
549,6243,4,3252,1938,1948,####-####,,,0.0,0.0,,,,0,0,0,666,
550,5653,3,5467,1930,,1936-1936,1936,1936,0.0,0.0,6,,,0,0,0,666,
551,528,7,149,1966,1966,1966-1966,1966,1966,1.0,1.0,0,0,0.0,0,0,0,619,
552,3350,4,1925,1951,1960,####-####,,,0.0,0.0,,,,0,0,0,662,
553,1486,0,1487,1974,1974,####-####,,,0.0,0.0,,,,0,0,0,682,
554,1517,2,4963,2004,2005,####-####,,,0.0,0.0,,,,0,0,0,680,
555,3086,3,5250,2012,,2011-2011,2011,2011,0.0,0.0,1,,,0,0,0,704,
556,2147,0,105,1962,1962,####-####,,,0.0,0.0,,,,0,0,0,658,
557,4646,2,4277,2002,,2000-2001,2000,2001,0.0,0.0,2,,,0,0,0,664,
558,2276,3,5477,1985,,Answer: ####-####,,,0.0,0.0,,,,0,0,0,668,
559,7647,8,7677,1945,,####-####,,,0.0,0.0,,,,0,0,0,707,
560,2553,2,4494,2011,,####-####,,,0.0,0.0,,,,0,0,0,682,
561,4957,2,4559,2004,,2013-2015,2013,2015,0.0,0.0,9,,,0,0,0,660,
562,2838,0,30,1930,1930,1930-1930,1930,1930,1.0,1.0,0,0,0.0,0,0,0,650,
563,1629,4,1514,1999,2007,1999-2007,1999,2007,1.0,1.0,0,0,0.0,0,0,0,690,
564,2554,7,459,2012,2012,2012-2012,2012,2012,1.0,1.0,0,0,0.0,0,0,0,650,
565,1770,6,7460,1923,,####-####,,,0.0,0.0,,,,0,0,0,691,
566,2392,8,7654,2009,,Answer: ####-####,,,0.0,0.0,,,,0,0,0,691,
567,1062,3,5179,1954,,1947-2002,1947,2002,0.0,0.0,7,,,0,0,0,692,
568,1412,4,3668,1972,2016,####-####,,,0.0,0.0,,,,0,0,0,672,
569,2650,0,101,1964,1964,1964-1964,1964,1964,1.0,1.0,0,0,0.0,0,0,0,654,
570,5393,3,5179,1925,,Answer: 1924-1924,1924,1924,0.0,0.0,1,,,0,0,0,702,
571,2130,4,3073,1993,2004,####-####,,,0.0,0.0,,,,0,0,0,668,
572,1235,7,79,1973,1973,1973-1973,1973,1973,1.0,1.0,0,0,0.0,0,0,0,662,
573,1342,8,7653,2016,2017,2013-2013,2013,2013,-0.4,0.2,3,4,3.5,0,0,0,713,
574,2132,4,5976,1956,1988,####-####,,,0.0,0.0,,,,0,0,0,676,
575,7614,8,7677,1916,,Answer: 1917-1937,1917,1937,0.0,0.0,1,,,0,0,0,711,
576,4576,2,4324,2002,2003,2001-2003,2001,2003,0.6666666666666666,0.6666666666666666,1,0,0.5,0,0,0,716,
577,4534,2,4589,2003,,####-####,,,0.0,0.0,,,,0,0,0,710,
578,2105,0,234,1838,1838,####-####,,,0.0,0.0,,,,0,0,0,684,
579,4620,2,4478,2012,2015,Answer: 2005-2010,2005,2010,-0.09090909090909091,0.09090909090909091,7,5,6.0,0,0,0,682,
580,2243,3,5340,1961,,1959-1959,1959,1959,0.0,0.0,2,,,0,0,0,676,
581,2424,4,394,1991,,####-####,,,0.0,0.0,,,,0,0,0,678,
582,3779,2,4565,2012,,####-####,,,0.0,0.0,,,,0,0,0,730,
583,2377,0,1266,1903,1903,####-####,,,0.0,0.0,,,,0,0,0,662,
584,1855,0,83,1915,1915,1915-1915,1915,1915,1.0,1.0,0,0,0.0,0,0,0,660,
585,3180,0,168,1940,1940,####-####,,,0.0,0.0,,,,0,0,0,688,
586,5741,7,775,2016,2016,2016-2016,2016,2016,1.0,1.0,0,0,0.0,0,0,0,652,
587,7775,8,7835,1991,1998,Answer: 1991-1998,1991,1998,1.0,1.0,0,0,0.0,0,0,0,709,
588,2902,7,605,1984,1984,1984-1984,1984,1984,1.0,1.0,0,0,0.0,0,0,0,698,
589,2021,7,57,2011,2011,2011-2011,2011,2011,1.0,1.0,0,0,0.0,0,0,0,652,
590,3349,8,7710,2005,2017,####-####,,,0.0,0.0,,,,0,0,0,713,
591,4523,2,4781,2013,2015,####-####,,,0.0,0.0,,,,0,0,0,650,
592,181,0,149,1908,1908,1908-1908,1908,1908,1.0,1.0,0,0,0.0,0,0,0,664,
593,2540,4,3470,1992,,####-####,,,0.0,0.0,,,,0,0,0,698,
594,5757,3,5256,2000,,2015-2015,2015,2015,0.0,0.0,15,,,0,0,0,664,
595,5687,3,5163,1993,,####-####,,,0.0,0.0,,,,0,0,0,550,
596,4752,2,4754,2010,2011,####-####,,,0.0,0.0,,,,0,0,0,674,
597,5036,2,5134,2006,,####-####,,,0.0,0.0,,,,0,0,0,714,
598,3516,0,139,1891,1891,1891-1891,1891,1891,1.0,1.0,0,0,0.0,0,0,0,664,
599,2836,3,5339,1938,,1938-1938,1938,1938,0.0,0.0,0,,,0,0,0,690,
600,166,0,30,1968,1968,1968-1968,1968,1968,1.0,1.0,0,0,0.0,0,0,0,664,
601,2727,0,67,1879,1879,1879-1879,1879,1879,1.0,1.0,0,0,0.0,0,0,0,668,
602,3015,4,2943,2012,,####-####,,,0.0,0.0,,,,0,0,0,676,
603,4617,2,4869,1986,1991,1991-1996,1991,1996,0.09090909090909091,0.09090909090909091,5,5,5.0,0,0,0,660,
604,1189,7,103,1998,1998,1998-1998,1998,1998,1.0,1.0,0,0,0.0,0,0,0,660,
605,5407,3,5235,2005,,Answer: ####-####,,,0.0,0.0,,,,0,0,0,672,
606,6157,4,3495,1930,1935,####-####,,,0.0,0.0,,,,0,0,0,668,
607,4551,2,4920,2003,2005,####-####,,,0.0,0.0,,,,0,0,0,714,
608,1230,0,283,1922,1922,1922-1922,1922,1922,1.0,1.0,0,0,0.0,0,0,0,662,
609,442,8,7653,1968,,1970-2024,1970,2024,0.0,0.0,2,,,0,0,0,715,
610,4444,2,4253,2000,2001,####-####,,,0.0,0.0,,,,0,0,0,662,
611,2431,2,4928,2002,2004,2009-2010,2009,2010,-0.4444444444444444,0.1111111111111111,7,6,6.5,0,0,0,654,
612,4326,2,4593,2006,,2005-2007,2005,2007,0.0,0.0,1,,,0,0,0,718,
613,4606,2,4719,2002,2011,Answer: 2002-2014,2002,2014,0.7692307692307693,0.7692307692307693,0,3,1.5,0,0,0,698,
614,1767,2,4309,2008,,2010-2010,2010,2010,0.0,0.0,2,,,0,0,0,664,
615,3664,4,6232,1915,1966,####-####,,,0.0,0.0,,,,0,0,0,680,
616,5930,3,5224,1946,,1933-1933,1933,1933,0.0,0.0,13,,,0,0,0,688,
617,1072,2,4733,1996,1998,Answer: ####-####,,,0.0,0.0,,,,0,0,0,646,
618,5863,3,5252,1977,,1996-1996,1996,1996,0.0,0.0,19,,,0,0,0,698,
619,1645,0,424,1944,1944,1944-1944,1944,1944,1.0,1.0,0,0,0.0,0,0,0,662,
620,5255,3,5179,2001,,2002-2002,2002,2002,0.0,0.0,1,,,0,0,0,696,
621,7585,8,7659,1856,1890,1862-1884,1862,1884,0.6571428571428571,0.6571428571428571,6,6,6.0,0,0,0,721,
622,2546,7,145,1983,1983,1983-1983,1983,1983,1.0,1.0,0,0,0.0,0,0,0,678,
623,6260,7,79,1989,1989,1989-1989,1989,1989,1.0,1.0,0,0,0.0,0,0,0,658,
624,2492,0,1493,1968,1968,####-####,,,0.0,0.0,,,,0,0,0,658,
625,33,3,5387,1960,,1962-1962,1962,1962,0.0,0.0,2,,,0,0,0,724,
626,1262,7,295,2000,2000,2000-2000,2000,2000,1.0,1.0,0,0,0.0,0,0,0,646,
627,2536,0,28,1953,1953,1953-1953,1953,1953,1.0,1.0,0,0,0.0,0,0,0,648,
628,1433,3,5179,2014,,####-####,,,0.0,0.0,,,,0,0,0,696,
629,345,2,4249,2007,2008,2007-2011,2007,2011,0.4,0.4,0,3,1.5,0,0,0,688,
630,3071,0,2696,1889,1889,1889-1889,1889,1889,1.0,1.0,0,0,0.0,0,0,0,668,
631,3634,4,6221,1950,2007,####-####,,,0.0,0.0,,,,0,0,0,690,
632,5668,3,5753,1919,,####-####,,,0.0,0.0,,,,0,0,0,712,
633,1355,8,7747,1988,,####-####,,,0.0,0.0,,,,0,0,0,715,
634,2887,0,2133,1974,1974,1974-1974,1974,1974,1.0,1.0,0,0,0.0,0,0,0,658,
635,1779,4,287,1987,,1987-1987,1987,1987,0.0,0.0,0,,,0,0,0,660,
636,1501,3,5181,1967,,Answer: ####-####,,,0.0,0.0,,,,0,0,0,682,
637,3675,0,424,1980,1980,1980-1980,1980,1980,1.0,1.0,0,0,0.0,0,0,0,646,
638,2193,0,125,1930,1930,1930-1930,1930,1930,1.0,1.0,0,0,0.0,0,0,0,662,
639,888,1,3848,1975,1978,####-####,,,0.0,0.0,,,,0,0,0,679,
640,788,2,4478,2009,2013,2010-2011,2010,2011,0.4,0.4,1,2,1.5,0,0,0,678,
641,3141,0,499,1985,1985,1985-1985,1985,1985,1.0,1.0,0,0,0.0,0,0,0,652,
642,2497,0,1361,1964,1964,1964-1964,1964,1964,1.0,1.0,0,0,0.0,0,0,0,654,
643,3190,8,7657,2010,,Answer: 1992-1992,1992,1992,0.0,0.0,18,,,0,0,0,564,
644,3363,3,5503,1984,,1984-1984,1984,1984,0.0,0.0,0,,,0,0,0,670,
645,3682,3,5269,1976,,1976-1976,1976,1976,0.0,0.0,0,,,0,0,0,694,
646,692,3,5297,2003,,####-####,,,0.0,0.0,,,,0,0,0,670,
647,1721,3,5225,2002,,2002-2002,2002,2002,0.0,0.0,0,,,0,0,0,682,
648,7457,6,3823,2000,,####-####,,,0.0,0.0,,,,0,0,0,693,
649,518,7,1636,1983,1983,1983-1983,1983,1983,1.0,1.0,0,0,0.0,0,0,0,684,
650,4548,2,4249,1998,2000,2013-2014,2013,2014,-0.7058823529411765,0.058823529411764705,15,14,14.5,0,0,0,688,
651,4887,2,4323,2001,2002,2000-2002,2000,2002,0.6666666666666666,0.6666666666666666,1,0,0.5,0,0,0,730,
652,7629,8,7653,1936,,####-####,,,0.0,0.0,,,,0,0,0,721,
653,4505,2,4952,2012,2013,####-####,,,0.0,0.0,,,,0,0,0,676,
654,5995,4,2011,1954,1962,1954-1962,1954,1962,1.0,1.0,0,0,0.0,0,0,0,662,
655,3339,8,7866,1999,2001,####-####,,,0.0,0.0,,,,0,0,0,729,
656,3620,2,5077,2009,2011,####-####,,,0.0,0.0,,,,0,0,0,682,
657,5973,7,39,2002,2002,####-####,,,0.0,0.0,,,,0,0,0,642,
658,4887,2,4443,2009,2010,####-####,,,0.0,0.0,,,,0,0,0,674,
659,4385,2,4919,2009,2010,####-####,,,0.0,0.0,,,,0,0,0,536,
660,1223,0,1224,1963,1963,1963-1963,1963,1963,1.0,1.0,0,0,0.0,0,0,0,664,
661,257,2,5131,2009,2010,2009-2010,2009,2010,1.0,1.0,0,0,0.0,0,0,0,678,
662,1210,4,223,1978,,Answer: ####-####,,,0.0,0.0,,,,0,0,0,650,
663,3068,3,5641,1993,,1982-1982,1982,1982,0.0,0.0,11,,,0,0,0,668,
664,3243,0,691,1982,1982,1982-1982,1982,1982,1.0,1.0,0,0,0.0,0,0,0,676,
665,3750,8,7866,1999,2002,Answer: 2000-2000,2000,2000,0.25,0.25,1,2,1.5,0,0,0,733,
666,4583,2,4335,1990,1992,1988-1989,1988,1989,0.0,0.2,2,3,2.5,0,0,0,668,
667,4990,2,4352,1998,1999,Answer: 1998-1998,1998,1998,0.5,0.5,0,1,0.5,0,0,0,738,
668,3045,7,79,2012,2012,2012-2012,2012,2012,1.0,1.0,0,0,0.0,0,0,0,660,
669,5373,3,5390,2001,,####-####,,,0.0,0.0,,,,0,0,0,668,
670,2857,8,7677,1917,,1917-1931,1917,1931,0.0,0.0,0,,,0,0,0,753,
671,811,0,812,1868,1868,####-####,,,0.0,0.0,,,,0,0,0,652,
672,274,2,4564,2016,,####-####,,,0.0,0.0,,,,0,0,0,678,
673,5821,3,5809,1997,,####-####,,,0.0,0.0,,,,0,0,0,690,
674,3905,1,3851,1933,1955,1933-1955,1933,1955,1.0,1.0,0,0,0.0,0,0,0,699,
675,2534,2,4291,2006,2007,2005-2007,2005,2007,0.6666666666666666,0.6666666666666666,1,0,0.5,0,0,0,720,
676,4771,2,4698,2011,2012,2013-2015,2013,2015,0.0,0.2,2,3,2.5,0,0,0,656,
677,3440,7,55,2012,2012,####-####,,,0.0,0.0,,,,0,0,0,650,
678,4749,2,4240,2009,2011,####-####,,,0.0,0.0,,,,0,0,0,684,
679,52,0,53,1941,1941,Answer: 1941-1941,1941,1941,1.0,1.0,0,0,0.0,0,0,0,692,
680,4656,2,5102,2012,2014,####-####,,,0.0,0.0,,,,0,0,0,694,
681,5180,3,5268,2000,,1981-1981,1981,1981,0.0,0.0,19,,,0,0,0,692,
682,5672,3,5467,1912,,1913-1913,1913,1913,0.0,0.0,1,,,0,0,0,688,
683,2485,0,83,1904,1904,1904-1904,1904,1904,1.0,1.0,0,0,0.0,0,0,0,662,
684,2029,2,4341,2015,2016,2013-2014,2013,2014,0.0,0.25,2,2,2.0,0,0,0,658,
685,6247,4,571,1929,,1929-1934,1929,1934,0.0,0.0,0,,,0,0,0,658,
686,2701,2,4624,2002,2008,Answer: 1998-2004,1998,2004,0.2727272727272727,0.2727272727272727,4,4,4.0,0,0,0,718,
687,5316,3,5317,1988,,1985-1985,1985,1985,0.0,0.0,3,,,0,0,0,690,
688,3707,2,4708,2006,2007,Answer: ####-####,,,0.0,0.0,,,,0,0,0,706,
689,3442,2,4863,2000,,2000-2001,2000,2001,0.0,0.0,0,,,0,0,0,702,
690,3052,0,2653,2008,2008,####-####,,,0.0,0.0,,,,0,0,0,702,
691,2564,0,428,1931,1931,1931-1931,1931,1931,1.0,1.0,0,0,0.0,0,0,0,670,
692,3379,0,9,1900,1900,1900-1900,1900,1900,1.0,1.0,0,0,0.0,0,0,0,678,
693,2849,2,4951,2012,,####-####,,,0.0,0.0,,,,0,0,0,670,
694,4588,2,4663,2008,2011,2007-2009,2007,2009,0.4,0.4,1,2,1.5,0,0,0,660,
695,584,0,388,1986,1986,####-####,,,0.0,0.0,,,,0,0,0,650,
696,6114,7,424,1954,1954,1954-1954,1954,1954,1.0,1.0,0,0,0.0,0,0,0,652,
697,5350,3,5351,2013,,####-####,,,0.0,0.0,,,,0,0,0,690,
698,1689,7,240,1989,1989,1989-1989,1989,1989,1.0,1.0,0,0,0.0,0,0,0,662,
699,7861,8,7827,1941,1945,####-####,,,0.0,0.0,,,,0,0,0,669,
700,4606,2,4725,2015,,2014-2015,2014,2015,0.0,0.0,1,,,0,0,0,664,
701,1550,2,4762,2005,2006,2011-2012,2011,2012,-0.5,0.125,6,6,6.0,0,0,0,670,
702,5885,3,5589,1984,,Answer: ####-####,,,0.0,0.0,,,,0,0,0,668,
703,1462,7,1004,1946,1946,1946-1946,1946,1946,1.0,1.0,0,0,0.0,0,0,0,676,
704,2419,2,4436,2006,2007,####-####,,,0.0,0.0,,,,0,0,0,577,
705,4662,2,4424,2012,2014,2016-2017,2016,2017,-0.16666666666666666,0.16666666666666666,4,3,3.5,0,0,0,698,
706,1278,4,6112,1969,1994,####-####,,,0.0,0.0,,,,0,0,0,674,
707,7429,6,4137,1986,,####-####,,,0.0,0.0,,,,0,0,0,751,
708,482,0,53,1956,1956,1956-1956,1956,1956,1.0,1.0,0,0,0.0,0,0,0,696,
709,7556,8,7653,1851,1853,1835-1868,1835,1868,0.08823529411764706,0.08823529411764706,16,15,15.5,0,0,0,707,
710,3232,0,308,1944,1944,1944-1944,1944,1944,1.0,1.0,0,0,0.0,0,0,0,668,
711,7579,8,7653,1901,,1901-1907,1901,1907,0.0,0.0,0,,,0,0,0,707,
712,6187,7,139,1948,1948,1948-1948,1948,1948,1.0,1.0,0,0,0.0,0,0,0,680,
713,3256,7,1667,2006,2006,2006-2006,2006,2006,1.0,1.0,0,0,0.0,0,0,0,682,
714,1202,7,55,1933,1933,####-####,,,0.0,0.0,,,,0,0,0,648,
715,4730,2,5020,1980,1981,####-####,,,0.0,0.0,,,,0,0,0,664,
716,3445,3,5803,2006,,2002-2002,2002,2002,0.0,0.0,4,,,0,0,0,684,
717,788,2,4624,2012,,2013-2013,2013,2013,0.0,0.0,1,,,0,0,0,672,
718,4605,2,4596,2004,2007,2002-2005,2002,2005,0.3333333333333333,0.3333333333333333,2,2,2.0,0,0,0,736,
719,4423,2,4542,2010,,2013-2014,2013,2014,0.0,0.0,3,,,0,0,0,692,
720,2348,2,4317,2003,2010,2002-2007,2002,2007,0.5555555555555556,0.5555555555555556,1,3,2.0,0,0,0,650,
721,3404,4,3061,1951,,####-####,,,0.0,0.0,,,,0,0,0,694,
722,2575,0,995,1943,1943,####-####,,,0.0,0.0,,,,0,0,0,694,
723,3288,4,2282,1994,2002,####-####,,,0.0,0.0,,,,0,0,0,684,
724,3158,4,355,1968,1980,1968-1980,1968,1980,1.0,1.0,0,0,0.0,0,0,0,660,
725,630,2,4955,1995,1996,####-####,,,0.0,0.0,,,,0,0,0,668,
726,756,4,3318,1988,1989,####-####,,,0.0,0.0,,,,0,0,0,662,
727,5157,3,5158,2006,,2007-2007,2007,2007,0.0,0.0,1,,,0,0,0,694,
728,206,4,623,2014,,####-####,,,0.0,0.0,,,,0,0,0,508,
729,5333,3,5646,1963,,1967-1967,1967,1967,0.0,0.0,4,,,0,0,0,696,
730,5956,3,5858,1987,,1986-1986,1986,1986,0.0,0.0,1,,,0,0,0,708,
731,4654,2,5125,2013,2016,####-####,,,0.0,0.0,,,,0,0,0,664,
732,4421,2,4422,1996,,####-####,,,0.0,0.0,,,,0,0,0,678,
733,5512,3,5252,1983,,Answer: 1967-1967,1967,1967,0.0,0.0,16,,,0,0,0,684,
734,5260,3,5261,1994,,Answer: 2008-2008,2008,2008,0.0,0.0,14,,,0,0,0,758,
735,350,4,3329,1951,1998,1991-1998,1991,1998,0.16666666666666666,0.16666666666666666,40,0,20.0,0,0,0,666,
736,3228,7,1385,2009,2009,####-####,,,0.0,0.0,,,,0,0,0,676,
737,2490,0,139,1943,1943,1943-1943,1943,1943,1.0,1.0,0,0,0.0,0,0,0,670,
738,2833,4,439,2005,,####-####,,,0.0,0.0,,,,0,0,0,688,
739,2475,0,139,1922,1922,1922-1922,1922,1922,1.0,1.0,0,0,0.0,0,0,0,674,
740,2929,3,5228,2005,,####-####,,,0.0,0.0,,,,0,0,0,728,
741,5255,7,2688,2016,2016,2016-2016,2016,2016,1.0,1.0,0,0,0.0,0,0,0,676,
742,1553,0,165,1954,1954,1954-1954,1954,1954,1.0,1.0,0,0,0.0,0,0,0,654,
743,4782,2,4257,2006,2010,2013-2015,2013,2015,-0.2,0.1,7,5,6.0,0,0,0,722,
744,3261,4,2030,1963,,1963-1963,1963,1963,0.0,0.0,0,,,0,0,0,664,
745,2701,2,4637,1997,2002,Answer: 1997-2003,1997,2003,0.8571428571428571,0.8571428571428571,0,1,0.5,0,0,0,712,
746,2733,0,582,1957,1957,1957-1957,1957,1957,1.0,1.0,0,0,0.0,0,0,0,652,
747,1343,2,4555,2013,2014,####-####,,,0.0,0.0,,,,0,0,0,664,
748,1726,0,748,1909,1909,1909-1909,1909,1909,1.0,1.0,0,0,0.0,0,0,0,666,
749,3234,0,1413,1985,1985,1985-1985,1985,1985,1.0,1.0,0,0,0.0,0,0,0,664,
750,7641,7,3,1841,1841,1841-1841,1841,1841,1.0,1.0,0,0,0.0,0,0,0,688,
751,7476,6,7456,1917,,Answer: ####-####,,,0.0,0.0,,,,0,0,0,695,
752,242,2,4624,1995,1997,1990-1993,1990,1993,-0.125,0.125,5,4,4.5,0,0,0,720,
753,4608,2,5053,2000,2003,1999-2002,1999,2002,0.6,0.6,1,1,1.0,0,0,0,734,
754,7809,8,7830,1922,,Answer: 1922-1932,1922,1932,0.0,0.0,0,,,0,0,0,737,
755,5893,3,5782,2000,,Answer: ####-####,,,0.0,0.0,,,,0,0,0,668,
756,879,8,7659,2015,,####-####,,,0.0,0.0,,,,0,0,0,719,
757,6163,7,7520,2000,2000,2000-2000,2000,2000,1.0,1.0,0,0,0.0,0,0,0,686,
758,3698,8,7812,1989,1997,1997-2002,1997,2002,0.07142857142857142,0.07142857142857142,8,5,6.5,0,0,0,723,
759,6005,7,55,2012,2012,2012-2012,2012,2012,1.0,1.0,0,0,0.0,0,0,0,650,
760,5530,3,5721,1974,,1959-1959,1959,1959,0.0,0.0,15,,,0,0,0,672,
761,1267,3,5179,1956,,1958-1958,1958,1958,0.0,0.0,2,,,0,0,0,696,
762,854,3,5289,1990,,Answer: 1991-1991,1991,1991,0.0,0.0,1,,,0,0,0,710,
763,1775,3,5179,1987,,####-####,,,0.0,0.0,,,,0,0,0,706,
764,2808,0,1880,1929,1929,####-####,,,0.0,0.0,,,,0,0,0,678,
765,1747,2,4855,2012,2014,2013-2015,2013,2015,0.5,0.5,1,1,1.0,0,0,0,670,
766,3603,3,5709,1993,,####-####,,,0.0,0.0,,,,0,0,0,694,
767,2558,0,748,1938,1938,1938-1938,1938,1938,1.0,1.0,0,0,0.0,0,0,0,654,
768,4263,2,4709,2005,,####-####,,,0.0,0.0,,,,0,0,0,672,
769,911,0,103,1732,1732,1732-1732,1732,1732,1.0,1.0,0,0,0.0,0,0,0,658,
770,3167,4,2932,2013,,2015-2015,2015,2015,0.0,0.0,2,,,0,0,0,656,
771,5357,3,5206,1973,,1973-1973,1973,1973,0.0,0.0,0,,,0,0,0,694,
772,3590,6,4059,1957,,1957-1957,1957,1957,0.0,0.0,0,,,0,0,0,685,
773,4393,2,4757,2001,,2000-2000,2000,2000,0.0,0.0,1,,,0,0,0,718,
774,1721,3,5535,2010,,####-####,,,0.0,0.0,,,,0,0,0,702,
775,997,3,5485,2003,,####-####,,,0.0,0.0,,,,0,0,0,694,
776,682,2,4635,1989,,1980-1981,1980,1981,0.0,0.0,9,,,0,0,0,694,
777,5644,3,5196,1943,,1950-1950,1950,1950,0.0,0.0,7,,,0,0,0,708,
778,3547,0,89,1923,1923,Answer: 1923-1923,1923,1923,1.0,1.0,0,0,0.0,0,0,0,666,
779,5951,3,5934,1992,,####-####,,,0.0,0.0,,,,0,0,0,698,
780,4302,2,4637,2001,2002,####-####,,,0.0,0.0,,,,0,0,0,696,
781,2970,3,5899,2001,,Answer: 2010-2010,2010,2010,0.0,0.0,9,,,0,0,0,688,
782,1748,2,4902,2013,,####-####,,,0.0,0.0,,,,0,0,0,660,
783,4659,2,4684,2010,2011,####-####,,,0.0,0.0,,,,0,0,0,688,
784,4943,2,4593,2004,,2003-2004,2003,2004,0.0,0.0,1,,,0,0,0,718,
785,1943,0,1483,1982,1982,1982-1982,1982,1982,1.0,1.0,0,0,0.0,0,0,0,696,
786,6296,8,7753,2005,,####-2005,2005,2005,0.0,0.0,0,,,0,0,0,721,
787,10,2,4561,2011,2013,####-####,,,0.0,0.0,,,,0,0,0,680,
788,795,3,5444,1980,,1980-1980,1980,1980,0.0,0.0,0,,,0,0,0,682,
789,3952,1,3969,2004,,2016-2016,2016,2016,0.0,0.0,12,,,0,0,0,689,
790,3398,2,4371,2008,2009,2008-2008,2008,2008,0.5,0.5,0,1,0.5,0,0,0,712,
791,3681,2,4613,2000,2002,####-####,,,0.0,0.0,,,,0,0,0,674,
792,5704,3,5755,2006,,2010-2010,2010,2010,0.0,0.0,4,,,0,0,0,692,
793,3386,2,5021,2005,2006,####-####,,,0.0,0.0,,,,0,0,0,649,
794,6223,4,2457,1956,1978,####-####,,,0.0,0.0,,,,0,0,0,678,
795,902,2,4769,1988,,1987-1988,1987,1988,0.0,0.0,1,,,0,0,0,718,
796,1971,0,30,1917,1917,####-####,,,0.0,0.0,,,,0,0,0,654,
797,2110,0,173,1953,1953,1952-1952,1952,1952,0.0,0.5,1,1,1.0,0,0,0,658,
798,2749,0,573,1944,1944,1944-1944,1944,1944,1.0,1.0,0,0,0.0,0,0,0,662,
799,2124,3,5859,1998,,####-####,,,0.0,0.0,,,,0,0,0,672,
800,326,3,5396,2007,,####-####,,,0.0,0.0,,,,0,0,0,736,
801,6154,7,667,1961,1961,1961-1961,1961,1961,1.0,1.0,0,0,0.0,0,0,0,550,
802,3575,0,845,1952,1952,1857-1857,1857,1857,-0.9791666666666666,0.010416666666666666,95,95,95.0,0,0,0,684,
803,3183,4,2188,1936,1947,####-####,,,0.0,0.0,,,,0,0,0,681,
804,991,0,43,1985,1985,1985-1985,1985,1985,1.0,1.0,0,0,0.0,0,0,0,662,
805,3549,6,3937,1997,,####-####,,,0.0,0.0,,,,0,0,0,727,
806,527,2,4456,1993,1996,####-####,,,0.0,0.0,,,,0,0,0,660,
807,3470,0,1403,1959,1959,1959-1959,1959,1959,1.0,1.0,0,0,0.0,0,0,0,666,
808,1055,2,4767,2017,,####-####,,,0.0,0.0,,,,0,0,0,658,
809,4958,2,5054,2007,2008,####-####,,,0.0,0.0,,,,0,0,0,664,
810,4809,2,4769,2004,,####-####,,,0.0,0.0,,,,0,0,0,726,
811,4266,2,4236,2001,2003,####-####,,,0.0,0.0,,,,0,0,0,716,
812,5447,3,5448,1941,,####-####,,,0.0,0.0,,,,0,0,0,682,
813,2856,0,295,1908,1908,1908-1908,1908,1908,1.0,1.0,0,0,0.0,0,0,0,662,
814,1039,0,1040,1946,1946,####-####,,,0.0,0.0,,,,0,0,0,666,
815,5891,6,7444,1987,,####-####,,,0.0,0.0,,,,0,0,0,675,
816,5983,7,139,1979,1979,####-####,,,0.0,0.0,,,,0,0,0,670,
817,116,6,3848,1911,,####-####,,,0.0,0.0,,,,0,0,0,683,
818,4453,2,4454,2010,2011,Answer: ####-####,,,0.0,0.0,,,,0,0,0,678,
819,7563,7,417,2001,2001,2001-2001,2001,2001,1.0,1.0,0,0,0.0,0,0,0,658,
820,221,8,7665,1937,,####-####,,,0.0,0.0,,,,0,0,0,689,
821,1725,4,1715,2002,,Answer: ####-####,,,0.0,0.0,,,,0,0,0,672,
822,1877,0,69,1963,1963,Answer: 1963-1963,1963,1963,1.0,1.0,0,0,0.0,0,0,0,662,
823,1991,0,139,1954,1954,1954-1954,1954,1954,1.0,1.0,0,0,0.0,0,0,0,672,
824,2836,7,141,1967,1967,1967-1967,1967,1967,1.0,1.0,0,0,0.0,0,0,0,656,
825,4080,6,3822,1971,,####-####,,,0.0,0.0,,,,0,0,0,703,
826,153,4,2506,1987,2003,####-####,,,0.0,0.0,,,,0,0,0,670,
827,1082,3,5402,1926,,1924-1924,1924,1924,0.0,0.0,2,,,0,0,0,672,
828,1871,0,139,1940,1940,1940-1940,1940,1940,1.0,1.0,0,0,0.0,0,0,0,666,
829,564,4,3348,2007,,2007-2007,2007,2007,0.0,0.0,0,,,0,0,0,688,
830,3386,2,4348,2000,2001,####-####,,,0.0,0.0,,,,0,0,0,703,
831,2416,4,2886,1994,,Answer: 1994-1994,1994,1994,0.0,0.0,0,,,0,0,0,678,
832,5311,3,5179,1892,,Answer: 1892-1892,1892,1892,0.0,0.0,0,,,0,0,0,698,
833,1526,3,5238,1992,,2000-2000,2000,2000,0.0,0.0,8,,,0,0,0,692,
834,5701,3,5179,1919,,Answer: 1916-1916,1916,1916,0.0,0.0,3,,,0,0,0,732,
835,3518,0,295,1907,1907,1907-1907,1907,1907,1.0,1.0,0,0,0.0,0,0,0,656,
836,5591,3,5162,1989,,Answer: 2000-2000,2000,2000,0.0,0.0,11,,,0,0,0,690,
837,4784,2,4832,2015,,####-####,,,0.0,0.0,,,,0,0,0,660,
838,380,0,381,1951,1951,Answer: 1951-1951,1951,1951,1.0,1.0,0,0,0.0,0,0,0,664,
839,4427,2,5030,2004,2005,####-####,,,0.0,0.0,,,,0,0,0,684,
840,4449,2,4589,2009,,2007-2009,2007,2009,0.0,0.0,2,,,0,0,0,710,
841,5830,3,5173,1958,,1972-1972,1972,1972,0.0,0.0,14,,,0,0,0,738,
842,2983,3,5423,1970,,Answer: ####-####,,,0.0,0.0,,,,0,0,0,680,
843,1707,4,3598,1971,2011,1971-1971,1971,1971,0.024390243902439025,0.024390243902439025,0,40,20.0,0,0,0,670,
844,1345,4,3690,1936,1941,####-####,,,0.0,0.0,,,,0,0,0,688,
845,2136,0,67,1937,1937,####-####,,,0.0,0.0,,,,0,0,0,668,
846,6308,4,2125,1987,2012,####-####,,,0.0,0.0,,,,0,0,0,688,
847,7528,8,7653,1942,1970,####-####,,,0.0,0.0,,,,0,0,0,707,
848,5500,3,5767,1985,,Answer: ####-####,,,0.0,0.0,,,,0,0,0,702,
849,1576,3,5468,2015,,2018-2018,2018,2018,0.0,0.0,3,,,0,0,0,556,
850,1695,4,2995,1980,,1980-1980,1980,1980,0.0,0.0,0,,,0,0,0,660,
851,7483,6,4059,1955,,1955-1955,1955,1955,0.0,0.0,0,,,0,0,0,681,
852,7531,8,7736,1917,,1916-1922,1916,1922,0.0,0.0,1,,,0,0,0,685,
853,2902,4,1009,1920,1957,####-####,,,0.0,0.0,,,,0,0,0,676,
854,6242,7,1094,2010,2010,2010-2010,2010,2010,1.0,1.0,0,0,0.0,0,0,0,676,
855,5919,3,5513,1958,,####-####,,,0.0,0.0,,,,0,0,0,714,
856,1535,0,245,1863,1863,1863-1863,1863,1863,1.0,1.0,0,0,0.0,0,0,0,702,
857,6092,7,79,2001,2001,2001-2001,2001,2001,1.0,1.0,0,0,0.0,0,0,0,658,
858,4724,2,4821,2010,,Answer: 2007-2010,2007,2010,0.0,0.0,3,,,0,0,0,680,
859,653,4,700,1989,1994,####-####,,,0.0,0.0,,,,0,0,0,668,
860,3479,3,5307,1953,,1953-1953,1953,1953,0.0,0.0,0,,,0,0,0,724,
861,3614,4,1717,2008,,2008-2008,2008,2008,0.0,0.0,0,,,0,0,0,642,
862,3575,7,1696,1952,1952,1952-1952,1952,1952,1.0,1.0,0,0,0.0,0,0,0,682,
863,7858,8,7663,1799,1828,1820-1828,1820,1828,0.3,0.3,21,0,10.5,0,0,0,707,
864,5671,7,599,2006,2006,2006-2006,2006,2006,1.0,1.0,0,0,0.0,0,0,0,654,
865,1627,0,17,1920,1920,1920-1920,1920,1920,1.0,1.0,0,0,0.0,0,0,0,658,
866,878,8,7663,1825,,1790-1825,1790,1825,0.0,0.0,35,,,0,0,0,751,
867,1240,7,779,1669,1669,1669-1669,1669,1669,1.0,1.0,0,0,0.0,0,0,0,648,
868,527,2,4807,2000,2004,Answer: ####-####,,,0.0,0.0,,,,0,0,0,652,
869,5954,6,3848,1937,,Answer: ####-####,,,0.0,0.0,,,,0,0,0,677,
870,4490,2,4642,2014,2016,####-####,,,0.0,0.0,,,,0,0,0,694,
871,7818,8,7654,2010,,####-####,,,0.0,0.0,,,,0,0,0,731,
872,2083,3,5497,2014,,####-####,,,0.0,0.0,,,,0,0,0,714,
873,1302,0,1303,1982,1982,####-####,,,0.0,0.0,,,,0,0,0,688,
874,4300,2,4291,2001,2002,2000-2002,2000,2002,0.6666666666666666,0.6666666666666666,1,0,0.5,0,0,0,748,
875,846,0,694,1981,1981,1981-1981,1981,1981,1.0,1.0,0,0,0.0,0,0,0,668,
876,3220,0,1153,1794,1794,####-####,,,0.0,0.0,,,,0,0,0,694,
877,2793,4,2690,2009,,####-####,,,0.0,0.0,,,,0,0,0,672,
878,673,3,5596,1959,,1947-1947,1947,1947,0.0,0.0,12,,,0,0,0,676,
879,3572,7,1439,1953,1953,1953-1953,1953,1953,1.0,1.0,0,0,0.0,0,0,0,686,
880,2786,3,5520,1978,,####-####,,,0.0,0.0,,,,0,0,0,690,
881,1038,4,632,1946,,####-####,,,0.0,0.0,,,,0,0,0,700,
882,3689,2,4491,2014,,####-####,,,0.0,0.0,,,,0,0,0,678,
883,5108,2,4556,2011,2013,####-####,,,0.0,0.0,,,,0,0,0,674,
884,5664,3,5652,2009,,Answer: 2002-2002,2002,2002,0.0,0.0,7,,,0,0,0,750,
885,5218,3,5172,2006,,2010-2010,2010,2010,0.0,0.0,4,,,0,0,0,692,
886,4852,2,4849,1897,,1899-1900,1899,1900,0.0,0.0,2,,,0,0,0,710,
887,1840,0,648,1935,1935,Answer: 1935-1935,1935,1935,1.0,1.0,0,0,0.0,0,0,0,656,
888,2455,0,1357,1951,1951,Answer: ####-####,,,0.0,0.0,,,,0,0,0,648,
889,4080,1,3924,1976,1983,####-####,,,0.0,0.0,,,,0,0,0,717,
890,2777,0,3,1948,1948,1948-1948,1948,1948,1.0,1.0,0,0,0.0,0,0,0,670,
891,3494,8,7664,1944,,1945-1979,1945,1979,0.0,0.0,1,,,0,0,0,691,
892,2265,0,101,1945,1945,1945-1945,1945,1945,1.0,1.0,0,0,0.0,0,0,0,662,
893,2789,3,5569,1982,,1983-1983,1983,1983,0.0,0.0,1,,,0,0,0,690,
894,1281,0,424,1983,1983,1983-1983,1983,1983,1.0,1.0,0,0,0.0,0,0,0,658,
895,5974,4,1480,1966,1975,1966-1975,1966,1975,1.0,1.0,0,0,0.0,0,0,0,662,
896,4550,2,4933,2000,2001,####-####,,,0.0,0.0,,,,0,0,0,666,
897,6107,4,2372,1965,,1965-1987,1965,1987,0.0,0.0,0,,,0,0,0,670,
898,2821,0,480,1968,1968,####-####,,,0.0,0.0,,,,0,0,0,658,
899,4827,2,4492,2003,,2010-2011,2010,2011,0.0,0.0,7,,,0,0,0,686,
900,2178,7,7490,1964,1964,####-####,,,0.0,0.0,,,,0,0,0,654,
901,2846,4,2953,2015,,2015-2015,2015,2015,0.0,0.0,0,,,0,0,0,674,
902,2113,4,6299,1949,1956,####-####,,,0.0,0.0,,,,0,0,0,662,
903,2880,2,4976,1979,1980,Answer: ####-####,,,0.0,0.0,,,,0,0,0,666,
904,2269,2,4489,2003,2005,####-####,,,0.0,0.0,,,,0,0,0,712,
905,5765,3,5444,1951,1955,Answer: 1955-1955,1955,1955,0.2,0.2,4,0,2.0,0,0,0,688,
906,3592,0,53,1844,1844,####-####,,,0.0,0.0,,,,0,0,0,706,
907,3638,0,2070,1983,1983,1983-1983,1983,1983,1.0,1.0,0,0,0.0,0,0,0,664,
908,5279,3,5336,1990,,####-####,,,0.0,0.0,,,,0,0,0,724,
909,3374,2,4342,2009,2013,2007-2013,2007,2013,0.7142857142857143,0.7142857142857143,2,0,1.0,0,0,0,666,
910,1896,0,945,1812,1812,####-####,,,0.0,0.0,,,,0,0,0,674,
911,5242,3,5341,2006,,2007-2007,2007,2007,0.0,0.0,1,,,0,0,0,690,
912,3481,0,642,1991,1991,1991-1991,1991,1991,1.0,1.0,0,0,0.0,0,0,0,700,
913,3292,3,5485,2010,,####-####,,,0.0,0.0,,,,0,0,0,704,
914,891,2,4777,2013,2014,####-####,,,0.0,0.0,,,,0,0,0,686,
915,1155,2,4519,2013,2014,####-####,,,0.0,0.0,,,,0,0,0,660,
916,2345,7,1617,1944,1944,1944-1944,1944,1944,1.0,1.0,0,0,0.0,0,0,0,682,
917,3630,0,79,1925,1925,Answer: 1925-1925,1925,1925,1.0,1.0,0,0,0.0,0,0,0,660,
918,3164,4,1312,2010,2013,####-####,,,0.0,0.0,,,,0,0,0,662,
919,5908,3,5443,1978,,####-####,,,0.0,0.0,,,,0,0,0,742,
920,716,4,2281,1986,2005,####-####,,,0.0,0.0,,,,0,0,0,666,
921,7623,8,7665,1913,,####-####,,,0.0,0.0,,,,0,0,0,739,
922,4822,2,4756,1992,2002,1992-2002,1992,2002,1.0,1.0,0,0,0.0,0,0,0,708,
923,2180,0,705,1921,1921,1948-1948,1948,1948,-0.9285714285714286,0.03571428571428571,27,27,27.0,0,0,0,542,
924,4595,2,4310,1987,1988,1986-1988,1986,1988,0.6666666666666666,0.6666666666666666,1,0,0.5,0,0,0,720,
925,274,2,4382,2012,,####-####,,,0.0,0.0,,,,0,0,0,674,
926,2179,0,55,1928,1928,1928-1928,1928,1928,1.0,1.0,0,0,0.0,0,0,0,648,
927,1735,2,4520,1999,,####-####,,,0.0,0.0,,,,0,0,0,706,
928,7766,8,7677,1917,1918,1917-1918,1917,1918,1.0,1.0,0,0,0.0,0,0,0,705,
929,3052,3,5172,1970,,1997-1997,1997,1997,0.0,0.0,27,,,0,0,0,712,
930,6248,4,859,2004,2015,Answer: ####-####,,,0.0,0.0,,,,0,0,0,531,
931,2991,2,4324,2006,2007,Answer: 2005-2007,2005,2007,0.6666666666666666,0.6666666666666666,1,0,0.5,0,0,0,728,
932,902,2,4512,1988,1989,####-####,,,0.0,0.0,,,,0,0,0,674,
933,7636,7,173,1854,1854,1854-1854,1854,1854,1.0,1.0,0,0,0.0,0,0,0,684,
934,4470,2,5122,2015,,2017-2017,2017,2017,0.0,0.0,2,,,0,0,0,702,
935,2480,4,2143,1946,1978,####-####,,,0.0,0.0,,,,0,0,0,672,
936,3176,2,4690,2002,2003,####-####,,,0.0,0.0,,,,0,0,0,660,
937,2679,4,2891,2011,,2011-2011,2011,2011,0.0,0.0,0,,,0,0,0,674,
938,3120,3,5468,2001,,2011-2011,2011,2011,0.0,0.0,10,,,0,0,0,708,
939,955,0,222,1865,1865,1865-1865,1865,1865,1.0,1.0,0,0,0.0,0,0,0,678,
940,1566,8,7724,1920,1946,Answer: 1918-1933,1918,1933,0.4827586206896552,0.4827586206896552,2,13,7.5,0,0,0,572,
941,4406,2,4348,1998,1999,####-####,,,0.0,0.0,,,,0,0,0,726,
942,6270,4,6269,1975,1983,####-####,,,0.0,0.0,,,,0,0,0,672,
943,2981,0,258,1890,1890,1890-1890,1890,1890,1.0,1.0,0,0,0.0,0,0,0,658,
944,216,0,217,1932,1932,1932-1932,1932,1932,1.0,1.0,0,0,0.0,0,0,0,650,
945,800,8,7653,1970,,####-####,,,0.0,0.0,,,,0,0,0,707,
946,3536,7,79,1987,1987,1987-1987,1987,1987,1.0,1.0,0,0,0.0,0,0,0,656,
947,2909,3,5707,2016,,2016-2016,2016,2016,0.0,0.0,0,,,0,0,0,710,
948,2743,8,7653,1994,,1986-1994,1986,1994,0.0,0.0,8,,,0,0,0,713,
949,1251,0,328,1931,1931,1931-1931,1931,1931,1.0,1.0,0,0,0.0,0,0,0,674,
950,5180,3,5405,2006,,1982-1982,1982,1982,0.0,0.0,24,,,0,0,0,690,
951,6002,4,2351,1941,1948,####-####,,,0.0,0.0,,,,0,0,0,668,
952,4744,2,4285,2013,2015,####-####,,,0.0,0.0,,,,0,0,0,668,
953,4505,2,4342,2007,2012,2006-2012,2006,2012,0.8571428571428571,0.8571428571428571,1,0,0.5,0,0,0,660,
954,6002,4,1782,1956,1959,####-####,,,0.0,0.0,,,,0,0,0,668,
955,641,4,5431,1934,1978,1934-1978,1934,1978,1.0,1.0,0,0,0.0,0,0,0,668,
956,1336,2,4374,2007,2012,####-####,,,0.0,0.0,,,,0,0,0,672,
957,2599,9,8716,,,1891-1893,1891,1893,0.0,0.0,,,,0,0,0,700,
958,2631,2,4735,2000,2001,####-####,,,0.0,0.0,,,,0,0,0,668,
959,4866,2,4422,1993,1995,####-####,,,0.0,0.0,,,,0,0,0,658,
960,274,2,4680,2014,2015,####-####,,,0.0,0.0,,,,0,0,0,672,
961,4413,2,4596,1998,2000,####-####,,,0.0,0.0,,,,0,0,0,575,
962,2680,4,3006,2006,,####-####,,,0.0,0.0,,,,0,0,0,670,
963,5438,3,5220,1986,,1997-1997,1997,1997,0.0,0.0,11,,,0,0,0,766,
964,1705,2,5061,2010,2011,####-####,,,0.0,0.0,,,,0,0,0,668,
965,4404,2,4405,2007,,####-####,,,0.0,0.0,,,,0,0,0,692,
966,1010,7,555,2008,2008,2008-2008,2008,2008,1.0,1.0,0,0,0.0,0,0,0,654,
967,2516,2,4751,1982,1984,Answer: 1973-1979,1973,1979,-0.16666666666666666,0.08333333333333333,9,5,7.0,0,0,0,694,
968,362,7,103,1982,1982,1982-1982,1982,1982,1.0,1.0,0,0,0.0,0,0,0,664,
969,2174,6,7436,1951,,1951-1951,1951,1951,0.0,0.0,0,,,0,0,0,695,
970,4493,2,4460,2012,2014,####-####,,,0.0,0.0,,,,0,0,0,704,
971,2462,2,4557,2015,,####-####,,,0.0,0.0,,,,0,0,0,676,
972,4312,2,4354,2009,2012,Answer: 2006-2015,2006,2015,0.4,0.4,3,3,3.0,0,0,0,688,
973,749,8,7785,1991,1998,####-1998,1998,1998,0.125,0.125,7,0,3.5,0,0,0,679,
974,504,1,3937,1994,2012,1992-2012,1992,2012,0.9047619047619048,0.9047619047619048,2,0,1.0,0,0,0,711,
975,4260,2,5034,1996,1997,####-####,,,0.0,0.0,,,,0,0,0,668,
976,6145,4,6175,1936,,####-####,,,0.0,0.0,,,,0,0,0,652,
977,2283,4,2561,2007,,####-####,,,0.0,0.0,,,,0,0,0,666,
978,1048,3,5336,2013,,2013-2013,2013,2013,0.0,0.0,0,,,0,0,0,754,
979,4644,2,4240,2002,2008,####-####,,,0.0,0.0,,,,0,0,0,688,
980,3616,4,2082,1984,2002,1984-2002,1984,2002,1.0,1.0,0,0,0.0,0,0,0,599,
981,4271,2,4259,2004,2007,####-####,,,0.0,0.0,,,,0,0,0,694,
982,1237,2,4264,2015,2017,Answer: ####-####,,,0.0,0.0,,,,0,0,0,680,
983,2630,0,812,1934,1934,1934-1934,1934,1934,1.0,1.0,0,0,0.0,0,0,0,660,
984,457,2,4769,1988,1990,####-####,,,0.0,0.0,,,,0,0,0,712,
985,5372,3,5177,2013,,2013-2013,2013,2013,0.0,0.0,0,,,0,0,0,694,
986,961,3,5172,1974,,1973-1973,1973,1973,0.0,0.0,1,,,0,0,0,698,
987,903,4,3278,1994,2004,1994-2004,1994,2004,1.0,1.0,0,0,0.0,0,0,0,668,
988,3365,7,210,1978,1978,1978-1978,1978,1978,1.0,1.0,0,0,0.0,0,0,0,686,
989,4905,2,4471,2005,,Answer: ####-####,,,0.0,0.0,,,,0,0,0,694,
990,2291,4,3132,1984,,1984-1984,1984,1984,0.0,0.0,0,,,0,0,0,668,
991,1977,3,5493,1976,,Answer: 1984-1984,1984,1984,0.0,0.0,8,,,0,0,0,714,
992,4611,2,4714,2001,2002,####-####,,,0.0,0.0,,,,0,0,0,523,
993,997,3,5191,2004,,2017-2017,2017,2017,0.0,0.0,13,,,0,0,0,664,
994,1959,7,424,1999,1999,1999-1999,1999,1999,1.0,1.0,0,0,0.0,0,0,0,654,
995,1963,7,137,1987,1987,1987-1987,1987,1987,1.0,1.0,0,0,0.0,0,0,0,650,
996,822,8,7724,1936,,1920-1933,1920,1933,0.0,0.0,16,,,0,0,0,568,
997,2369,3,5305,1965,,####-####,,,0.0,0.0,,,,0,0,0,686,
998,1933,3,5319,2003,,Answer: ####-####,,,0.0,0.0,,,,0,0,0,684,
999,781,0,35,1979,1979,1979-1979,1979,1979,1.0,1.0,0,0,0.0,0,0,0,660,
1000,3708,0,47,1953,1953,1953-1953,1953,1953,1.0,1.0,0,0,0.0,0,0,0,668,
1001,4328,2,4329,1999,2002,####-####,,,0.0,0.0,,,,0,0,0,660,
1002,809,8,7653,1852,1872,####-####,,,0.0,0.0,,,,0,0,0,739,
1003,2259,6,3823,1971,,####-####,,,0.0,0.0,,,,0,0,0,703,
1004,4581,2,4941,1999,2000,####-####,,,0.0,0.0,,,,0,0,0,658,
1005,4276,2,5106,2007,,####-####,,,0.0,0.0,,,,0,0,0,716,
1006,5311,3,5596,1914,,1904-1904,1904,1904,0.0,0.0,10,,,0,0,0,674,
1007,669,3,5307,2004,,2004-2004,2004,2004,0.0,0.0,0,,,0,0,0,716,
1008,3461,7,295,2002,2002,2002-2002,2002,2002,1.0,1.0,0,0,0.0,0,0,0,664,
1009,1318,4,6051,1946,1954,1946-1954,1946,1954,1.0,1.0,0,0,0.0,0,0,0,666,
1010,3707,2,4384,2007,,####-####,,,0.0,0.0,,,,0,0,0,684,
1011,6075,4,3515,1992,,####-####,,,0.0,0.0,,,,0,0,0,664,
1012,4587,2,4651,1995,1997,####-####,,,0.0,0.0,,,,0,0,0,710,
1013,344,6,7436,1968,,1968-1968,1968,1968,0.0,0.0,0,,,0,0,0,699,
1014,5966,3,5269,1930,,Answer: 1937-1937,1937,1937,0.0,0.0,7,,,0,0,0,692,
1015,6253,8,7674,1834,1841,Answer: 1841-1841,1841,1841,0.125,0.125,7,0,3.5,0,0,0,693,
1016,3444,7,7502,1950,1950,1950-1950,1950,1950,1.0,1.0,0,0,0.0,0,0,0,710,
1017,1804,8,7724,1929,1946,1930-1946,1930,1946,0.9444444444444444,0.9444444444444444,1,0,0.5,0,0,0,574,
1018,2328,4,2519,1967,1984,####-####,,,0.0,0.0,,,,0,0,0,686,
1019,2118,4,6119,1952,,1952-2020,1952,2020,0.0,0.0,0,,,0,0,0,724,
1020,2433,0,2415,1973,1973,1973-1973,1973,1973,1.0,1.0,0,0,0.0,0,0,0,712,
1021,4369,2,4489,1997,1999,1999-2002,1999,2002,0.16666666666666666,0.16666666666666666,2,3,2.5,0,0,0,662,
1022,5849,3,5286,1997,,1994-1994,1994,1994,0.0,0.0,3,,,0,0,0,690,
1023,209,0,210,1958,1958,####-####,,,0.0,0.0,,,,0,0,0,684,
1024,7522,8,7677,1917,,Answer: 1917-1931,1917,1931,0.0,0.0,0,,,0,0,0,729,
1025,1980,3,5177,1982,,Answer: 1982-1982,1982,1982,0.0,0.0,0,,,0,0,0,696,
1026,6253,8,7653,1828,1834,1828-1839,1828,1839,0.5833333333333334,0.5833333333333334,0,5,2.5,0,0,0,705,
1027,3756,4,1351,2001,2011,####-####,,,0.0,0.0,,,,0,0,0,682,
1028,4844,2,4698,1999,,2000-2001,2000,2001,0.0,0.0,1,,,0,0,0,664,
1029,4280,2,4299,1990,1994,####-####,,,0.0,0.0,,,,0,0,0,662,
1030,2843,0,83,1963,1963,1963-1963,1963,1963,1.0,1.0,0,0,0.0,0,0,0,654,
1031,5870,3,5166,1997,,1997-1997,1997,1997,0.0,0.0,0,,,0,0,0,708,
1032,3332,3,5179,1964,,1973-1973,1973,1973,0.0,0.0,9,,,0,0,0,698,
1033,4276,2,4479,2013,2014,####-####,,,0.0,0.0,,,,0,0,0,680,
1034,4884,2,4853,2000,,1997-2000,1997,2000,0.0,0.0,3,,,0,0,0,708,
1035,2090,4,1271,1992,2004,####-####,,,0.0,0.0,,,,0,0,0,672,
1036,3716,0,13,1968,1968,####-####,,,0.0,0.0,,,,0,0,0,662,
1037,117,9,8256,1994,1999,####-####,,,0.0,0.0,,,,0,0,0,664,
1038,1179,3,5177,2003,,2003-2003,2003,2003,0.0,0.0,0,,,0,0,0,704,
1039,4883,2,4333,2013,2014,####-####,,,0.0,0.0,,,,0,0,0,668,
1040,5324,3,5365,1993,,1993-1993,1993,1993,0.0,0.0,0,,,0,0,0,690,
1041,1748,0,11,1988,1988,1988-1988,1988,1988,1.0,1.0,0,0,0.0,0,0,0,656,
1042,5958,6,3848,1858,,1855-1855,1855,1855,0.0,0.0,3,,,0,0,0,681,
1043,1961,3,5194,2009,,Answer: 2010-2010,2010,2010,0.0,0.0,1,,,0,0,0,672,
1044,6045,7,139,2008,2008,2008-2008,2008,2008,1.0,1.0,0,0,0.0,0,0,0,660,
1045,4886,2,4420,2007,2008,####-####,,,0.0,0.0,,,,0,0,0,686,
1046,4996,2,5005,2015,2016,####-####,,,0.0,0.0,,,,0,0,0,666,
1047,7693,8,7730,2003,2006,Answer: 2003-2006,2003,2006,1.0,1.0,0,0,0.0,0,0,0,705,
1048,1778,4,2282,2002,,1994-1994,1994,1994,0.0,0.0,8,,,0,0,0,678,
1049,3007,6,3924,1947,,####-####,,,0.0,0.0,,,,0,0,0,715,
1050,7756,8,7847,1996,,####-####,,,0.0,0.0,,,,0,0,0,713,
1051,895,3,5336,1995,,1998-1998,1998,1998,0.0,0.0,3,,,0,0,0,724,
1052,6071,4,3407,1984,1993,####-####,,,0.0,0.0,,,,0,0,0,658,
1053,3647,0,424,1916,1916,1916-1916,1916,1916,1.0,1.0,0,0,0.0,0,0,0,662,
1054,4529,2,4661,2006,2008,2006-2008,2006,2008,1.0,1.0,0,0,0.0,0,0,0,716,
1055,2300,2,4265,2008,2014,Answer: ####-####,,,0.0,0.0,,,,0,0,0,676,
1056,3052,3,5378,1968,,Answer: 1997-1997,1997,1997,0.0,0.0,29,,,0,0,0,698,
1057,3166,3,5800,1993,,1990-1990,1990,1990,0.0,0.0,3,,,0,0,0,704,
1058,387,0,388,1975,1975,####-####,,,0.0,0.0,,,,0,0,0,664,
1059,5730,3,5485,2017,,####-####,,,0.0,0.0,,,,0,0,0,698,
1060,3406,6,3937,1950,1952,####-####,,,0.0,0.0,,,,0,0,0,711,
1061,3693,8,7690,1990,1995,####-####,,,0.0,0.0,,,,0,0,0,729,
1062,2029,2,4596,2009,,2004-2007,2004,2007,0.0,0.0,5,,,0,0,0,718,
1063,5799,3,5160,1966,,Answer: 1966-1966,1966,1966,0.0,0.0,0,,,0,0,0,666,
1064,4104,1,4105,1960,2006,1960-2006,1960,2006,1.0,1.0,0,0,0.0,0,0,0,691,
1065,5110,2,4779,2009,,2020-2020,2020,2020,0.0,0.0,11,,,0,0,0,688,
1066,5631,3,5405,1988,,1987-1987,1987,1987,0.0,0.0,1,,,0,0,0,688,
1067,956,0,376,1958,1958,1958-1958,1958,1958,1.0,1.0,0,0,0.0,0,0,0,672,
1068,2267,4,1939,1989,1995,2003-2003,2003,2003,-0.4666666666666667,0.06666666666666667,14,8,11.0,0,0,0,662,
1069,46,0,47,1966,1966,Answer: 1966-1966,1966,1966,1.0,1.0,0,0,0.0,0,0,0,658,
1070,7738,8,7653,2004,2012,####-####,,,0.0,0.0,,,,0,0,0,713,
1071,1062,3,5198,1971,,Answer: 1971-1971,1971,1971,0.0,0.0,0,,,0,0,0,660,
1072,3437,3,5198,1896,,1882-1900,1882,1900,0.0,0.0,14,,,0,0,0,672,
1073,1459,0,103,1897,1897,Answer: 1897-1897,1897,1897,1.0,1.0,0,0,0.0,0,0,0,660,
1074,5620,3,5307,1975,,1975-1975,1975,1975,0.0,0.0,0,,,0,0,0,722,
1075,1107,3,5232,1993,,Answer: 2008-2008,2008,2008,0.0,0.0,15,,,0,0,0,674,
1076,490,4,288,2015,,2011-2011,2011,2011,0.0,0.0,4,,,0,0,0,670,
1077,5952,7,139,1962,1962,1962-1962,1962,1962,1.0,1.0,0,0,0.0,0,0,0,670,
1078,4305,2,4496,2007,2009,####-####,,,0.0,0.0,,,,0,0,0,668,
1079,1726,7,39,2012,2012,2012-2012,2012,2012,1.0,1.0,0,0,0.0,0,0,0,660,
1080,5008,2,4296,2000,,####-####,,,0.0,0.0,,,,0,0,0,718,
1081,7836,8,7677,1917,,1917-1929,1917,1929,0.0,0.0,0,,,0,0,0,759,
1082,5324,3,5187,1981,,1991-1991,1991,1991,0.0,0.0,10,,,0,0,0,732,
1083,633,0,237,1953,1953,1953-1953,1953,1953,1.0,1.0,0,0,0.0,0,0,0,662,
1084,6214,7,283,1988,1988,1988-1988,1988,1988,1.0,1.0,0,0,0.0,0,0,0,646,
1085,2920,3,5321,1999,,####-####,,,0.0,0.0,,,,0,0,0,678,
1086,5234,3,5548,2010,,2013-2013,2013,2013,0.0,0.0,3,,,0,0,0,736,
1087,1765,2,4919,2011,,####-####,,,0.0,0.0,,,,0,0,0,664,
1088,849,2,4314,1996,1997,2007-2008,2007,2008,-0.6923076923076923,0.07692307692307693,11,11,11.0,0,0,0,672,
1089,2194,0,1324,1937,1937,####-####,,,0.0,0.0,,,,0,0,0,656,
1090,2421,8,7715,2004,,2016-2017,2016,2017,0.0,0.0,12,,,0,0,0,687,
1091,7828,8,7688,2005,2009,Answer: 2005-2005,2005,2005,0.2,0.2,0,4,2.0,0,0,0,699,
1092,7646,8,7670,1989,2007,1989-2007,1989,2007,1.0,1.0,0,0,0.0,0,0,0,723,
1093,1380,7,103,1912,1912,1912-1912,1912,1912,1.0,1.0,0,0,0.0,0,0,0,662,
1094,1883,0,1361,1950,1950,1950-1950,1950,1950,1.0,1.0,0,0,0.0,0,0,0,654,
1095,2348,2,4757,2000,,1997-1999,1997,1999,0.0,0.0,3,,,0,0,0,714,
1096,864,4,759,2008,,2008-2011,2008,2011,0.0,0.0,0,,,0,0,0,672,
1097,3802,0,364,1955,1955,####-####,,,0.0,0.0,,,,0,0,0,552,
1098,3798,6,7427,1870,,Answer: ####-####,,,0.0,0.0,,,,0,0,0,701,
1099,4391,2,4325,2010,,####-####,,,0.0,0.0,,,,0,0,0,627,
1100,7540,8,7821,1932,1947,####-####,,,0.0,0.0,,,,0,0,0,721,
1101,2947,4,3351,2000,,####-####,,,0.0,0.0,,,,0,0,0,682,
1102,1216,0,139,1939,1939,1939-1939,1939,1939,1.0,1.0,0,0,0.0,0,0,0,700,
1103,1187,4,1970,1960,1979,####-####,,,0.0,0.0,,,,0,0,0,670,
1104,1343,2,4853,2009,2010,2008-2011,2008,2011,0.5,0.5,1,1,1.0,0,0,0,700,
1105,2760,3,5437,1998,,####-####,,,0.0,0.0,,,,0,0,0,672,
1106,4671,2,4333,2014,2015,####-####,,,0.0,0.0,,,,0,0,0,670,
1107,794,0,139,1926,1926,1926-1926,1926,1926,1.0,1.0,0,0,0.0,0,0,0,672,
1108,5711,3,5335,1967,,Answer: 1965-1965,1965,1965,0.0,0.0,2,,,0,0,0,670,
1109,2703,4,1373,1980,,####-####,,,0.0,0.0,,,,0,0,0,654,
1110,1108,4,1098,2006,,2006-2006,2006,2006,0.0,0.0,0,,,0,0,0,666,
1111,3527,2,4652,1998,1999,####-####,,,0.0,0.0,,,,0,0,0,558,
1112,5576,3,5508,1991,,####-####,,,0.0,0.0,,,,0,0,0,664,
1113,6290,7,985,2016,2016,####-####,,,0.0,0.0,,,,0,0,0,642,
1114,4673,2,4869,2010,2012,2012-2014,2012,2014,0.2,0.2,2,2,2.0,0,0,0,666,
1115,1431,7,7525,2001,2001,####-####,,,0.0,0.0,,,,0,0,0,680,
1116,4656,2,4633,2010,2011,####-####,,,0.0,0.0,,,,0,0,0,736,
1117,652,3,5802,1997,,####-####,,,0.0,0.0,,,,0,0,0,706,
1118,7859,8,7654,1991,1995,####-####,,,0.0,0.0,,,,0,0,0,691,
1119,3254,3,5475,1994,,1994-1994,1994,1994,0.0,0.0,0,,,0,0,0,680,
1120,4442,2,4439,2009,2010,####-####,,,0.0,0.0,,,,0,0,0,674,
1121,1043,3,5212,2011,,2009-2009,2009,2009,0.0,0.0,2,,,0,0,0,672,
1122,2731,3,5589,2016,,2016-2016,2016,2016,0.0,0.0,0,,,0,0,0,672,
1123,1404,3,5198,1973,,1968-1968,1968,1968,0.0,0.0,5,,,0,0,0,662,
1124,246,7,247,1987,1987,1987-1987,1987,1987,1.0,1.0,0,0,0.0,0,0,0,712,
1125,5857,3,5377,1880,,Answer: 1887-1887,1887,1887,0.0,0.0,7,,,0,0,0,686,
1126,4361,2,4362,2002,2003,2005-2005,2005,2005,-0.25,0.25,3,2,2.5,0,0,0,714,
1127,4493,2,4920,1998,2005,####-####,,,0.0,0.0,,,,0,0,0,724,
1128,3100,0,240,1874,1874,1874-1874,1874,1874,1.0,1.0,0,0,0.0,0,0,0,660,
1129,7695,8,7654,2016,,####-####,,,0.0,0.0,,,,0,0,0,689,
1130,3408,2,4537,1999,2003,1999-2003,1999,2003,1.0,1.0,0,0,0.0,0,0,0,678,
1131,2017,2,4420,2009,2013,Answer: ####-####,,,0.0,0.0,,,,0,0,0,704,
1132,2285,0,139,1915,1915,1915-1915,1915,1915,1.0,1.0,0,0,0.0,0,0,0,670,
1133,1276,4,2828,2010,,2010-2013,2010,2013,0.0,0.0,0,,,0,0,0,680,
1134,6230,4,2255,1952,1965,1944-1949,1944,1949,-0.09090909090909091,0.045454545454545456,8,16,12.0,0,0,0,682,
1135,2396,0,295,1897,1897,####-####,,,0.0,0.0,,,,0,0,0,652,
1136,3888,1,3889,1999,2005,####-####,,,0.0,0.0,,,,0,0,0,719,
1137,3755,0,283,1886,1886,1886-1886,1886,1886,1.0,1.0,0,0,0.0,0,0,0,654,
1138,1146,0,103,1873,1873,####-####,,,0.0,0.0,,,,0,0,0,653,
1139,1721,3,5689,2000,,Answer: 2000-2000,2000,2000,0.0,0.0,0,,,0,0,0,662,
1140,4536,2,4766,2002,2003,1999-2003,1999,2003,0.4,0.4,3,0,1.5,0,0,0,684,
1141,2445,0,463,1807,1807,Answer: 1807-1807,1807,1807,1.0,1.0,0,0,0.0,0,0,0,670,
1142,3218,0,1385,1957,1957,####-####,,,0.0,0.0,,,,0,0,0,680,
1143,3648,4,1326,1959,,1959-1959,1959,1959,0.0,0.0,0,,,0,0,0,462,
1144,821,7,79,1982,1982,1982-1982,1982,1982,1.0,1.0,0,0,0.0,0,0,0,662,
1145,2795,2,4777,2016,,####-####,,,0.0,0.0,,,,0,0,0,688,
1146,4269,2,4895,2007,2010,####-####,,,0.0,0.0,,,,0,0,0,551,
1147,2096,3,5934,1993,,1973-1973,1973,1973,0.0,0.0,20,,,0,0,0,694,
1148,1550,2,4849,2000,2004,####-####,,,0.0,0.0,,,,0,0,0,658,
1149,4775,2,4557,2011,2012,####-####,,,0.0,0.0,,,,0,0,0,670,
1150,1938,0,836,1926,1926,1926-1926,1926,1926,1.0,1.0,0,0,0.0,0,0,0,676,
1151,1688,3,5256,1945,,1941-1941,1941,1941,0.0,0.0,4,,,0,0,0,660,
1152,3672,0,240,1943,1943,####-####,,,0.0,0.0,,,,0,0,0,672,
1153,5910,3,5577,2008,,Answer: 2008-2008,2008,2008,0.0,0.0,0,,,0,0,0,744,
1154,156,2,4476,2003,,2002-2004,2002,2004,0.0,0.0,1,,,0,0,0,782,
1155,4184,6,3813,1959,1962,####-####,,,0.0,0.0,,,,0,0,0,681,
1156,175,0,176,1945,1945,1945-1945,1945,1945,1.0,1.0,0,0,0.0,0,0,0,686,
1157,6129,4,1542,1978,1999,1978-1999,1978,1999,1.0,1.0,0,0,0.0,0,0,0,682,
1158,837,6,3937,1957,,####-####,,,0.0,0.0,,,,0,0,0,729,
1159,2002,4,2603,1935,,####-####,,,0.0,0.0,,,,0,0,0,664,
1160,1611,0,189,1940,1940,1940-1940,1940,1940,1.0,1.0,0,0,0.0,0,0,0,535,
1161,2217,2,4518,2014,2015,2017-2017,2017,2017,-0.25,0.25,3,2,2.5,0,0,0,680,
1162,1821,3,5441,2013,,2014-2014,2014,2014,0.0,0.0,1,,,0,0,0,690,
1163,1705,2,4930,2006,2008,####-####,,,0.0,0.0,,,,0,0,0,672,
1164,2873,0,664,1980,1980,####-####,,,0.0,0.0,,,,0,0,0,680,
1165,7495,8,7706,1994,,Answer: 1994-1995,1994,1995,0.0,0.0,0,,,0,0,0,570,
1166,2882,0,1487,1971,1971,1971-1971,1971,1971,1.0,1.0,0,0,0.0,0,0,0,682,
1167,5924,3,5923,2009,,Answer: ####-####,,,0.0,0.0,,,,0,0,0,567,
1168,2601,0,2602,1976,1976,1976-1976,1976,1976,1.0,1.0,0,0,0.0,0,0,0,660,
1169,2236,3,5662,1989,,####-####,,,0.0,0.0,,,,0,0,0,672,
1170,630,2,4408,1996,1999,####-####,,,0.0,0.0,,,,0,0,0,680,
1171,2341,8,7684,1909,,1909-1917,1909,1917,0.0,0.0,0,,,0,0,0,731,
1172,2989,0,139,1938,1938,1938-1938,1938,1938,1.0,1.0,0,0,0.0,0,0,0,672,
1173,2055,7,245,2014,2014,2014-2014,2014,2014,1.0,1.0,0,0,0.0,0,0,0,648,
1174,2227,7,147,1964,1964,1964-1964,1964,1964,1.0,1.0,0,0,0.0,0,0,0,644,
1175,159,6,3813,1959,,####-####,,,0.0,0.0,,,,0,0,0,683,
1176,3346,7,79,1991,1991,1991-1991,1991,1991,1.0,1.0,0,0,0.0,0,0,0,666,
1177,6143,4,1215,2008,,2008-2017,2008,2017,0.0,0.0,0,,,0,0,0,676,
1178,5334,3,5343,2013,,2013-2016,2013,2016,0.0,0.0,0,,,0,0,0,664,
1179,3442,2,4894,1999,2005,2008-2010,2008,2010,-0.16666666666666666,0.08333333333333333,9,5,7.0,0,0,0,722,
1180,4278,2,4498,2012,,####-####,,,0.0,0.0,,,,0,0,0,680,
1181,2726,3,5782,1999,,####-####,,,0.0,0.0,,,,0,0,0,670,
1182,3419,3,5764,1988,,####-####,,,0.0,0.0,,,,0,0,0,712,
1183,4658,2,4491,2007,2008,####-####,,,0.0,0.0,,,,0,0,0,682,
1184,1116,8,7767,1965,1980,####-####,,,0.0,0.0,,,,0,0,0,575,
1185,1984,4,1626,1988,,Answer: ####-####,,,0.0,0.0,,,,0,0,0,668,
1186,2701,2,4331,1999,2000,Answer: 1998-1999,1998,1999,0.3333333333333333,0.3333333333333333,1,1,1.0,0,0,0,724,
1187,2116,8,7663,1826,,1812-1827,1812,1827,0.0,0.0,14,,,0,0,0,707,
1188,3367,3,5336,2000,,1998-1998,1998,1998,0.0,0.0,2,,,0,0,0,730,
1189,132,2,4539,1992,1993,####-####,,,0.0,0.0,,,,0,0,0,666,
1190,322,2,4693,2008,2009,####-####,,,0.0,0.0,,,,0,0,0,704,
1191,2233,0,1835,1972,1972,1972-1972,1972,1972,1.0,1.0,0,0,0.0,0,0,0,660,
1192,4942,2,4971,2012,2013,####-####,,,0.0,0.0,,,,0,0,0,670,
1193,4308,2,4967,2012,,####-####,,,0.0,0.0,,,,0,0,0,696,
1194,1091,7,1092,1874,1874,1874-1874,1874,1874,1.0,1.0,0,0,0.0,0,0,0,682,
1195,2329,8,7653,2012,2015,####-####,,,0.0,0.0,,,,0,0,0,707,
1196,2003,0,2004,1954,1954,####-####,,,0.0,0.0,,,,0,0,0,660,
1197,5807,3,5248,1962,,1962-1962,1962,1962,0.0,0.0,0,,,0,0,0,670,
1198,2947,0,125,1962,1962,1962-1962,1962,1962,1.0,1.0,0,0,0.0,0,0,0,666,
1199,5049,2,4236,2002,,2003-2003,2003,2003,0.0,0.0,1,,,0,0,0,732,
1200,579,0,544,1865,1865,1865-1865,1865,1865,1.0,1.0,0,0,0.0,0,0,0,706,
1201,2666,0,17,1970,1970,1970-1970,1970,1970,1.0,1.0,0,0,0.0,0,0,0,670,
1202,3653,0,139,1927,1927,1927-1927,1927,1927,1.0,1.0,0,0,0.0,0,0,0,694,
1203,3002,0,1229,1984,1984,1984-1984,1984,1984,1.0,1.0,0,0,0.0,0,0,0,662,
1204,805,0,806,1990,1990,1990-1990,1990,1990,1.0,1.0,0,0,0.0,0,0,0,650,
1205,2990,8,7653,1980,1980,1951-1969,1951,1969,-0.3333333333333333,0.03333333333333333,29,11,20.0,0,0,0,703,
1206,2379,2,4253,2000,2002,Answer: ####-####,,,0.0,0.0,,,,0,0,0,524,
1207,4534,2,4663,2010,2011,####-####,,,0.0,0.0,,,,0,0,0,658,
1208,7837,8,7761,1998,2007,1998-2007,1998,2007,1.0,1.0,0,0,0.0,0,0,0,695,
1209,5801,6,3814,1916,1913,####-####,,,0.0,0.0,,,,0,0,0,689,
1210,3265,8,7653,1955,1974,Answer: 1955-1969,1955,1969,0.75,0.75,0,5,2.5,0,0,0,707,
1211,2858,0,55,1906,1906,1906-1906,1906,1906,1.0,1.0,0,0,0.0,0,0,0,646,
1212,5900,7,7524,2017,2017,2017-2017,2017,2017,1.0,1.0,0,0,0.0,0,0,0,696,
1213,132,2,4370,1989,1991,####-####,,,0.0,0.0,,,,0,0,0,676,
1214,1426,0,3,1937,1937,####-####,,,0.0,0.0,,,,0,0,0,678,
1215,2516,0,37,1952,1952,Answer: 1952-1952,1952,1952,1.0,1.0,0,0,0.0,0,0,0,656,
1216,1970,0,139,1929,1929,1929-1929,1929,1929,1.0,1.0,0,0,0.0,0,0,0,662,
1217,4551,2,4412,2015,,####-####,,,0.0,0.0,,,,0,0,0,698,
1218,241,3,5920,1974,,Answer: 1975-1975,1975,1975,0.0,0.0,1,,,0,0,0,688,
1219,4274,2,4275,2013,2014,####-####,,,0.0,0.0,,,,0,0,0,718,
1220,1727,3,5808,1978,,####-####,,,0.0,0.0,,,,0,0,0,704,
1221,219,2,4995,2013,,2013-2014,2013,2014,0.0,0.0,0,,,0,0,0,698,
1222,193,0,194,1911,1911,Answer: 1911-1911,1911,1911,1.0,1.0,0,0,0.0,0,0,0,654,
1223,4619,2,4691,2015,2016,Answer: ####-####,,,0.0,0.0,,,,0,0,0,704,
1224,242,2,4722,1997,2000,Answer: 1993-1995,1993,1995,-0.125,0.125,4,5,4.5,0,0,0,726,
1225,5773,3,5307,1965,,1965-1965,1965,1965,0.0,0.0,0,,,0,0,0,728,
1226,1282,0,139,1906,1906,####-####,,,0.0,0.0,,,,0,0,0,664,
1227,1184,4,2867,2016,,2016-2016,2016,2016,0.0,0.0,0,,,0,0,0,670,
1228,6065,7,139,1978,1978,1978-1978,1978,1978,1.0,1.0,0,0,0.0,0,0,0,662,
1229,3510,4,2596,1982,1999,####-####,,,0.0,0.0,,,,0,0,0,654,
1230,5314,3,5434,1997,,####-####,,,0.0,0.0,,,,0,0,0,674,
1231,4852,2,4696,1893,1897,Answer: 1890-1893,1890,1893,0.125,0.125,3,4,3.5,0,0,0,720,
1232,5226,3,5165,1977,,Answer: 1999-1999,1999,1999,0.0,0.0,22,,,0,0,0,664,
1233,1827,2,4528,2016,,####-####,,,0.0,0.0,,,,0,0,0,686,
1234,486,0,89,1941,1941,####-####,,,0.0,0.0,,,,0,0,0,658,
1235,5897,3,5261,1984,,1991-1991,1991,1991,0.0,0.0,7,,,0,0,0,732,
1236,1731,6,7459,1938,,1938-1938,1938,1938,0.0,0.0,0,,,0,0,0,699,
1237,2685,4,2034,1976,,####-####,,,0.0,0.0,,,,0,0,0,670,
1238,5253,6,4140,1960,,####-####,,,0.0,0.0,,,,0,0,0,691,
1239,1680,8,7653,2009,,####-####,,,0.0,0.0,,,,0,0,0,719,
1240,4462,2,4487,2006,2007,####-####,,,0.0,0.0,,,,0,0,0,666,
1241,1058,0,520,1859,1859,####-####,,,0.0,0.0,,,,0,0,0,676,
1242,5789,3,5332,1982,1986,1986-1989,1986,1989,0.125,0.125,4,3,3.5,0,0,0,688,
1243,3352,0,39,1955,1955,1955-1955,1955,1955,1.0,1.0,0,0,0.0,0,0,0,654,
1244,3094,2,4936,2009,,2008-2010,2008,2010,0.0,0.0,1,,,0,0,0,736,
1245,4927,2,4268,2009,2011,####-####,,,0.0,0.0,,,,0,0,0,666,
1246,3619,3,5521,1955,,####-####,,,0.0,0.0,,,,0,0,0,694,
1247,5769,3,5377,1882,,1883-1883,1883,1883,0.0,0.0,1,,,0,0,0,668,
1248,3305,4,1317,2015,,####-####,,,0.0,0.0,,,,0,0,0,694,
1249,2425,4,1093,1967,2012,1967-2012,1967,2012,1.0,1.0,0,0,0.0,0,0,0,688,
1250,2342,0,384,1978,1978,####-####,,,0.0,0.0,,,,0,0,0,684,
1251,4516,2,4781,2009,2012,####-####,,,0.0,0.0,,,,0,0,0,688,
1252,7640,7,3,1850,1850,1850-1850,1850,1850,1.0,1.0,0,0,0.0,0,0,0,674,
1253,3380,4,244,1998,2015,Answer: 1992-1992,1992,1992,-0.20833333333333334,0.041666666666666664,6,23,14.5,0,0,0,674,
1254,4421,2,4441,1997,1998,####-####,,,0.0,0.0,,,,0,0,0,684,
1255,4274,2,4489,1999,2003,####-####,,,0.0,0.0,,,,0,0,0,710,
1256,1181,0,89,1960,1960,1960-1960,1960,1960,1.0,1.0,0,0,0.0,0,0,0,660,
1257,741,0,67,1939,1939,Answer: 1939-1939,1939,1939,1.0,1.0,0,0,0.0,0,0,0,656,
1258,4772,2,4734,1995,1999,####-####,,,0.0,0.0,,,,0,0,0,702,
1259,2582,4,787,1946,1977,1946-1977,1946,1977,1.0,1.0,0,0,0.0,0,0,0,676,
1260,1759,2,4939,2004,2005,####-####,,,0.0,0.0,,,,0,0,0,724,
1261,132,2,5013,1993,1994,####-####,,,0.0,0.0,,,,0,0,0,666,
1262,5480,3,5172,1990,,1987-1987,1987,1987,0.0,0.0,3,,,0,0,0,702,
1263,3803,8,7653,1995,,####-####,,,0.0,0.0,,,,0,0,0,735,
1264,4809,2,4708,2016,,####-####,,,0.0,0.0,,,,0,0,0,690,
1265,4620,2,4661,2007,2008,2006-2008,2006,2008,0.6666666666666666,0.6666666666666666,1,0,0.5,0,0,0,720,
1266,5511,3,5548,2009,,####-####,,,0.0,0.0,,,,0,0,0,734,
1267,4599,2,4268,2007,,####-####,,,0.0,0.0,,,,0,0,0,712,
1268,2156,7,139,2003,2003,2003-2003,2003,2003,1.0,1.0,0,0,0.0,0,0,0,680,
1269,5573,3,5221,1986,,1977-1977,1977,1977,0.0,0.0,9,,,0,0,0,686,
1270,2331,4,3137,2008,2011,####-####,,,0.0,0.0,,,,0,0,0,666,
1271,5611,3,5227,1988,,Answer: 1988-1988,1988,1988,0.0,0.0,0,,,0,0,0,674,
1272,3222,2,4472,2006,,2003-2005,2003,2005,0.0,0.0,3,,,0,0,0,778,
1273,5189,3,5467,1978,,1981-1981,1981,1981,0.0,0.0,3,,,0,0,0,670,
1274,1613,2,4345,2011,2013,2007-2009,2007,2009,-0.14285714285714285,0.14285714285714285,4,4,4.0,0,0,0,662,
1275,821,0,176,1915,1915,1915-1915,1915,1915,1.0,1.0,0,0,0.0,0,0,0,668,
1276,2911,8,7665,1909,,1901-1910,1901,1910,0.0,0.0,8,,,0,0,0,689,
1277,2616,4,1016,1982,,####-####,,,0.0,0.0,,,,0,0,0,668,
1278,5439,3,5332,1961,,####-####,,,0.0,0.0,,,,0,0,0,554,
1279,7625,8,7653,1986,1998,####-####,,,0.0,0.0,,,,0,0,0,703,
1280,5947,3,5485,1920,,####-####,,,0.0,0.0,,,,0,0,0,710,
1281,930,4,2355,2000,2014,2000-2014,2000,2014,1.0,1.0,0,0,0.0,0,0,0,672,
1282,3275,2,4358,2005,2006,####-####,,,0.0,0.0,,,,0,0,0,710,
1283,3409,0,79,1925,1925,1925-1925,1925,1925,1.0,1.0,0,0,0.0,0,0,0,668,
1284,4480,2,4387,2011,,Answer: 2009-2011,2009,2011,0.0,0.0,2,,,0,0,0,696,
1285,3612,2,4559,2008,2011,2013-2016,2013,2016,-0.1111111111111111,0.1111111111111111,5,5,5.0,0,0,0,658,
1286,1457,7,79,1981,1981,1981-1981,1981,1981,1.0,1.0,0,0,0.0,0,0,0,658,
1287,7617,8,7692,2002,2014,2002-2014,2002,2014,1.0,1.0,0,0,0.0,0,0,0,705,
1288,448,2,4824,2011,2012,####-####,,,0.0,0.0,,,,0,0,0,660,
1289,799,0,775,1907,1907,1907-1907,1907,1907,1.0,1.0,0,0,0.0,0,0,0,656,
1290,993,0,441,1916,1916,1916-1916,1916,1916,1.0,1.0,0,0,0.0,0,0,0,684,
1291,5421,3,5179,2013,,####-####,,,0.0,0.0,,,,0,0,0,700,
1292,607,3,5635,2005,,1992-1992,1992,1992,0.0,0.0,13,,,0,0,0,656,
1293,1319,4,698,2002,,Answer: 2002-2002,2002,2002,0.0,0.0,0,,,0,0,0,572,
1294,3407,0,57,1959,1959,1959-1959,1959,1959,1.0,1.0,0,0,0.0,0,0,0,648,
1295,3280,8,7834,2013,,####-####,,,0.0,0.0,,,,0,0,0,606,
1296,2438,6,3884,1959,,####-####,,,0.0,0.0,,,,0,0,0,679,
1297,3396,2,4382,2009,,2010-2011,2010,2011,0.0,0.0,1,,,0,0,0,680,
1298,4940,2,4896,2013,2014,####-####,,,0.0,0.0,,,,0,0,0,668,
1299,2396,3,5646,1972,,####-####,,,0.0,0.0,,,,0,0,0,686,
1300,5536,3,5377,1851,,1884-1884,1884,1884,0.0,0.0,33,,,0,0,0,666,
1301,1459,3,5179,1933,,1931-1931,1931,1931,0.0,0.0,2,,,0,0,0,704,
1302,593,4,860,1926,1931,####-####,,,0.0,0.0,,,,0,0,0,668,
1303,4131,1,4090,1952,1984,####-####,,,0.0,0.0,,,,0,0,0,641,
1304,3508,7,139,1985,1985,1985-1985,1985,1985,1.0,1.0,0,0,0.0,0,0,0,660,
1305,7741,8,7698,2009,,####-####,,,0.0,0.0,,,,0,0,0,707,
1306,3778,0,243,1943,1943,####-####,,,0.0,0.0,,,,0,0,0,662,
1307,4467,2,4412,2012,,####-####,,,0.0,0.0,,,,0,0,0,660,
1308,2088,0,279,1966,1966,1966-1966,1966,1966,1.0,1.0,0,0,0.0,0,0,0,652,
1309,2805,3,5204,1963,,1962-1962,1962,1962,0.0,0.0,1,,,0,0,0,698,
1310,511,2,4489,1998,2005,####-####,,,0.0,0.0,,,,0,0,0,660,
1311,5466,7,89,1978,1978,1978-1978,1978,1978,1.0,1.0,0,0,0.0,0,0,0,658,
1312,891,2,4386,2006,,####-####,,,0.0,0.0,,,,0,0,0,674,
1313,3743,2,4817,2007,2008,####-####,,,0.0,0.0,,,,0,0,0,690,
1314,244,0,245,1964,1964,1964-1964,1964,1964,1.0,1.0,0,0,0.0,0,0,0,650,
1315,565,0,555,1930,1930,Answer: ####-####,,,0.0,0.0,,,,0,0,0,656,
1316,5042,2,4717,2014,2015,####-####,,,0.0,0.0,,,,0,0,0,690,
1317,4905,2,4469,2004,2005,####-####,,,0.0,0.0,,,,0,0,0,688,
1318,6078,7,149,2013,2013,2013-2013,2013,2013,1.0,1.0,0,0,0.0,0,0,0,668,
1319,5431,7,470,1978,1978,1978-1978,1978,1978,1.0,1.0,0,0,0.0,0,0,0,670,
1320,1005,4,2470,1928,1946,####-####,,,0.0,0.0,,,,0,0,0,688,
1321,2859,2,4564,2012,,####-####,,,0.0,0.0,,,,0,0,0,730,
1322,398,6,3993,1962,,1950-1950,1950,1950,0.0,0.0,12,,,0,0,0,709,
1323,708,7,2922,1885,1885,####-####,,,0.0,0.0,,,,0,0,0,678,
1324,3513,2,5024,2012,2013,####-####,,,0.0,0.0,,,,0,0,0,676,
1325,1772,6,4033,1968,,####-####,,,0.0,0.0,,,,0,0,0,695,
1326,4704,2,4454,2013,2012,####-####,,,0.0,0.0,,,,0,0,0,672,
1327,853,4,1183,1964,1964,1971-1974,1971,1974,-0.5454545454545454,0.09090909090909091,7,10,8.5,0,0,0,676,
1328,1996,0,3,1945,1945,####-####,,,0.0,0.0,,,,0,0,0,670,
1329,4406,2,4388,2011,2013,####-####,,,0.0,0.0,,,,0,0,0,672,
1330,3196,8,7668,1981,,1960-1981,1960,1981,0.0,0.0,21,,,0,0,0,735,
1331,4581,2,4769,1988,1989,1989-1989,1989,1989,0.5,0.5,1,0,0.5,0,0,0,718,
1332,4879,2,4592,2009,2011,####-####,,,0.0,0.0,,,,0,0,0,680,
1333,4566,2,4414,2004,2005,####-####,,,0.0,0.0,,,,0,0,0,706,
1334,1850,3,5177,1969,,1969-1969,1969,1969,0.0,0.0,0,,,0,0,0,694,
1335,1219,6,3823,1944,,####-####,,,0.0,0.0,,,,0,0,0,685,
1336,1609,0,533,1891,1891,1891-1891,1891,1891,1.0,1.0,0,0,0.0,0,0,0,686,
1337,984,4,3210,1987,,####-####,,,0.0,0.0,,,,0,0,0,682,
1338,1019,2,4436,2006,,2010-2010,2010,2010,0.0,0.0,4,,,0,0,0,686,
1339,3673,0,89,1940,1940,####-####,,,0.0,0.0,,,,0,0,0,550,
1340,5234,3,5307,2012,,2012-2012,2012,2012,0.0,0.0,0,,,0,0,0,722,
1341,839,0,83,1931,1931,1931-1931,1931,1931,1.0,1.0,0,0,0.0,0,0,0,660,
1342,3420,6,3848,1924,,####-####,,,0.0,0.0,,,,0,0,0,705,
1343,6126,4,6127,1935,1954,####-####,,,0.0,0.0,,,,0,0,0,662,
1344,4502,2,5059,1998,1999,2003-2004,2003,2004,-0.42857142857142855,0.14285714285714285,5,5,5.0,0,0,0,670,
1345,132,2,4321,1991,1992,####-####,,,0.0,0.0,,,,0,0,0,672,
1346,5255,3,5278,1997,,Answer: 1993-1993,1993,1993,0.0,0.0,4,,,0,0,0,666,
1347,3966,1,3871,1983,,####-####,,,0.0,0.0,,,,0,0,0,705,
1348,4297,2,4567,2001,2003,####-####,,,0.0,0.0,,,,0,0,0,692,
1349,4744,2,4787,2015,2016,####-####,,,0.0,0.0,,,,0,0,0,692,
1350,842,8,7654,2015,,####-####,,,0.0,0.0,,,,0,0,0,689,
1351,4404,2,4873,2009,,####-####,,,0.0,0.0,,,,0,0,0,692,
1352,2794,7,105,1981,1981,1981-1981,1981,1981,1.0,1.0,0,0,0.0,0,0,0,654,
1353,2400,2,4257,2003,2004,2007-2008,2007,2008,-0.3333333333333333,0.16666666666666666,4,4,4.0,0,0,0,672,
1354,4233,2,4234,2009,2010,####-####,,,0.0,0.0,,,,0,0,0,666,
1355,860,7,139,1977,1977,####-####,,,0.0,0.0,,,,0,0,0,666,
1356,5515,3,5217,2004,,####-####,,,0.0,0.0,,,,0,0,0,696,
1357,5637,3,5670,1939,,1929-1929,1929,1929,0.0,0.0,10,,,0,0,0,678,
1358,5189,3,5256,1971,,1981-1981,1981,1981,0.0,0.0,10,,,0,0,0,664,
1359,3078,3,5651,1947,,1946-1946,1946,1946,0.0,0.0,1,,,0,0,0,720,
1360,4251,2,4963,2003,2004,####-####,,,0.0,0.0,,,,0,0,0,686,
1361,4605,2,4968,2007,2008,####-####,,,0.0,0.0,,,,0,0,0,672,
1362,1221,4,668,1934,1939,1934-1939,1934,1939,1.0,1.0,0,0,0.0,0,0,0,688,
1363,4694,2,4994,2003,2007,Answer: ####-####,,,0.0,0.0,,,,0,0,0,678,
1364,4606,2,4690,1998,1999,2014-2016,2014,2016,-0.7368421052631579,0.05263157894736842,16,17,16.5,0,0,0,666,
1365,4812,2,4811,2001,2004,####-####,,,0.0,0.0,,,,0,0,0,680,
1366,998,8,7677,1919,,1917-1931,1917,1931,0.0,0.0,2,,,0,0,0,751,
1367,4379,2,4945,2003,2007,Answer: ####-####,,,0.0,0.0,,,,0,0,0,666,
1368,5834,3,5682,1997,,Answer: ####-####,,,0.0,0.0,,,,0,0,0,702,
1369,477,7,838,1945,1945,####-####,,,0.0,0.0,,,,0,0,0,690,
1370,3162,6,3852,1842,,####-####,,,0.0,0.0,,,,0,0,0,701,
1371,4568,2,4537,2008,,####-####,,,0.0,0.0,,,,0,0,0,672,
1372,3731,7,2073,1962,1962,1962-1962,1962,1962,1.0,1.0,0,0,0.0,0,0,0,654,
1373,4749,2,4501,2009,,2013-2015,2013,2015,0.0,0.0,4,,,0,0,0,670,
1374,4980,2,4430,1995,1996,####-####,,,0.0,0.0,,,,0,0,0,666,
1375,4536,2,4902,1999,2001,####-####,,,0.0,0.0,,,,0,0,0,658,
1376,1562,4,2901,1957,,####-####,,,0.0,0.0,,,,0,0,0,668,
1377,5041,2,5141,2004,2006,####-####,,,0.0,0.0,,,,0,0,0,555,
1378,2034,0,273,1941,1941,1941-1941,1941,1941,1.0,1.0,0,0,0.0,0,0,0,660,
1379,160,2,4242,2006,,Answer: ####-####,,,0.0,0.0,,,,0,0,0,654,
1380,4664,2,4494,1992,1994,2000-2003,2000,2003,-0.4166666666666667,0.08333333333333333,8,9,8.5,0,0,0,688,
1381,2905,0,13,1967,1967,1967-1967,1967,1967,1.0,1.0,0,0,0.0,0,0,0,656,
1382,1675,2,4238,1994,,####-####,,,0.0,0.0,,,,0,0,0,742,
1383,5844,3,5303,1997,,####-####,,,0.0,0.0,,,,0,0,0,748,
1384,5609,3,5172,1990,,1962-1962,1962,1962,0.0,0.0,28,,,0,0,0,698,
1385,2399,4,1600,1998,,Answer: ####-####,,,0.0,0.0,,,,0,0,0,654,
1386,21,8,7657,1972,,1976-1976,1976,1976,0.0,0.0,4,,,0,0,0,574,
1387,3503,3,5423,1975,,####-####,,,0.0,0.0,,,,0,0,0,678,
1388,4867,2,4870,2010,2011,####-####,,,0.0,0.0,,,,0,0,0,664,
1389,3842,6,4059,1943,,####-####,,,0.0,0.0,,,,0,0,0,681,
1390,87,0,3,1896,1896,1896-1896,1896,1896,1.0,1.0,0,0,0.0,0,0,0,676,
1391,4711,2,4485,2001,2002,####-####,,,0.0,0.0,,,,0,0,0,730,
1392,1443,0,63,1938,1938,1938-1938,1938,1938,1.0,1.0,0,0,0.0,0,0,0,660,
1393,4836,2,4273,2009,,2010-2011,2010,2011,0.0,0.0,1,,,0,0,0,670,
1394,4948,2,5005,2010,,####-####,,,0.0,0.0,,,,0,0,0,672,
1395,2451,0,139,1934,1934,1934-1934,1934,1934,1.0,1.0,0,0,0.0,0,0,0,664,
1396,7855,8,7675,1990,1999,Answer: 1990-1999,1990,1999,1.0,1.0,0,0,0.0,0,0,0,731,
1397,3646,0,2141,1934,1934,Answer: 1934-1934,1934,1934,1.0,1.0,0,0,0.0,0,0,0,662,
1398,5487,3,5775,1962,,####-####,,,0.0,0.0,,,,0,0,0,662,
1399,420,0,421,1936,1936,####-####,,,0.0,0.0,,,,0,0,0,516,
1400,6124,7,103,1998,1998,1998-1998,1998,1998,1.0,1.0,0,0,0.0,0,0,0,644,
1401,3557,2,4350,2007,2008,####-####,,,0.0,0.0,,,,0,0,0,664,
1402,4638,2,4494,2008,2012,####-####,,,0.0,0.0,,,,0,0,0,678,
1403,1551,3,5172,1989,,1976-1976,1976,1976,0.0,0.0,13,,,0,0,0,712,
1404,7718,8,7677,1925,,1922-1931,1922,1931,0.0,0.0,3,,,0,0,0,759,
1405,952,0,57,1950,1950,1950-1950,1950,1950,1.0,1.0,0,0,0.0,0,0,0,660,
1406,3121,0,137,1936,1936,1936-1936,1936,1936,1.0,1.0,0,0,0.0,0,0,0,658,
1407,3187,7,9,1953,1953,####-####,,,0.0,0.0,,,,0,0,0,656,
1408,429,2,4825,2013,2016,2014-2016,2014,2016,0.75,0.75,1,0,0.5,0,0,0,704,
1409,4795,2,4242,2010,,####-####,,,0.0,0.0,,,,0,0,0,662,
1410,1618,7,2875,1989,1989,1989-1989,1989,1989,1.0,1.0,0,0,0.0,0,0,0,684,
1411,3799,8,7652,1931,,1931-1945,1931,1945,0.0,0.0,0,,,0,0,0,703,
1412,3629,7,2122,1926,1926,1926-1926,1926,1926,1.0,1.0,0,0,0.0,0,0,0,682,
1413,3425,3,5571,1991,,####-####,,,0.0,0.0,,,,0,0,0,680,
1414,2848,8,7749,1995,2007,2000-2007,2000,2007,0.6153846153846154,0.6153846153846154,5,0,2.5,0,0,0,707,
1415,6128,4,3738,1957,,####-####,,,0.0,0.0,,,,0,0,0,686,
1416,5147,2,4725,2010,2011,####-####,,,0.0,0.0,,,,0,0,0,670,
1417,335,0,336,1964,1964,1964-1964,1964,1964,1.0,1.0,0,0,0.0,0,0,0,690,
1418,3367,0,149,1947,1947,1947-1947,1947,1947,1.0,1.0,0,0,0.0,0,0,0,668,
1419,2076,2,5052,2002,2003,####-####,,,0.0,0.0,,,,0,0,0,696,
1420,1805,2,4709,1996,,####-####,,,0.0,0.0,,,,0,0,0,670,
1421,331,2,4967,2012,,2015-2016,2015,2016,0.0,0.0,3,,,0,0,0,674,
1422,2916,0,1428,1962,1962,####-####,,,0.0,0.0,,,,0,0,0,642,
1423,2495,8,7654,2009,,####-####,,,0.0,0.0,,,,0,0,0,697,
1424,3600,2,4991,1998,1999,####-####,,,0.0,0.0,,,,0,0,0,708,
1425,7532,7,3,1893,1893,1893-1893,1893,1893,1.0,1.0,0,0,0.0,0,0,0,674,
1426,1735,2,4317,2005,,####-####,,,0.0,0.0,,,,0,0,0,646,
1427,4887,2,4324,2003,2004,2002-2004,2002,2004,0.6666666666666666,0.6666666666666666,1,0,0.5,0,0,0,730,
1428,3580,0,65,1946,1946,####-####,,,0.0,0.0,,,,0,0,0,676,
1429,4782,2,5140,2015,,####-####,,,0.0,0.0,,,,0,0,0,708,
1430,2645,2,4813,2014,2015,####-####,,,0.0,0.0,,,,0,0,0,664,
1431,4580,2,4317,2015,,2015-2020,2015,2020,0.0,0.0,0,,,0,0,0,656,
1432,6166,4,2910,1921,1932,1921-1929,1921,1929,0.75,0.75,0,3,1.5,0,0,0,676,
1433,5804,3,5583,1946,,1946-1946,1946,1946,0.0,0.0,0,,,0,0,0,682,
1434,758,6,3814,1951,,####-####,,,0.0,0.0,,,,0,0,0,685,
1435,4271,2,4842,2012,2013,####-####,,,0.0,0.0,,,,0,0,0,694,
1436,457,2,4885,1991,1992,####-####,,,0.0,0.0,,,,0,0,0,658,
1437,4790,2,4778,2000,2001,####-####,,,0.0,0.0,,,,0,0,0,648,
1438,926,4,3622,2002,2009,####-####,,,0.0,0.0,,,,0,0,0,672,
1439,2779,4,3298,2010,,2010-2010,2010,2010,0.0,0.0,0,,,0,0,0,676,
1440,6251,4,1231,1937,1955,####-####,,,0.0,0.0,,,,0,0,0,672,
1441,1482,4,3671,2013,2016,2013-2017,2013,2017,0.8,0.8,0,1,0.5,0,0,0,674,
1442,1872,0,674,1926,1926,1926-1926,1926,1926,1.0,1.0,0,0,0.0,0,0,0,660,
1443,3611,7,7513,1986,1986,1986-1986,1986,1986,1.0,1.0,0,0,0.0,0,0,0,684,
1444,709,3,5389,1991,,####-####,,,0.0,0.0,,,,0,0,0,674,
1445,2955,4,2169,1969,1969,####-####,,,0.0,0.0,,,,0,0,0,680,
1446,5703,3,5191,1890,,Answer: 1890-1890,1890,1890,0.0,0.0,0,,,0,0,0,684,
1447,574,4,590,2017,,2017-2017,2017,2017,0.0,0.0,0,,,0,0,0,664,
1448,3462,0,959,1943,1943,1943-1943,1943,1943,1.0,1.0,0,0,0.0,0,0,0,678,
1449,609,0,610,1953,1953,1953-1953,1953,1953,1.0,1.0,0,0,0.0,0,0,0,674,
1450,2252,7,1004,1968,1968,####-####,,,0.0,0.0,,,,0,0,0,512,
1451,4953,2,5033,2009,2011,####-####,,,0.0,0.0,,,,0,0,0,594,
1452,2900,0,83,1893,1893,1893-1893,1893,1893,1.0,1.0,0,0,0.0,0,0,0,658,
1453,1530,2,5054,1979,1983,####-####,,,0.0,0.0,,,,0,0,0,714,
1454,3527,2,4894,2001,2006,####-####,,,0.0,0.0,,,,0,0,0,586,
1455,1409,2,4378,1989,1991,Answer: 1987-1988,1987,1988,0.0,0.2,2,3,2.5,0,0,0,686,
1456,5691,3,5274,1987,,1988-1988,1988,1988,0.0,0.0,1,,,0,0,0,678,
1457,5354,3,5247,2007,,2019-2021,2019,2021,0.0,0.0,12,,,0,0,0,736,
1458,4838,2,4347,2003,2006,2003-2006,2003,2006,1.0,1.0,0,0,0.0,0,0,0,728,
1459,186,0,187,1953,1953,1953-1953,1953,1953,1.0,1.0,0,0,0.0,0,0,0,658,
1460,3723,0,889,1956,1956,####-####,,,0.0,0.0,,,,0,0,0,682,
1461,3414,3,5729,1980,,####-####,,,0.0,0.0,,,,0,0,0,740,
1462,3475,4,425,1996,2012,####-####,,,0.0,0.0,,,,0,0,0,694,
1463,562,7,1120,1993,1993,1993-1993,1993,1993,1.0,1.0,0,0,0.0,0,0,0,654,
1464,4533,2,4498,2014,2016,####-####,,,0.0,0.0,,,,0,0,0,676,
1465,2207,4,1923,1977,1997,####-####,,,0.0,0.0,,,,0,0,0,664,
1466,1684,7,7513,1995,1995,1995-1995,1995,1995,1.0,1.0,0,0,0.0,0,0,0,688,
1467,3458,4,1860,1989,,1989-1989,1989,1989,0.0,0.0,0,,,0,0,0,682,
1468,1200,0,265,1976,1976,1976-1976,1976,1976,1.0,1.0,0,0,0.0,0,0,0,652,
1469,7770,8,7674,1848,,1830-1856,1830,1856,0.0,0.0,18,,,0,0,0,699,
1470,132,2,4348,1984,1985,####-####,,,0.0,0.0,,,,0,0,0,722,
1471,1827,2,4626,2002,2009,2009-2012,2009,2012,0.09090909090909091,0.09090909090909091,7,3,5.0,0,0,0,664,
1472,7434,6,3831,1951,,####-####,,,0.0,0.0,,,,0,0,0,697,
1473,5966,4,6298,1930,1935,####-####,,,0.0,0.0,,,,0,0,0,676,
1474,90,0,91,1984,1984,####-####,,,0.0,0.0,,,,0,0,0,660,
1475,4274,2,4414,2008,2009,####-####,,,0.0,0.0,,,,0,0,0,718,
1476,3194,6,3997,1980,1989,####-####,,,0.0,0.0,,,,0,0,0,689,
1477,3136,8,7706,1994,,1994-1994,1994,1994,0.0,0.0,0,,,0,0,0,560,
1478,3003,0,139,1920,1920,1920-1920,1920,1920,1.0,1.0,0,0,0.0,0,0,0,684,
1479,4695,2,4696,2007,2008,2021-2023,2021,2023,-0.7058823529411765,0.058823529411764705,14,15,14.5,0,0,0,670,
1480,2468,7,168,1944,1944,1944-1944,1944,1944,1.0,1.0,0,0,0.0,0,0,0,688,
1481,2914,6,4140,1975,,####-####,,,0.0,0.0,,,,0,0,0,699,
1482,1495,0,589,1918,1918,1918-1918,1918,1918,1.0,1.0,0,0,0.0,0,0,0,658,
1483,3727,0,63,1976,1976,1976-1976,1976,1976,1.0,1.0,0,0,0.0,0,0,0,660,
1484,5463,7,399,1988,1988,1988-1988,1988,1988,1.0,1.0,0,0,0.0,0,0,0,678,
1485,1671,0,1277,1948,1948,####-####,,,0.0,0.0,,,,0,0,0,662,
1486,1858,7,245,2013,2013,Answer: ####-####,,,0.0,0.0,,,,0,0,0,514,
1487,796,7,103,1971,1971,1971-1971,1971,1971,1.0,1.0,0,0,0.0,0,0,0,648,
1488,4373,2,4714,2012,2015,2012-2015,2012,2015,1.0,1.0,0,0,0.0,0,0,0,662,
1489,4619,2,5045,2013,2015,####-####,,,0.0,0.0,,,,0,0,0,700,
1490,1379,0,648,1839,1839,1839-1839,1839,1839,1.0,1.0,0,0,0.0,0,0,0,662,
1491,1625,7,7517,1964,1964,Answer: 1964-1964,1964,1964,1.0,1.0,0,0,0.0,0,0,0,662,
1492,1787,0,125,1955,1955,####-####,,,0.0,0.0,,,,0,0,0,664,
1493,5234,3,5675,2007,,2010-2010,2010,2010,0.0,0.0,3,,,0,0,0,678,
1494,4545,2,4371,2009,,2008-2009,2008,2009,0.0,0.0,1,,,0,0,0,716,
1495,2686,4,3526,2002,2005,####-####,,,0.0,0.0,,,,0,0,0,666,
1496,827,4,264,1995,,####-####,,,0.0,0.0,,,,0,0,0,668,
1497,6316,7,7493,1983,1983,####-####,,,0.0,0.0,,,,0,0,0,686,
1498,5884,3,5367,1971,,Answer: 1969-1969,1969,1969,0.0,0.0,2,,,0,0,0,680,
1499,1726,3,5410,1983,,1986-1986,1986,1986,0.0,0.0,3,,,0,0,0,710,
1500,2191,7,103,1967,1967,1967-1967,1967,1967,1.0,1.0,0,0,0.0,0,0,0,672,
1501,2456,6,3823,1947,,1950-1950,1950,1950,0.0,0.0,3,,,0,0,0,685,
1502,902,2,4358,1996,1997,####-####,,,0.0,0.0,,,,0,0,0,674,
1503,807,3,5179,2012,,####-####,,,0.0,0.0,,,,0,0,0,698,
1504,4467,2,4257,2009,2011,Answer: ####-####,,,0.0,0.0,,,,0,0,0,666,
1505,6108,4,2060,2000,2006,1986-1993,1986,1993,-0.2857142857142857,0.047619047619047616,14,13,13.5,0,0,0,672,
1506,4716,2,4873,2009,,####-####,,,0.0,0.0,,,,0,0,0,676,
1507,5822,3,5211,2010,,####-####,,,0.0,0.0,,,,0,0,0,668,
1508,7760,8,7683,2007,,2007-2007,2007,2007,0.0,0.0,0,,,0,0,0,695,
1509,3251,8,7794,1997,2001,1997-2001,1997,2001,1.0,1.0,0,0,0.0,0,0,0,669,
1510,670,4,6162,1982,,####-####,,,0.0,0.0,,,,0,0,0,676,
1511,2321,2,4787,2015,,####-####,,,0.0,0.0,,,,0,0,0,672,
1512,2243,3,5459,1959,,1958-1958,1958,1958,0.0,0.0,1,,,0,0,0,686,
1513,3230,4,1861,1969,1975,####-####,,,0.0,0.0,,,,0,0,0,662,
1514,5972,6,7482,1907,1931,####-####,,,0.0,0.0,,,,0,0,0,685,
1515,1338,2,4825,2006,2007,####-####,,,0.0,0.0,,,,0,0,0,724,
1516,1127,2,4767,2013,,####-####,,,0.0,0.0,,,,0,0,0,664,
1517,2671,0,589,1964,1964,1964-1964,1964,1964,1.0,1.0,0,0,0.0,0,0,0,650,
1518,2642,8,7659,1951,1991,Answer: 1961-1985,1961,1985,0.6097560975609756,0.6097560975609756,10,6,8.0,0,0,0,705,
1519,5790,7,555,1954,1954,1954-1954,1954,1954,1.0,1.0,0,0,0.0,0,0,0,674,
1520,3807,0,478,1956,1956,####-####,,,0.0,0.0,,,,0,0,0,684,
1521,5884,3,5417,1977,,1974-1974,1974,1974,0.0,0.0,3,,,0,0,0,662,
1522,3560,0,480,1966,1966,1966-1966,1966,1966,1.0,1.0,0,0,0.0,0,0,0,664,
1523,5695,3,5621,2012,,####-####,,,0.0,0.0,,,,0,0,0,682,
1524,503,2,4321,2009,2010,####-####,,,0.0,0.0,,,,0,0,0,664,
1525,3747,0,648,1914,1914,1914-1914,1914,1914,1.0,1.0,0,0,0.0,0,0,0,660,
1526,596,4,6021,1956,1972,1956-1972,1956,1972,1.0,1.0,0,0,0.0,0,0,0,668,
1527,4907,2,4267,2007,,2005-2007,2005,2007,0.0,0.0,2,,,0,0,0,710,
1528,3165,3,5252,1985,,1984-1984,1984,1984,0.0,0.0,1,,,0,0,0,696,
1529,772,6,7459,1886,,####-####,,,0.0,0.0,,,,0,0,0,685,
1530,2704,2,4345,2014,,####-####,,,0.0,0.0,,,,0,0,0,676,
1531,2884,2,4770,2013,2014,Answer: ####-####,,,0.0,0.0,,,,0,0,0,672,
1532,1152,2,4696,1999,2003,####-####,,,0.0,0.0,,,,0,0,0,720,
1533,5354,3,5543,2007,2015,2014-2014,2014,2014,0.1111111111111111,0.1111111111111111,7,1,4.0,0,0,0,698,
1534,1000,0,13,1971,1971,1971-1971,1971,1971,1.0,1.0,0,0,0.0,0,0,0,654,
1535,3578,3,5960,2010,,2012-2012,2012,2012,0.0,0.0,2,,,0,0,0,700,
1536,3546,8,7767,1970,1980,####-####,,,0.0,0.0,,,,0,0,0,723,
1537,1819,4,2410,2008,,####-####,,,0.0,0.0,,,,0,0,0,610,
1538,2873,2,5078,2008,2009,2010-2011,2010,2011,0.0,0.25,2,2,2.0,0,0,0,696,
1539,2936,7,55,1960,1960,####-####,,,0.0,0.0,,,,0,0,0,656,
1540,5329,3,5802,2009,,Answer: 2015-2015,2015,2015,0.0,0.0,6,,,0,0,0,714,
1541,232,4,268,1983,,1983-1983,1983,1983,0.0,0.0,0,,,0,0,0,662,
1542,7608,8,7803,1860,,####-####,,,0.0,0.0,,,,0,0,0,747,
1543,4874,2,4575,2013,2016,2016-2019,2016,2019,0.14285714285714285,0.14285714285714285,3,3,3.0,0,0,0,688,
1544,2897,8,7749,1985,1986,####-####,,,0.0,0.0,,,,0,0,0,703,
1545,7838,8,7761,1998,2007,1998-2007,1998,2007,1.0,1.0,0,0,0.0,0,0,0,699,
1546,939,8,7679,2007,,####-2021,2021,2021,0.0,0.0,14,,,0,0,0,681,
1547,4872,2,4479,2013,2014,####-####,,,0.0,0.0,,,,0,0,0,674,
1548,967,0,381,1877,1877,Answer: 1877-1877,1877,1877,1.0,1.0,0,0,0.0,0,0,0,674,
1549,200,0,79,1928,1928,1928-1928,1928,1928,1.0,1.0,0,0,0.0,0,0,0,668,
1550,309,0,310,1897,1897,1897-1897,1897,1897,1.0,1.0,0,0,0.0,0,0,0,688,
1551,436,0,143,1950,1950,####-####,,,0.0,0.0,,,,0,0,0,670,
1552,5547,3,5177,1984,,Answer: 1984-1984,1984,1984,0.0,0.0,0,,,0,0,0,686,
1553,6159,7,105,1899,1899,1899-1899,1899,1899,1.0,1.0,0,0,0.0,0,0,0,664,
1554,3481,2,4762,2005,2007,####-####,,,0.0,0.0,,,,0,0,0,716,
1555,3037,0,214,1930,1930,####-####,,,0.0,0.0,,,,0,0,0,684,
1556,719,0,642,1946,1946,1946-1946,1946,1946,1.0,1.0,0,0,0.0,0,0,0,660,
1557,654,0,655,1863,1863,####-####,,,0.0,0.0,,,,0,0,0,712,
1558,4237,2,4477,2011,2012,####-####,,,0.0,0.0,,,,0,0,0,655,
1559,2654,6,3845,1957,,####-####,,,0.0,0.0,,,,0,0,0,711,
1560,2741,0,3,1956,1956,1956-1956,1956,1956,1.0,1.0,0,0,0.0,0,0,0,670,
1561,5544,7,55,1912,1912,1912-1912,1912,1912,1.0,1.0,0,0,0.0,0,0,0,650,
1562,5829,6,3837,1799,,1797-1797,1797,1797,0.0,0.0,2,,,0,0,0,709,
1563,813,2,4645,2009,,####-####,,,0.0,0.0,,,,0,0,0,706,
1564,4834,2,4323,2007,,####-####,,,0.0,0.0,,,,0,0,0,736,
1565,4630,2,5063,2009,2010,2006-2009,2006,2009,0.2,0.2,3,1,2.0,0,0,0,720,
1566,1041,8,7726,2015,2017,2015-2015,2015,2015,0.3333333333333333,0.3333333333333333,0,2,1.0,0,0,0,697,
1567,534,6,3865,1942,,Answer: ####-####,,,0.0,0.0,,,,0,0,0,687,
1568,4247,2,4477,2006,2007,Answer: ####-####,,,0.0,0.0,,,,0,0,0,666,
1569,3386,0,283,1984,1984,1984-1984,1984,1984,1.0,1.0,0,0,0.0,0,0,0,643,
1570,4440,2,4456,1995,1996,####-####,,,0.0,0.0,,,,0,0,0,666,
1571,2998,2,4710,2006,2008,####-####,,,0.0,0.0,,,,0,0,0,664,
1572,4082,3,5199,1997,,####-####,,,0.0,0.0,,,,0,0,0,698,
1573,1836,0,79,1915,1915,1915-1915,1915,1915,1.0,1.0,0,0,0.0,0,0,0,664,
1574,3266,3,5365,2014,,####-####,,,0.0,0.0,,,,0,0,0,662,
1575,1334,7,1945,2014,2014,2014-2014,2014,2014,1.0,1.0,0,0,0.0,0,0,0,664,
1576,1332,7,139,2011,2011,2011-2011,2011,2011,1.0,1.0,0,0,0.0,0,0,0,670,
1577,5786,3,5248,1966,,1966-1966,1966,1966,0.0,0.0,0,,,0,0,0,662,
1578,3740,2,4486,2016,2017,####-####,,,0.0,0.0,,,,0,0,0,670,
1579,4493,2,4798,2009,2010,####-####,,,0.0,0.0,,,,0,0,0,714,
1580,3539,0,605,1859,1859,1859-1859,1859,1859,1.0,1.0,0,0,0.0,0,0,0,734,
1581,1878,4,829,1994,,####-####,,,0.0,0.0,,,,0,0,0,670,
1582,6072,7,168,1993,1993,1993-1993,1993,1993,1.0,1.0,0,0,0.0,0,0,0,682,
1583,4628,2,4236,2004,2005,####-####,,,0.0,0.0,,,,0,0,0,730,
1584,2889,6,3937,1957,1959,####-####,,,0.0,0.0,,,,0,0,0,723,
1585,4750,2,4690,2005,2008,Answer: 2007-2010,2007,2010,0.3333333333333333,0.3333333333333333,2,2,2.0,0,0,0,662,
1586,1849,0,103,1925,1925,1925-1925,1925,1925,1.0,1.0,0,0,0.0,0,0,0,658,
1587,5787,3,5490,2012,,Answer: ####-####,,,0.0,0.0,,,,0,0,0,702,
1588,2754,4,6301,1906,1943,####-1943,1943,1943,0.02631578947368421,0.02631578947368421,37,0,18.5,0,0,0,688,
1589,5705,3,5426,1981,,Answer: ####-####,,,0.0,0.0,,,,0,0,0,686,
1590,1067,2,4301,2008,2010,####-####,,,0.0,0.0,,,,0,0,0,708,
1591,2409,7,386,2009,2009,2009-2009,2009,2009,1.0,1.0,0,0,0.0,0,0,0,672,
1592,2319,7,608,1978,1978,1978-1978,1978,1978,1.0,1.0,0,0,0.0,0,0,0,650,
1593,4771,2,4268,2010,2011,####-####,,,0.0,0.0,,,,0,0,0,660,
1594,5285,3,5172,1988,,1990-1990,1990,1990,0.0,0.0,2,,,0,0,0,706,
1595,4643,2,4394,2012,2013,####-####,,,0.0,0.0,,,,0,0,0,714,
1596,1546,0,1547,1921,1921,1921-1921,1921,1921,1.0,1.0,0,0,0.0,0,0,0,688,
1597,1346,7,103,1973,1973,1973-1973,1973,1973,1.0,1.0,0,0,0.0,0,0,0,654,
1598,3676,0,507,1979,1979,1979-1979,1979,1979,1.0,1.0,0,0,0.0,0,0,0,644,
1599,3004,7,555,2013,2013,2013-2013,2013,2013,1.0,1.0,0,0,0.0,0,0,0,660,
1600,2364,0,135,1971,1971,####-####,,,0.0,0.0,,,,0,0,0,666,
1601,5262,3,5263,1969,,####-####,,,0.0,0.0,,,,0,0,0,704,
1602,1833,0,305,1921,1921,####-####,,,0.0,0.0,,,,0,0,0,690,
1603,3445,3,5538,2008,,2007-2007,2007,2007,0.0,0.0,1,,,0,0,0,714,
1604,1584,6,3957,1952,1953,####-####,,,0.0,0.0,,,,0,0,0,713,
1605,4605,2,4324,2002,2003,####-####,,,0.0,0.0,,,,0,0,0,736,
1606,3386,2,4267,2002,2003,####-####,,,0.0,0.0,,,,0,0,0,703,
1607,2115,7,1439,1959,1959,1959-1959,1959,1959,1.0,1.0,0,0,0.0,0,0,0,694,
1608,1935,7,2330,1968,1968,1968-1968,1968,1968,1.0,1.0,0,0,0.0,0,0,0,680,
1609,2238,3,5202,2005,2008,2005-2009,2005,2009,0.8,0.8,0,1,0.5,0,0,0,740,
1610,2797,0,147,1902,1902,####-####,,,0.0,0.0,,,,0,0,0,656,
1611,1030,4,2719,1948,2001,####-####,,,0.0,0.0,,,,0,0,0,680,
1612,3125,7,55,1830,1830,1830-1830,1830,1830,1.0,1.0,0,0,0.0,0,0,0,656,
1613,3254,3,5179,1997,,1998-1998,1998,1998,0.0,0.0,1,,,0,0,0,710,
1614,4263,2,4684,2013,,####-####,,,0.0,0.0,,,,0,0,0,692,
1615,2265,4,577,1976,1979,1976-1976,1976,1976,0.25,0.25,0,3,1.5,0,0,0,676,
1616,1012,1,4037,1960,,1956-1962,1956,1962,0.0,0.0,4,,,0,0,0,717,
1617,2385,3,5172,1987,,Answer: 1962-1962,1962,1962,0.0,0.0,25,,,0,0,0,696,
1618,4533,2,4309,2008,,####-####,,,0.0,0.0,,,,0,0,0,660,
1619,5376,3,5198,1902,,1924-1924,1924,1924,0.0,0.0,22,,,0,0,0,662,
1620,5795,3,5172,2000,,####-####,,,0.0,0.0,,,,0,0,0,690,
1621,4948,2,4416,2003,,2003-2004,2003,2004,0.0,0.0,0,,,0,0,0,722,
1622,6019,7,79,1997,1997,1997-1997,1997,1997,1.0,1.0,0,0,0.0,0,0,0,680,
1623,3577,1,3823,1892,,Answer: 1892-1932,1892,1932,0.0,0.0,0,,,0,0,0,677,
1624,2381,3,5871,2011,,2011-2011,2011,2011,0.0,0.0,0,,,0,0,0,684,
1625,4470,2,4376,2012,,####-####,,,0.0,0.0,,,,0,0,0,682,
1626,1998,4,1846,1974,,####-####,,,0.0,0.0,,,,0,0,0,682,
1627,3378,0,127,1920,1920,1920-1920,1920,1920,1.0,1.0,0,0,0.0,0,0,0,658,
1628,431,0,432,1969,1969,####-####,,,0.0,0.0,,,,0,0,0,678,
1629,792,4,3800,1992,2016,1992-1995,1992,1995,0.16,0.16,0,21,10.5,0,0,0,668,
1630,4788,2,4632,1989,1991,1987-1992,1987,1992,0.5,0.5,2,1,1.5,0,0,0,706,
1631,4660,2,5062,2014,,####-####,,,0.0,0.0,,,,0,0,0,668,
1632,5585,3,5378,1957,,1956-1956,1956,1956,0.0,0.0,1,,,0,0,0,684,
1633,4375,2,4273,2010,2014,2010-2012,2010,2012,0.6,0.6,0,2,1.0,0,0,0,692,
1634,193,3,5307,1970,,1970-1970,1970,1970,0.0,0.0,0,,,0,0,0,716,
1635,1914,3,5307,1981,,1981-1981,1981,1981,0.0,0.0,0,,,0,0,0,720,
1636,2553,2,4558,2015,,####-####,,,0.0,0.0,,,,0,0,0,670,
1637,3057,0,889,1908,1908,####-####,,,0.0,0.0,,,,0,0,0,666,
1638,5914,3,5847,2008,,####-####,,,0.0,0.0,,,,0,0,0,688,
1639,4857,2,4348,1994,1995,####-####,,,0.0,0.0,,,,0,0,0,712,
1640,4497,2,4380,2007,,####-####,,,0.0,0.0,,,,0,0,0,692,
1641,2823,0,125,1920,1920,####-####,,,0.0,0.0,,,,0,0,0,652,
1642,2386,3,5172,1990,,1971-1971,1971,1971,0.0,0.0,19,,,0,0,0,738,
1643,5696,3,5389,1920,,1919-1919,1919,1919,0.0,0.0,1,,,0,0,0,690,
1644,2378,0,283,1923,1923,1923-1923,1923,1923,1.0,1.0,0,0,0.0,0,0,0,688,
1645,2000,3,5602,1968,,1968-1968,1968,1968,0.0,0.0,0,,,0,0,0,700,
1646,1341,7,1478,1938,1938,1938-1938,1938,1938,1.0,1.0,0,0,0.0,0,0,0,696,
1647,7802,8,7663,1829,,1823-1827,1823,1827,0.0,0.0,6,,,0,0,0,697,
1648,1897,6,7436,1968,,1968-1968,1968,1968,0.0,0.0,0,,,0,0,0,701,
1649,2299,2,4249,1990,1992,Answer: ####-####,,,0.0,0.0,,,,0,0,0,692,
1650,3652,6,3957,1959,,1952-1952,1952,1952,0.0,0.0,7,,,0,0,0,703,
1651,2271,6,7432,1993,,####-####,,,0.0,0.0,,,,0,0,0,685,
1652,3149,4,1022,1998,,Answer: ####-####,,,0.0,0.0,,,,0,0,0,666,
1653,1650,2,4253,2001,2002,####-####,,,0.0,0.0,,,,0,0,0,692,
1654,2368,0,103,1976,1976,1976-1976,1976,1976,1.0,1.0,0,0,0.0,0,0,0,660,
1655,5253,3,5803,2004,,####-####,,,0.0,0.0,,,,0,0,0,690,
1656,835,3,5179,1879,,1883-1883,1883,1883,0.0,0.0,4,,,0,0,0,702,
1657,3099,7,79,2008,2008,2008-2008,2008,2008,1.0,1.0,0,0,0.0,0,0,0,652,
1658,5582,3,5808,1975,,####-####,,,0.0,0.0,,,,0,0,0,686,
1659,1624,4,1958,2001,2013,2001-2013,2001,2013,1.0,1.0,0,0,0.0,0,0,0,672,
1660,6250,7,39,2005,2005,Answer: 2005-2005,2005,2005,1.0,1.0,0,0,0.0,0,0,0,652,
1661,4630,2,4513,2008,,2017-2018,2017,2018,0.0,0.0,9,,,0,0,0,676,
1662,3240,2,4431,2016,,####-####,,,0.0,0.0,,,,0,0,0,664,
1663,5879,4,3312,1991,,####-####,,,0.0,0.0,,,,0,0,0,666,
1664,1476,0,379,1984,1984,####-####,,,0.0,0.0,,,,0,0,0,652,
1665,1825,3,5724,2011,,####-####,,,0.0,0.0,,,,0,0,0,704,
1666,4583,2,4977,1986,,Answer: 1985-1987,1985,1987,0.0,0.0,1,,,0,0,0,722,
1667,5041,2,4291,2006,,####-####,,,0.0,0.0,,,,0,0,0,619,
1668,2884,2,4768,1997,,1996-1998,1996,1998,0.0,0.0,1,,,0,0,0,609,
1669,3591,8,7653,1973,,####-####,,,0.0,0.0,,,,0,0,0,715,
1670,2713,0,103,1909,1909,####-####,,,0.0,0.0,,,,0,0,0,652,
1671,1527,7,139,1961,1961,1961-1961,1961,1961,1.0,1.0,0,0,0.0,0,0,0,674,
1672,1398,0,173,1950,1950,1950-1950,1950,1950,1.0,1.0,0,0,0.0,0,0,0,666,
1673,7433,6,3937,1930,1931,####-####,,,0.0,0.0,,,,0,0,0,715,
1674,4351,2,4764,1999,,2014-2014,2014,2014,0.0,0.0,15,,,0,0,0,666,
1675,4449,2,5046,2012,,####-####,,,0.0,0.0,,,,0,0,0,664,
1676,4401,2,4262,2010,2013,2009-2010,2009,2010,0.2,0.2,1,3,2.0,0,0,0,690,
1677,761,4,932,1945,1975,####-####,,,0.0,0.0,,,,0,0,0,682,
1678,1407,7,83,2004,2004,2004-2004,2004,2004,1.0,1.0,0,0,0.0,0,0,0,658,
1679,6136,4,6135,1953,1960,####-####,,,0.0,0.0,,,,0,0,0,662,
1680,4514,2,4515,2004,2006,####-####,,,0.0,0.0,,,,0,0,0,666,
1681,1467,4,1559,1972,1985,####-####,,,0.0,0.0,,,,0,0,0,678,
1682,2138,2,4698,2007,2012,Answer: 2003-2009,2003,2009,0.3,0.3,4,3,3.5,0,0,0,708,
1683,1608,7,1667,2017,2017,2017-2017,2017,2017,1.0,1.0,0,0,0.0,0,0,0,696,
1684,637,0,638,1908,1908,1908-1908,1908,1908,1.0,1.0,0,0,0.0,0,0,0,682,
1685,1297,3,5724,1990,,Answer: 1975-1975,1975,1975,0.0,0.0,15,,,0,0,0,696,
1686,3689,2,4921,2016,,2017-2022,2017,2022,0.0,0.0,1,,,0,0,0,664,
1687,488,0,489,1906,1906,1906-1906,1906,1906,1.0,1.0,0,0,0.0,0,0,0,658,
1688,4297,2,4437,2000,2001,####-####,,,0.0,0.0,,,,0,0,0,706,
1689,678,7,679,1895,1895,1895-1895,1895,1895,1.0,1.0,0,0,0.0,0,0,0,678,
1690,5164,7,1696,1895,1895,1895-1895,1895,1895,1.0,1.0,0,0,0.0,0,0,0,670,
1691,1423,0,139,1912,1912,1912-1912,1912,1912,1.0,1.0,0,0,0.0,0,0,0,670,
1692,4367,2,4535,1996,2007,1996-2007,1996,2007,1.0,1.0,0,0,0.0,0,0,0,670,
1693,2778,7,1130,1994,1994,1994-1994,1994,1994,1.0,1.0,0,0,0.0,0,0,0,686,
1694,218,0,173,1956,1956,####-####,,,0.0,0.0,,,,0,0,0,658,
1695,3724,3,5221,1987,,1987-1987,1987,1987,0.0,0.0,0,,,0,0,0,678,
1696,2061,7,384,1968,1968,1968-1968,1968,1968,1.0,1.0,0,0,0.0,0,0,0,541,
1697,1391,3,5809,2006,,1997-1997,1997,1997,0.0,0.0,9,,,0,0,0,686,
1698,2790,6,3831,1955,,####-####,,,0.0,0.0,,,,0,0,0,679,
1699,286,1,3878,1952,,####-####,,,0.0,0.0,,,,0,0,0,679,
1700,2498,0,265,1969,1969,1969-1969,1969,1969,1.0,1.0,0,0,0.0,0,0,0,650,
1701,6262,7,399,1970,1970,####-####,,,0.0,0.0,,,,0,0,0,686,
1702,4488,2,5099,2004,2005,####-####,,,0.0,0.0,,,,0,0,0,701,
1703,2766,0,1071,1939,1939,####-####,,,0.0,0.0,,,,0,0,0,656,
1704,6196,7,667,1954,1954,####-####,,,0.0,0.0,,,,0,0,0,550,
1705,2443,8,7654,1967,1974,####-####,,,0.0,0.0,,,,0,0,0,705,
1706,1550,2,4407,2009,,2011-2012,2011,2012,0.0,0.0,2,,,0,0,0,684,
1707,1366,7,53,2015,2015,2015-2015,2015,2015,1.0,1.0,0,0,0.0,0,0,0,676,
1708,4990,2,4764,2005,2014,2005-2014,2005,2014,1.0,1.0,0,0,0.0,0,0,0,660,
1709,4247,2,4552,2009,2012,####-####,,,0.0,0.0,,,,0,0,0,660,
1710,2969,0,11,1984,1984,####-####,,,0.0,0.0,,,,0,0,0,547,
1711,3375,0,83,1969,1969,1969-1969,1969,1969,1.0,1.0,0,0,0.0,0,0,0,658,
1712,4578,2,4458,2006,2010,####-####,,,0.0,0.0,,,,0,0,0,686,
1713,7825,8,7677,1922,,Answer: 1922-1931,1922,1931,0.0,0.0,0,,,0,0,0,709,
1714,2247,0,120,1977,1977,1977-1977,1977,1977,1.0,1.0,0,0,0.0,0,0,0,670,
1715,7616,7,3,1886,1886,1886-1886,1886,1886,1.0,1.0,0,0,0.0,0,0,0,662,
1716,4336,2,4436,2011,,Answer: 2019-2019,2019,2019,0.0,0.0,8,,,0,0,0,680,
1717,5167,3,5682,2010,,####-####,,,0.0,0.0,,,,0,0,0,686,
1718,274,2,4661,2003,,2001-2003,2001,2003,0.0,0.0,2,,,0,0,0,716,
1719,5047,2,4631,2001,2004,2003-2004,2003,2004,0.5,0.5,2,0,1.0,0,0,0,670,
1720,1400,4,2923,2000,2005,2000-2005,2000,2005,1.0,1.0,0,0,0.0,0,0,0,668,
1721,4336,2,4936,2009,2010,2008-2010,2008,2010,0.6666666666666666,0.6666666666666666,1,0,0.5,0,0,0,732,
1722,4457,2,4579,2013,2014,####-####,,,0.0,0.0,,,,0,0,0,700,
1723,2964,4,6241,1936,,####-####,,,0.0,0.0,,,,0,0,0,660,
1724,5420,3,5321,1990,,2013-2013,2013,2013,0.0,0.0,23,,,0,0,0,676,
1725,334,3,5583,1947,,1946-1946,1946,1946,0.0,0.0,1,,,0,0,0,686,
1726,4771,2,5061,2012,2014,####-####,,,0.0,0.0,,,,0,0,0,658,
1727,4571,2,4705,1987,1991,1987-1991,1987,1991,1.0,1.0,0,0,0.0,0,0,0,682,
1728,4681,2,5119,2010,2011,####-####,,,0.0,0.0,,,,0,0,0,674,
1729,4771,2,4572,2016,,####-####,,,0.0,0.0,,,,0,0,0,662,
1730,5280,3,5425,2003,,####-####,,,0.0,0.0,,,,0,0,0,678,
1731,1700,4,3080,1969,,####-####,,,0.0,0.0,,,,0,0,0,664,
1732,289,3,5179,1947,,1947-1947,1947,1947,0.0,0.0,0,,,0,0,0,702,
1733,3117,8,7659,1986,,####-####,,,0.0,0.0,,,,0,0,0,733,
1734,3473,3,5600,2010,,####-####,,,0.0,0.0,,,,0,0,0,672,
1735,2008,0,2009,1943,1943,1941-1941,1941,1941,-0.3333333333333333,0.3333333333333333,2,2,2.0,0,0,0,690,
1736,1748,2,4920,2007,2008,####-####,,,0.0,0.0,,,,0,0,0,682,
1737,2286,6,3937,1938,1946,####-####,,,0.0,0.0,,,,0,0,0,727,
1738,4723,2,4236,1991,,####-####,,,0.0,0.0,,,,0,0,0,710,
1739,5980,7,1478,2006,2006,2006-2006,2006,2006,1.0,1.0,0,0,0.0,0,0,0,682,
1740,834,2,4572,2012,2015,2010-2011,2010,2011,0.0,0.16666666666666666,2,4,3.0,0,0,0,662,
1741,61,3,5377,1901,,Answer: 1901-1901,1901,1901,0.0,0.0,0,,,0,0,0,682,
1742,72,0,73,1934,1934,1934-1934,1934,1934,1.0,1.0,0,0,0.0,0,0,0,658,
1743,7523,7,1753,1931,1931,####-####,,,0.0,0.0,,,,0,0,0,539,
1744,2879,3,5172,1965,,1964-1964,1964,1964,0.0,0.0,1,,,0,0,0,712,
1745,1196,0,889,1894,1894,1894-1894,1894,1894,1.0,1.0,0,0,0.0,0,0,0,664,
1746,3091,2,4430,2006,2010,####-####,,,0.0,0.0,,,,0,0,0,692,
1747,3781,0,1547,1942,1942,1942-1942,1942,1942,1.0,1.0,0,0,0.0,0,0,0,686,
1748,535,0,89,1935,1935,1935-1935,1935,1935,1.0,1.0,0,0,0.0,0,0,0,662,
1749,3300,4,1799,2010,,####-####,,,0.0,0.0,,,,0,0,0,674,
1750,10,2,4937,2003,2004,####-####,,,0.0,0.0,,,,0,0,0,664,
1751,1505,8,7749,1993,2007,####-####,,,0.0,0.0,,,,0,0,0,699,
1752,816,0,139,1824,1824,1824-1824,1824,1824,1.0,1.0,0,0,0.0,0,0,0,682,
1753,3743,0,1103,1976,1976,1976-1976,1976,1976,1.0,1.0,0,0,0.0,0,0,0,668,
1754,3091,0,2632,1987,1987,1987-1987,1987,1987,1.0,1.0,0,0,0.0,0,0,0,676,
1755,7547,8,7719,1830,1833,1825-1833,1825,1833,0.4444444444444444,0.4444444444444444,5,0,2.5,0,0,0,705,
1756,1642,7,7534,2011,2011,2011-2011,2011,2011,1.0,1.0,0,0,0.0,0,0,0,684,
1757,1136,0,28,1955,1955,####-####,,,0.0,0.0,,,,0,0,0,662,
1758,3030,0,463,1857,1857,1857-1857,1857,1857,1.0,1.0,0,0,0.0,0,0,0,710,
1759,90,2,4633,2002,2003,####-####,,,0.0,0.0,,,,0,0,0,710,
1760,4599,2,4319,2008,2009,Answer: ####-####,,,0.0,0.0,,,,0,0,0,714,
1761,1905,8,7668,1956,,####-####,,,0.0,0.0,,,,0,0,0,677,
1762,2177,2,4873,2009,,2012-2013,2012,2013,0.0,0.0,3,,,0,0,0,684,
1763,4706,2,4715,2012,2013,####-####,,,0.0,0.0,,,,0,0,0,680,
1764,3557,2,4390,2011,2012,####-####,,,0.0,0.0,,,,0,0,0,664,
1765,1310,0,103,1960,1960,####-####,,,0.0,0.0,,,,0,0,0,652,
1766,2732,0,1654,1970,1970,1970-1970,1970,1970,1.0,1.0,0,0,0.0,0,0,0,658,
1767,623,4,1673,2009,2010,####-####,,,0.0,0.0,,,,0,0,0,510,
1768,2419,2,4639,2003,2004,####-####,,,0.0,0.0,,,,0,0,0,611,
1769,160,2,4542,2007,,2007-2009,2007,2009,0.0,0.0,0,,,0,0,0,664,
1770,963,0,269,1945,1945,1945-1945,1945,1945,1.0,1.0,0,0,0.0,0,0,0,664,
1771,4666,2,4283,1993,1994,####-####,,,0.0,0.0,,,,0,0,0,710,
1772,697,8,7677,1917,,####-####,,,0.0,0.0,,,,0,0,0,586,
1773,3160,2,4315,2016,2017,Answer: ####-####,,,0.0,0.0,,,,0,0,0,706,
1774,5482,3,5387,2002,,2002-2002,2002,2002,0.0,0.0,0,,,0,0,0,706,
1775,6099,4,6098,1942,1974,####-####,,,0.0,0.0,,,,0,0,0,680,
1776,2627,1,3886,1999,,####-####,,,0.0,0.0,,,,0,0,0,663,
1777,5320,3,5319,2013,,2010-2010,2010,2010,0.0,0.0,3,,,0,0,0,688,
1778,1127,2,4819,2008,2009,####-####,,,0.0,0.0,,,,0,0,0,674,
1779,2177,2,4977,1997,1999,Answer: 2001-2001,2001,2001,-0.2,0.2,4,2,3.0,0,0,0,730,
1780,1933,0,1934,1955,1955,1955-1955,1955,1955,1.0,1.0,0,0,0.0,0,0,0,654,
1781,5255,3,5221,2011,,2011-2011,2011,2011,0.0,0.0,0,,,0,0,0,672,
1782,977,0,843,1961,1961,####-####,,,0.0,0.0,,,,0,0,0,684,
1783,927,0,928,1941,1941,1941-1941,1941,1941,1.0,1.0,0,0,0.0,0,0,0,688,
1784,5865,3,5920,1976,,1975-1975,1975,1975,0.0,0.0,1,,,0,0,0,704,
1785,2692,0,139,1917,1917,####-####,,,0.0,0.0,,,,0,0,0,670,
1786,4620,2,4639,2005,2006,####-####,,,0.0,0.0,,,,0,0,0,720,
1787,5718,3,5241,1895,,Answer: 1901-1901,1901,1901,0.0,0.0,6,,,0,0,0,692,
1788,4467,2,4281,2003,2004,####-####,,,0.0,0.0,,,,0,0,0,668,
1789,7559,8,7753,1917,,1889-1917,1889,1917,0.0,0.0,28,,,0,0,0,713,
1790,3481,2,4380,2011,,####-####,,,0.0,0.0,,,,0,0,0,726,
1791,4258,2,4236,2001,,1998-2000,1998,2000,0.0,0.0,3,,,0,0,0,724,
1792,5566,3,5567,1980,1999,1999-1999,1999,1999,0.05,0.05,19,0,9.5,0,0,0,688,
1793,1672,8,7779,1990,2003,####-####,,,0.0,0.0,,,,0,0,0,747,
1794,5986,4,571,1942,1964,1942-1964,1942,1964,1.0,1.0,0,0,0.0,0,0,0,654,
1795,4666,2,4317,2001,2005,####-####,,,0.0,0.0,,,,0,0,0,702,
1796,2296,0,1266,1977,1977,1977-1977,1977,1977,1.0,1.0,0,0,0.0,0,0,0,680,
1797,1920,0,384,1964,1964,####-####,,,0.0,0.0,,,,0,0,0,678,
1798,7639,8,7653,2011,,####-####,,,0.0,0.0,,,,0,0,0,703,
1799,114,0,17,1950,1950,1950-1950,1950,1950,1.0,1.0,0,0,0.0,0,0,0,678,
1800,4320,2,4986,1994,2004,####-####,,,0.0,0.0,,,,0,0,0,696,
1801,2870,0,1483,1986,1986,1986-1986,1986,1986,1.0,1.0,0,0,0.0,0,0,0,676,
1802,6201,7,555,1996,1996,1996-1996,1996,1996,1.0,1.0,0,0,0.0,0,0,0,650,
1803,3585,6,4033,1958,1963,####-####,,,0.0,0.0,,,,0,0,0,703,
1804,7603,8,7677,1945,,1917-1931,1917,1931,0.0,0.0,28,,,0,0,0,707,
1805,3033,8,7684,1913,,Answer: 1909-1917,1909,1917,0.0,0.0,4,,,0,0,0,741,
1806,2103,4,3286,1961,2013,1961-2013,1961,2013,1.0,1.0,0,0,0.0,0,0,0,664,
1807,1828,8,7655,2007,,2014-2019,2014,2019,0.0,0.0,7,,,0,0,0,689,
1808,1746,3,5405,2000,,####-####,,,0.0,0.0,,,,0,0,0,680,
1809,2976,0,277,1973,1973,####-####,,,0.0,0.0,,,,0,0,0,658,
1810,2071,0,101,1961,1961,Answer: 1961-1961,1961,1961,1.0,1.0,0,0,0.0,0,0,0,656,
1811,2890,4,1371,2016,,2016-2016,2016,2016,0.0,0.0,0,,,0,0,0,684,
1812,2406,3,5525,2002,,Answer: 1999-1999,1999,1999,0.0,0.0,3,,,0,0,0,710,
1813,1748,2,4323,2004,2005,2003-2005,2003,2005,0.6666666666666666,0.6666666666666666,1,0,0.5,0,0,0,722,
1814,2991,2,4974,2014,2015,####-####,,,0.0,0.0,,,,0,0,0,674,
1815,1974,7,139,1833,1833,1833-1833,1833,1833,1.0,1.0,0,0,0.0,0,0,0,674,
1816,3900,3,5365,1992,,1992-1992,1992,1992,0.0,0.0,0,,,0,0,0,670,
1817,2039,4,2708,1957,1967,####-####,,,0.0,0.0,,,,0,0,0,664,
1818,1377,0,1118,1150,1150,1138-1138,1138,1138,-0.8461538461538461,0.07692307692307693,12,12,12.0,0,0,0,652,
1819,2221,7,667,1934,1934,1934-1934,1934,1934,1.0,1.0,0,0,0.0,0,0,0,554,
1820,4058,1,4180,1990,2013,Answer: ####-2013,2013,2013,0.041666666666666664,0.041666666666666664,23,0,11.5,0,0,0,685,
1821,6203,4,6202,1954,,1954-1991,1954,1991,0.0,0.0,0,,,0,0,0,668,
1822,2040,0,67,1981,1981,####-####,,,0.0,0.0,,,,0,0,0,650,
1823,680,4,354,1961,1969,####-####,,,0.0,0.0,,,,0,0,0,678,
1824,3556,6,4180,1961,,####-####,,,0.0,0.0,,,,0,0,0,703,
1825,4455,2,4487,2011,2012,Answer: 2010-2013,2010,2013,0.5,0.5,1,1,1.0,0,0,0,666,
1826,3668,0,1413,1940,1940,1940-1940,1940,1940,1.0,1.0,0,0,0.0,0,0,0,658,
1827,5841,3,5172,1986,,1986-1986,1986,1986,0.0,0.0,0,,,0,0,0,696,
1828,4464,2,4512,2011,2014,####-####,,,0.0,0.0,,,,0,0,0,720,
1829,2279,0,89,1915,1915,Answer: 1915-1915,1915,1915,1.0,1.0,0,0,0.0,0,0,0,656,
1830,3260,7,779,1689,1689,1689-1689,1689,1689,1.0,1.0,0,0,0.0,0,0,0,656,
1831,2726,3,5443,1992,,####-####,,,0.0,0.0,,,,0,0,0,728,
1832,1283,0,139,1924,1924,1924-1924,1924,1924,1.0,1.0,0,0,0.0,0,0,0,680,
1833,1069,4,479,1982,2000,1978-1982,1978,1982,0.043478260869565216,0.043478260869565216,4,18,11.0,0,0,0,686,
1834,4940,2,4414,2017,,####-####,,,0.0,0.0,,,,0,0,0,686,
1835,5393,3,5181,1952,,1961-1961,1961,1961,0.0,0.0,9,,,0,0,0,686,
1836,5471,3,5417,1947,,Answer: 1935-1935,1935,1935,0.0,0.0,12,,,0,0,0,678,
1837,3784,4,2092,1972,1992,1967-1972,1967,1972,0.038461538461538464,0.038461538461538464,5,20,12.5,0,0,0,670,
1838,2043,7,79,2012,2012,2012-2012,2012,2012,1.0,1.0,0,0,0.0,0,0,0,664,
1839,1429,0,729,1849,1849,####-####,,,0.0,0.0,,,,0,0,0,663,
1840,6147,8,7672,1946,1973,1946-1973,1946,1973,1.0,1.0,0,0,0.0,0,0,0,737,
1841,4271,2,4348,2001,2002,####-####,,,0.0,0.0,,,,0,0,0,734,
1842,5837,3,5179,1847,,####-####,,,0.0,0.0,,,,0,0,0,714,
1843,1233,8,7674,1835,1854,1834-1856,1834,1856,0.8695652173913043,0.8695652173913043,1,2,1.5,0,0,0,737,
1844,4923,2,4661,2004,2006,2006-2006,2006,2006,0.3333333333333333,0.3333333333333333,2,0,1.0,0,0,0,712,
1845,5977,7,60,2014,2014,2014-2014,2014,2014,1.0,1.0,0,0,0.0,0,0,0,642,
1846,6012,7,139,1994,1994,####-####,,,0.0,0.0,,,,0,0,0,664,
1847,2176,8,7653,1998,,####-####,,,0.0,0.0,,,,0,0,0,711,
1848,6119,8,7853,1998,2002,1978-2007,1978,2007,0.16666666666666666,0.16666666666666666,20,5,12.5,0,0,0,721,
1849,4468,2,4469,1996,2000,####-####,,,0.0,0.0,,,,0,0,0,688,
1850,3665,2,4254,2002,2005,2003-2004,2003,2004,0.5,0.5,1,1,1.0,0,0,0,666,
1851,3307,0,738,1804,1804,1804-1804,1804,1804,1.0,1.0,0,0,0.0,0,0,0,678,
1852,5253,3,5278,1979,,####-####,,,0.0,0.0,,,,0,0,0,668,
1853,5418,3,5774,1998,2004,1995-1995,1995,1995,-0.2,0.1,3,9,6.0,0,0,0,738,
1854,5862,7,366,1989,1989,1989-1989,1989,1989,1.0,1.0,0,0,0.0,0,0,0,658,
1855,4391,2,4610,2007,,2008-2008,2008,2008,0.0,0.0,1,,,0,0,0,669,
1856,1858,1,3931,1959,,####-####,,,0.0,0.0,,,,0,0,0,561,
1857,4280,2,4281,2004,2007,####-####,,,0.0,0.0,,,,0,0,0,672,
1858,3087,0,83,1956,1956,Answer: 1956-1956,1956,1956,1.0,1.0,0,0,0.0,0,0,0,656,
1859,5907,3,5390,2004,,2004-2004,2004,2004,0.0,0.0,0,,,0,0,0,670,
1860,2241,7,2799,1990,1990,1990-1990,1990,1990,1.0,1.0,0,0,0.0,0,0,0,668,
1861,333,4,906,2013,,2013-2013,2013,2013,0.0,0.0,0,,,0,0,0,670,
1862,4312,2,4498,2010,,2016-2017,2016,2017,0.0,0.0,6,,,0,0,0,688,
1863,334,7,145,1988,1988,1988-1988,1988,1988,1.0,1.0,0,0,0.0,0,0,0,690,
1864,2831,2,4897,2004,2008,####-####,,,0.0,0.0,,,,0,0,0,662,
1865,4499,2,4709,2013,,####-####,,,0.0,0.0,,,,0,0,0,564,
1866,124,9,1290,1976,,####-####,,,0.0,0.0,,,,0,0,0,678,
1867,3447,7,79,2001,2001,2001-2001,2001,2001,1.0,1.0,0,0,0.0,0,0,0,664,
1868,2457,4,954,1992,1999,1985-1999,1985,1999,0.5333333333333333,0.5333333333333333,7,0,3.5,0,0,0,664,
1869,4775,2,4703,1997,2002,####-####,,,0.0,0.0,,,,0,0,0,660,
1870,3408,2,5072,1997,2001,1992-1997,1992,1997,0.1,0.1,5,4,4.5,0,0,0,700,
1871,4866,2,4238,1983,,####-####,,,0.0,0.0,,,,0,0,0,712,
1872,2338,2,4456,2001,,Answer: ####-####,,,0.0,0.0,,,,0,0,0,561,
1873,6306,7,1120,1889,1889,1889-1889,1889,1889,1.0,1.0,0,0,0.0,0,0,0,664,
1874,3776,4,2466,1995,,1995-1995,1995,1995,0.0,0.0,0,,,0,0,0,658,
1875,3761,0,247,1898,1898,1898-1898,1898,1898,1.0,1.0,0,0,0.0,0,0,0,658,
1876,3398,2,4698,2011,,2011-2015,2011,2015,0.0,0.0,0,,,0,0,0,658,
1877,6052,4,6053,1954,,####-####,,,0.0,0.0,,,,0,0,0,684,
1878,5849,3,5243,2002,,2002-2002,2002,2002,0.0,0.0,0,,,0,0,0,736,
1879,4311,2,4439,2003,,####-####,,,0.0,0.0,,,,0,0,0,664,
1880,2691,3,5172,1967,,Answer: 1964-1964,1964,1964,0.0,0.0,3,,,0,0,0,724,
1881,5039,2,4238,1999,,####-####,,,0.0,0.0,,,,0,0,0,687,
1882,849,2,4823,1991,1993,1989-1991,1989,1991,0.2,0.2,2,2,2.0,0,0,0,704,
1883,3227,4,1238,1923,1977,1923-1977,1923,1977,1.0,1.0,0,0,0.0,0,0,0,672,
1884,4659,2,4613,2002,2004,####-####,,,0.0,0.0,,,,0,0,0,672,
1885,5492,3,5594,1987,,####-####,,,0.0,0.0,,,,0,0,0,664,
1886,3423,0,2810,1866,1866,1866-1866,1866,1866,1.0,1.0,0,0,0.0,0,0,0,682,
1887,2667,4,982,1985,,####-####,,,0.0,0.0,,,,0,0,0,696,
1888,455,3,5220,1990,,1997-1997,1997,1997,0.0,0.0,7,,,0,0,0,732,
1889,411,3,5632,2007,,Answer: ####-####,,,0.0,0.0,,,,0,0,0,676,
1890,2167,2,5142,2007,2009,####-####,,,0.0,0.0,,,,0,0,0,656,
1891,1463,3,5523,1944,,1932-1932,1932,1932,0.0,0.0,12,,,0,0,0,674,
1892,830,3,5782,2007,,####-####,,,0.0,0.0,,,,0,0,0,682,
1893,4409,2,4283,2007,2011,2007-2011,2007,2011,1.0,1.0,0,0,0.0,0,0,0,658,
1894,3441,3,5662,1974,,####-####,,,0.0,0.0,,,,0,0,0,674,
1895,5678,3,5288,1891,,Answer: 1891-1891,1891,1891,0.0,0.0,0,,,0,0,0,682,
1896,2742,0,103,1961,1961,Answer: 1961-1961,1961,1961,1.0,1.0,0,0,0.0,0,0,0,652,
1897,104,0,105,1984,1984,1984-1984,1984,1984,1.0,1.0,0,0,0.0,0,0,0,658,
1898,3398,0,2309,1991,1991,1991-1991,1991,1991,1.0,1.0,0,0,0.0,0,0,0,648,
1899,108,3,5204,1961,,Answer: 1940-1940,1940,1940,0.0,0.0,21,,,0,0,0,694,
1900,5446,3,5172,2004,,1999-1999,1999,1999,0.0,0.0,5,,,0,0,0,706,
1901,4867,2,4489,2015,2002,2015-2018,2015,2018,0.058823529411764705,0.058823529411764705,0,16,8.0,0,0,0,660,
1902,831,2,4690,2002,2003,####-####,,,0.0,0.0,,,,0,0,0,658,
1903,2098,7,17,1967,1967,1967-1967,1967,1967,1.0,1.0,0,0,0.0,0,0,0,656,
1904,2472,8,7862,1995,2003,2005-2016,2005,2016,-0.045454545454545456,0.045454545454545456,10,13,11.5,0,0,0,701,
1905,6269,7,529,2014,2014,2014-2014,2014,2014,1.0,1.0,0,0,0.0,0,0,0,656,
1906,929,7,438,1962,1962,1962-1962,1962,1962,1.0,1.0,0,0,0.0,0,0,0,694,
1907,3152,2,4293,2016,,####-####,,,0.0,0.0,,,,0,0,0,666,
1908,4286,2,4604,2010,2011,####-####,,,0.0,0.0,,,,0,0,0,664,
1909,1946,0,426,1956,1956,1956-1956,1956,1956,1.0,1.0,0,0,0.0,0,0,0,658,
1910,1910,0,111,1948,1948,1948-1948,1948,1948,1.0,1.0,0,0,0.0,0,0,0,660,
1911,4730,2,4335,1998,,####-####,,,0.0,0.0,,,,0,0,0,676,
1912,4706,2,4489,2004,2008,####-####,,,0.0,0.0,,,,0,0,0,676,
1913,4402,2,4337,2003,,Answer: 2003-2005,2003,2005,0.0,0.0,0,,,0,0,0,678,
1914,2402,3,5634,2002,,2002-2002,2002,2002,0.0,0.0,0,,,0,0,0,708,
1915,203,6,3845,1992,,1992-1992,1992,1992,0.0,0.0,0,,,0,0,0,715,
1916,5403,7,2688,2004,2004,2004-2004,2004,2004,1.0,1.0,0,0,0.0,0,0,0,682,
1917,5551,3,5441,2001,,Answer: ####-####,,,0.0,0.0,,,,0,0,0,696,
1918,6353,5,6584,2006,2010,2006-2006,2006,2006,0.2,0.2,0,4,2.0,0,0,0,549,
1919,3468,3,5179,1908,,Answer: 1898-1898,1898,1898,0.0,0.0,10,,,0,0,0,702,
1920,4744,2,4526,2015,,Answer: ####-####,,,0.0,0.0,,,,0,0,0,670,
1921,1564,4,2109,1955,1961,Answer: 1962-1981,1962,1981,0.0,0.037037037037037035,7,20,13.5,0,0,0,674,
1922,6073,8,7781,1917,1918,1917-1931,1917,1931,0.13333333333333333,0.13333333333333333,0,13,6.5,0,0,0,751,
1923,3374,2,4377,2015,,####-####,,,0.0,0.0,,,,0,0,0,664,
1924,3046,3,5198,1984,,Answer: 1993-1993,1993,1993,0.0,0.0,9,,,0,0,0,664,
1925,4838,2,5065,2004,,####-####,,,0.0,0.0,,,,0,0,0,688,
1926,2817,0,295,1910,1910,1910-1910,1910,1910,1.0,1.0,0,0,0.0,0,0,0,650,
1927,2971,4,3001,2008,,####-####,,,0.0,0.0,,,,0,0,0,676,
1928,4415,2,4508,2001,2002,2000-2002,2000,2002,0.6666666666666666,0.6666666666666666,1,0,0.5,0,0,0,718,
1929,3390,0,13,1955,1955,1955-1955,1955,1955,1.0,1.0,0,0,0.0,0,0,0,680,
1930,1851,0,3,1978,1978,####-####,,,0.0,0.0,,,,0,0,0,678,
1931,2708,0,390,1932,1932,####-####,,,0.0,0.0,,,,0,0,0,660,
1932,2761,0,2762,1906,1906,####-####,,,0.0,0.0,,,,0,0,0,648,
1933,2372,0,101,1933,1933,1933-1933,1933,1933,1.0,1.0,0,0,0.0,0,0,0,654,
1934,2860,2,4291,1993,,####-####,,,0.0,0.0,,,,0,0,0,718,
1935,1550,2,4252,2013,2014,2012-2013,2012,2013,0.3333333333333333,0.3333333333333333,1,1,1.0,0,0,0,668,
1936,2268,0,139,1897,1897,####-####,,,0.0,0.0,,,,0,0,0,672,
1937,2538,0,1538,1991,1991,1991-1991,1991,1991,1.0,1.0,0,0,0.0,0,0,0,650,
1938,2189,2,4262,2007,2010,Answer: 2009-2011,2009,2011,0.4,0.4,2,1,1.5,0,0,0,706,
1939,5872,3,5221,1975,,1962-1962,1962,1962,0.0,0.0,13,,,0,0,0,692,
1940,3020,4,847,2004,,2004-2004,2004,2004,0.0,0.0,0,,,0,0,0,674,
1941,2715,6,7455,1970,,####-####,,,0.0,0.0,,,,0,0,0,715,
1942,4636,2,4924,2007,2008,Answer: 2007-2007,2007,2007,0.5,0.5,0,1,0.5,0,0,0,680,
1943,2065,0,205,1939,1939,1939-1939,1939,1939,1.0,1.0,0,0,0.0,0,0,0,670,
1944,4689,2,4922,2015,2016,2016-2017,2016,2017,0.3333333333333333,0.3333333333333333,1,1,1.0,0,0,0,656,
1945,3400,7,83,1954,1954,1954-1954,1954,1954,1.0,1.0,0,0,0.0,0,0,0,650,
1946,383,0,384,1955,1955,1955-1955,1955,1955,1.0,1.0,0,0,0.0,0,0,0,680,
1947,2298,0,163,1927,1927,####-####,,,0.0,0.0,,,,0,0,0,660,
1948,5544,3,5261,1900,,1909-1909,1909,1909,0.0,0.0,9,,,0,0,0,734,
1949,743,7,330,2014,2014,2014-2014,2014,2014,1.0,1.0,0,0,0.0,0,0,0,660,
1950,3621,4,6141,1941,1967,####-####,,,0.0,0.0,,,,0,0,0,608,
1951,5617,3,5692,1981,,Answer: 2001-2001,2001,2001,0.0,0.0,20,,,0,0,0,698,
1952,1255,0,301,1985,1985,1985-1985,1985,1985,1.0,1.0,0,0,0.0,0,0,0,652,
1953,5218,3,5278,1999,,Answer: ####-####,,,0.0,0.0,,,,0,0,0,666,
1954,2234,4,6043,1992,2002,####-####,,,0.0,0.0,,,,0,0,0,678,
1955,1155,2,5091,2011,2012,2010-2012,2010,2012,0.6666666666666666,0.6666666666666666,1,0,0.5,0,0,0,716,
1956,7533,7,3191,1883,1883,####-####,,,0.0,0.0,,,,0,0,0,690,
1957,457,2,4757,1989,,####-####,,,0.0,0.0,,,,0,0,0,712,
1958,4749,2,4358,2015,,####-####,,,0.0,0.0,,,,0,0,0,668,
1959,1854,3,5249,1906,,1906-1906,1906,1906,0.0,0.0,0,,,0,0,0,676,
1960,10,2,4465,2005,2007,####-####,,,0.0,0.0,,,,0,0,0,666,
1961,2360,3,5485,1943,,1918-1918,1918,1918,0.0,0.0,25,,,0,0,0,708,
1962,4623,2,4476,2000,,1998-2000,1998,2000,0.0,0.0,2,,,0,0,0,736,
1963,980,2,5058,2006,2007,####-####,,,0.0,0.0,,,,0,0,0,684,
1964,4274,2,4348,1998,1999,####-####,,,0.0,0.0,,,,0,0,0,760,
1965,4298,2,4456,1995,,####-####,,,0.0,0.0,,,,0,0,0,674,
1966,5491,3,5485,1941,,####-####,,,0.0,0.0,,,,0,0,0,710,
1967,5327,3,5328,1976,,####-####,,,0.0,0.0,,,,0,0,0,672,
1968,1805,2,4310,1990,1991,####-####,,,0.0,0.0,,,,0,0,0,714,
1969,4235,2,4853,2006,2008,2005-2007,2005,2007,0.5,0.5,1,1,1.0,0,0,0,724,
1970,2752,7,149,2006,2006,####-####,,,0.0,0.0,,,,0,0,0,538,
1971,7754,8,7668,1981,,Answer: 1948-1977,1948,1977,0.0,0.0,33,,,0,0,0,677,
1972,513,0,139,1870,1870,1870-1870,1870,1870,1.0,1.0,0,0,0.0,0,0,0,680,
1973,4858,2,4339,1996,,1997-1999,1997,1999,0.0,0.0,1,,,0,0,0,678,
1974,5014,2,5013,2008,2010,####-####,,,0.0,0.0,,,,0,0,0,624,
1975,455,3,5214,2014,,2014-2014,2014,2014,0.0,0.0,0,,,0,0,0,660,
1976,4816,2,4698,2002,2004,2004-2007,2004,2007,0.16666666666666666,0.16666666666666666,2,3,2.5,0,0,0,666,
1977,2431,2,4407,2013,2014,2013-2014,2013,2014,1.0,1.0,0,0,0.0,0,0,0,688,
1978,4949,2,4632,2009,2012,2009-2013,2009,2013,0.8,0.8,0,1,0.5,0,0,0,702,
1979,2177,2,4944,2001,,Answer: ####-####,,,0.0,0.0,,,,0,0,0,684,
1980,7562,7,139,1944,1944,Answer: 1944-1944,1944,1944,1.0,1.0,0,0,0.0,0,0,0,668,
1981,5685,3,5666,1999,,Answer: 2017-2017,2017,2017,0.0,0.0,18,,,0,0,0,672,
1982,4423,2,4967,2010,2011,2013-2014,2013,2014,-0.2,0.2,3,3,3.0,0,0,0,698,
1983,1648,3,5172,1962,,####-####,,,0.0,0.0,,,,0,0,0,627,
1984,1323,2,4309,2014,2015,####-####,,,0.0,0.0,,,,0,0,0,670,
1985,4497,2,4613,2011,2013,2013-2014,2013,2014,0.25,0.25,2,1,1.5,0,0,0,686,
1986,3160,2,4670,2000,2004,####-####,,,0.0,0.0,,,,0,0,0,692,
1987,4406,2,4612,1998,1999,####-####,,,0.0,0.0,,,,0,0,0,682,
1988,3726,8,7753,1929,1933,####-####,,,0.0,0.0,,,,0,0,0,729,
1989,3325,6,3848,1983,,####-####,,,0.0,0.0,,,,0,0,0,691,
1990,1453,4,3110,1995,1997,2001-2016,2001,2016,-0.13636363636363635,0.045454545454545456,6,19,12.5,0,0,0,678,
1991,3249,0,3250,1871,1871,1871-1871,1871,1871,1.0,1.0,0,0,0.0,0,0,0,722,
1992,676,0,308,1938,1938,####-####,,,0.0,0.0,,,,0,0,0,656,
1993,2482,0,79,1938,1938,1938-1938,1938,1938,1.0,1.0,0,0,0.0,0,0,0,660,
1994,5549,3,5619,2013,2015,2013-2017,2013,2017,0.6,0.6,0,2,1.0,0,0,0,736,
1995,4402,2,4254,2001,2005,Answer: 2003-2005,2003,2005,0.6,0.6,2,0,1.0,0,0,0,670,
1996,3402,9,7942,1894,,Answer: 1891-1891,1891,1891,0.0,0.0,3,,,0,0,0,680,
1997,5935,3,5169,2008,,Answer: ####-####,,,0.0,0.0,,,,0,0,0,664,
1998,1536,0,139,1933,1933,1933-1933,1933,1933,1.0,1.0,0,0,0.0,0,0,0,660,
1999,4826,2,4238,2000,2001,####-####,,,0.0,0.0,,,,0,0,0,710,
2000,3766,3,5448,2005,,####-####,,,0.0,0.0,,,,0,0,0,676,
2001,2015,0,295,1941,1941,Answer: 1941-1941,1941,1941,1.0,1.0,0,0,0.0,0,0,0,664,
2002,3085,4,500,1920,1935,1920-1935,1920,1935,1.0,1.0,0,0,0.0,0,0,0,672,
2003,6227,7,914,1987,1987,1987-1987,1987,1987,1.0,1.0,0,0,0.0,0,0,0,660,
2004,3120,3,5497,2014,,####-####,,,0.0,0.0,,,,0,0,0,744,
2005,4834,2,4390,2010,2011,####-####,,,0.0,0.0,,,,0,0,0,678,
2006,1980,1,3967,1963,1988,1963-2013,1963,2013,0.5098039215686274,0.5098039215686274,0,25,12.5,0,0,0,683,
2007,3016,3,5169,2014,,Answer: 2004-2004,2004,2004,0.0,0.0,10,,,0,0,0,660,
2008,4745,2,4384,2004,2005,Answer: 2006-2007,2006,2007,0.0,0.25,2,2,2.0,0,0,0,658,
2009,3112,8,7832,2006,,2007-2020,2007,2020,0.0,0.0,1,,,0,0,0,677,
2010,720,0,721,1941,1941,1941-1941,1941,1941,1.0,1.0,0,0,0.0,0,0,0,658,
2011,4783,2,5045,2012,,2013-2015,2013,2015,0.0,0.0,1,,,0,0,0,676,
2012,5587,3,5400,2017,,####-####,,,0.0,0.0,,,,0,0,0,710,
2013,2212,7,838,1987,1987,####-####,,,0.0,0.0,,,,0,0,0,688,
2014,397,4,3214,1969,1975,1969-1975,1969,1975,1.0,1.0,0,0,0.0,0,0,0,672,
2015,1511,7,207,1973,1973,1973-1973,1973,1973,1.0,1.0,0,0,0.0,0,0,0,700,
2016,3505,4,2693,2013,,####-####,,,0.0,0.0,,,,0,0,0,672,
2017,1185,2,5021,2016,,2016-2017,2016,2017,0.0,0.0,0,,,0,0,0,654,
2018,824,7,207,1971,1971,1971-1971,1971,1971,1.0,1.0,0,0,0.0,0,0,0,686,
2019,411,3,5732,1968,,Answer: ####-####,,,0.0,0.0,,,,0,0,0,684,
2020,2991,2,4319,2011,2013,####-####,,,0.0,0.0,,,,0,0,0,676,
2021,3203,8,7692,2015,,2002-2015,2002,2015,0.0,0.0,13,,,0,0,0,709,
2022,1088,0,137,1968,1968,1968-1968,1968,1968,1.0,1.0,0,0,0.0,0,0,0,648,
2023,1644,0,240,1932,1932,1932-1932,1932,1932,1.0,1.0,0,0,0.0,0,0,0,658,
2024,3333,6,7445,1961,,####-####,,,0.0,0.0,,,,0,0,0,697,
2025,4311,2,4317,2000,2004,####-####,,,0.0,0.0,,,,0,0,0,656,
2026,2307,0,361,1975,1975,1975-1975,1975,1975,1.0,1.0,0,0,0.0,0,0,0,664,
2027,3666,2,5091,2004,2005,2004-2005,2004,2005,1.0,1.0,0,0,0.0,0,0,0,720,
2028,2138,2,4331,1993,1997,####-####,,,0.0,0.0,,,,0,0,0,726,
2029,2940,4,6153,1937,,####-####,,,0.0,0.0,,,,0,0,0,698,
2030,1832,0,672,1929,1929,1929-1929,1929,1929,1.0,1.0,0,0,0.0,0,0,0,652,
2031,1149,0,17,1949,1949,####-####,,,0.0,0.0,,,,0,0,0,668,
2032,4675,2,4797,2008,2010,####-####,,,0.0,0.0,,,,0,0,0,662,
2033,450,0,424,1968,1968,1968-1968,1968,1968,1.0,1.0,0,0,0.0,0,0,0,648,
2034,3113,0,83,1911,1911,####-####,,,0.0,0.0,,,,0,0,0,666,
2035,2379,0,818,1982,1982,####-####,,,0.0,0.0,,,,0,0,0,526,
2036,3103,0,55,1933,1933,1933-1933,1933,1933,1.0,1.0,0,0,0.0,0,0,0,652,
2037,6244,7,3250,1956,1956,1956-1956,1956,1956,1.0,1.0,0,0,0.0,0,0,0,682,
2038,902,2,4781,1989,1990,####-####,,,0.0,0.0,,,,0,0,0,664,
2039,2951,0,1458,1952,1952,1952-1952,1952,1952,1.0,1.0,0,0,0.0,0,0,0,668,
2040,7849,8,7813,1988,,####-####,,,0.0,0.0,,,,0,0,0,699,
2041,6033,7,245,2006,2006,2006-2006,2006,2006,1.0,1.0,0,0,0.0,0,0,0,652,
2042,2673,2,4284,2001,,####-####,,,0.0,0.0,,,,0,0,0,712,
2043,3466,2,4945,2008,2012,####-####,,,0.0,0.0,,,,0,0,0,678,
2044,300,2,4726,2016,,####-####,,,0.0,0.0,,,,0,0,0,708,
2045,3374,2,4472,2009,2012,2009-2012,2009,2012,1.0,1.0,0,0,0.0,0,0,0,738,
2046,2974,4,2863,1905,1928,1905-1953,1905,1953,0.4897959183673469,0.4897959183673469,0,25,12.5,0,0,0,702,
2047,2320,0,1044,1902,1902,Answer: ####-####,,,0.0,0.0,,,,0,0,0,678,
2048,1630,4,823,2001,,Answer: ####-####,,,0.0,0.0,,,,0,0,0,666,
2049,2076,2,4428,2005,2006,####-####,,,0.0,0.0,,,,0,0,0,690,
