3962	14	3927
3962	14	3963
3962	14	3963
3962	14	3928
3962	14	3928
950	1	148
950	1	159
1875	10	2921
1875	10	2921
1875	17	6213
1875	11	3095
1875	10	2958
1875	4	1833
1875	4	1829
1875	10	2920
250	1	241
250	1	148
1951	5	1952
1951	5	1953
3603	14	3604
3603	14	3606
3603	14	3605
3603	14	3473
3603	14	3437
8812	17	8813
8812	17	6190
4301	17	6048
4301	14	4070
2980	10	2983
2980	17	6516
2980	23	2952
2980	17	6513
2980	10	2981
2980	17	6514
2980	17	6515
2980	14	3883
2980	17	6512
2980	10	2935
2980	10	2982
8081	20	8090
8081	17	8090
8081	17	8082
8081	20	8082
8081	17	8093
8081	20	8083
8081	17	8083
8081	20	7887
8081	17	7887
8081	20	6744
8081	17	8088
8081	20	8088
8081	20	8495
8081	17	5729
8081	20	5729
8081	20	8001
8081	17	8092
8081	20	8092
8081	17	7925
8081	20	7925
8081	20	9330
8081	20	5645
8081	17	8087
8081	20	8087
8081	20	5773
8081	20	5453
8081	17	7960
8081	20	7960
8081	20	5849
8081	17	8086
8081	20	8086
8081	20	7926
8081	20	9331
8081	20	5848
8081	20	5639
8081	20	8444
8081	20	9243
8081	20	6162
8081	20	8328
8081	20	6159
8081	20	8095
6884	17	7815
6884	17	5996
6884	17	5996
6884	17	6190
6884	17	6741
6884	17	5995
6884	17	5976
6884	17	6171
6884	17	5994
6884	17	5997
509	1	511
509	6	28
509	6	510
509	6	510
509	1	510
509	6	29
509	6	29
509	17	6052
509	15	4977
509	6	332
509	6	32
509	6	30
509	6	2029
8847	17	8848
8847	20	8848
4915	14	4917
4915	14	4917
4915	14	4916
4915	14	4399
5074	15	4973
5074	15	4971
5989	17	5990
5989	22	11183
5989	22	10540
5740	16	5750
5740	16	5750
5740	16	5748
5740	16	5748
5740	16	5743
5740	16	5743
5740	16	5749
5740	16	5749
5740	16	5742
5740	16	5742
5740	16	5745
5740	16	5745
5740	16	5745
5740	16	5747
5740	16	5747
4195	17	6745
4195	23	12538
883	1	884
883	1	885
884	9	2601
884	15	4969
884	9	2495
884	9	2490
973	1	453
973	1	454
2875	9	2505
2875	17	7192
3225	23	2938
3225	20	6706
3225	20	6706
3225	20	6706
3225	20	6706
3225	20	6706
3225	20	6706
3225	17	6706
3225	20	6706
3225	17	6603
3225	12	2155
3225	17	7233
3225	17	6930
3225	23	2989
3225	20	6780
3225	20	6780
11265	22	9708
11265	22	11266
3230	12	117
3230	12	116
4068	14	3496
4068	14	3495
5411	16	5516
5411	16	5516
5411	16	5521
5411	16	5521
5411	16	5529
5411	16	5529
5411	16	5510
5411	16	5510
5411	16	5544
5411	16	5544
5411	16	5523
5411	16	5523
5411	16	5533
5411	16	5533
5411	16	5536
5411	16	5536
5411	16	5522
5411	16	5528
5411	16	5412
5411	16	5412
5411	16	5507
5411	16	5507
5411	16	5526
5411	16	5526
5411	16	5540
5411	16	5534
5411	16	5534
5411	16	5513
5411	16	5513
5411	16	5513
5411	16	5539
5411	16	5515
5411	16	5515
5411	16	5514
5411	16	5514
5411	16	5511
5411	16	5511
5411	16	5511
5411	16	5542
5411	16	5509
5411	16	5509
5411	16	5519
5411	16	5530
5411	16	5530
5411	16	5525
5411	16	5524
5411	16	5547
5411	16	5537
5411	16	5537
5411	16	5517
5411	16	5517
5411	16	5517
5411	16	5527
5411	16	5527
5411	16	5543
5411	16	5518
5411	16	5545
5411	16	5541
1695	2	1671
1695	2	1672
5352	15	4973
5352	15	4971
3145	11	3146
3145	14	4298
3145	14	4298
4576	14	3481
4576	14	3481
4576	14	3707
4576	14	3707
4576	14	3707
4576	14	3707
4576	14	3707
8216	17	8220
8216	20	8220
8216	20	8728
3936	14	3937
3936	14	3937
2866	17	5878
2866	17	6482
2866	17	5881
2866	17	5879
2866	9	2520
3033	14	3883
3033	23	3045
3033	23	3045
3033	23	2952
3033	10	2981
663	18	671
663	18	662
663	18	966
8999	17	8853
8999	20	8852
8999	20	8852
8999	20	8852
8999	20	8852
8999	17	8852
8999	20	8852
8999	20	8852
8999	17	8852
8999	20	8852
2389	8	2341
2341	8	2389
2341	17	6028
2341	8	2340
2341	17	5798
2341	20	5798
2341	20	6875
7384	17	7386
7384	17	7385
7384	17	6909
7384	17	5868
7384	17	6616
5574	17	6185
5574	17	6184
5574	17	5572
5574	20	5572
5574	17	6183
1798	3	1801
1798	3	1776
4269	14	4270
4269	14	4270
4269	14	3673
4269	14	3781
9110	17	6501
9110	17	6359
9144	18	9139
9144	18	1034
9144	18	1040
9144	18	695
9144	18	1031
9144	18	708
9144	18	9137
9144	18	707
9144	18	687
9144	18	1028
9144	18	9138
9144	18	9140
9144	18	686
9144	18	1041
9144	18	704
9144	18	1027
9144	18	137
9144	18	696
9144	18	136
9144	18	1035
9373	20	6328
9373	20	9374
3011	14	3906
3011	10	3012
6334	17	6337
6334	17	6335
6334	17	6336
605	1	245
605	1	606
2452	8	2453
2453	8	2452
5572	16	2464
5572	16	5575
5572	16	5575
5572	16	5575
5572	16	5580
5572	16	5580
5572	16	5573
5572	16	5573
5572	16	5578
5572	16	5574
2290	8	2291
2291	8	2290
3347	13	3247
3347	13	3252
7102	17	7106
7102	17	7104
7102	17	7104
7102	17	5916
7102	17	5983
7102	17	7103
7102	17	7105
7102	17	7105
7102	17	6204
7102	17	6232
4393	14	3496
4393	14	3495
1430	1	193
1430	1	970
3103	14	3975
3103	11	3169
3103	11	3104
8740	17	8742
8740	20	8742
8740	20	8741
8740	17	8741
8740	20	6385
8740	17	6385
8740	20	6385
8740	20	6326
8740	20	9200
8740	17	8261
8740	20	8261
8740	20	6722
8740	20	7474
1603	1	1596
1603	1	1597
7291	17	5818
7291	17	6820
3177	14	4249
3177	14	3450
3177	11	3095
1930	5	911
1930	5	1932
1930	5	1931
1930	5	734
1930	15	5024
1930	15	4977
911	1	912
3132	14	3871
3132	14	3870
3132	14	3872
3132	14	3873
3132	11	3133
5553	16	5568
5553	16	5566
5553	16	5567
5553	16	5561
5553	16	5556
5553	16	5560
5553	16	5555
5553	16	5557
5553	16	5565
5553	16	2423
5553	16	5558
5553	16	5563
5553	16	5554
5553	16	2448
5568	20	5722
4765	14	4769
4765	14	4769
4765	14	4767
4765	14	4767
4765	14	4767
4765	14	4766
4765	14	4766
4765	14	4766
7974	17	7678
7974	17	5999
7003	17	6752
7003	17	6864
7003	17	6357
7003	17	7069
7003	17	8625
7003	17	7070
7003	17	6226
7003	17	6753
7003	17	6260
7003	17	5936
7003	17	5836
546	1	539
546	1	540
1443	1	336
1443	1	155
6756	17	6757
6756	17	6093
6756	17	6059
2784	9	2520
2784	17	6165
2520	17	8168
5446	16	5447
5446	16	5447
5446	16	5448
5446	16	5448
5446	16	5448
5446	16	5452
5446	16	5457
5446	16	5458
5446	16	5458
5446	16	5458
5446	16	5458
5446	16	5450
5446	16	5595
5446	16	5595
5446	16	5439
5446	16	5439
2773	14	3641
2773	14	3463
2773	9	2517
2773	14	3636
7989	17	6198
7989	17	6198
5504	17	6381
5504	17	6381
5504	17	6379
5504	17	6379
5504	17	5908
5504	17	6045
5504	20	6045
5504	20	6045
5504	20	6045
5504	20	6045
5504	20	6045
5504	17	5904
5504	17	5902
5504	20	5902
5504	20	5902
5504	20	5902
5504	17	6378
5504	17	6378
5504	17	6316
5504	17	6316
5504	22	5649
5504	17	5905
5504	17	5909
5504	17	5909
5504	17	5909
5504	17	5909
5504	17	5909
5504	17	5909
5504	17	5909
5504	22	6517
5504	22	9587
5504	22	9663
5504	22	9583
5504	17	5493
5504	17	5678
5504	17	5678
5504	17	6317
5504	17	5901
5504	17	5901
3611	14	4124
3611	14	3612
8942	17	6642
8942	17	5929
8048	17	8049
8048	17	7408
676	1	123
676	1	122
4293	14	4294
4293	17	7265
1569	1	559
1569	1	558
1569	1	560
4268	14	3481
4268	14	4252
4061	14	3444
4061	14	3444
5753	16	5754
5753	16	4147
7772	17	8381
7772	20	8381
7772	17	7776
7772	20	7776
7772	20	8371
7772	17	8371
7772	20	8369
7772	17	8369
7772	20	7773
7772	17	7773
7772	20	7774
7772	17	7774
7772	17	8975
7772	20	8975
7772	17	7572
7772	20	7910
7772	20	9296
7772	17	7779
7772	20	7779
7772	20	7775
7772	17	7775
7772	20	7912
7772	20	7913
7772	20	5740
7772	20	5661
3946	14	3495
3946	14	3496
169	7	2201
169	7	2201
169	5	1946
169	6	2042
169	5	1936
169	6	2043
169	6	173
169	1	173
169	1	173
169	5	25
169	7	2203
169	5	1938
169	1	171
169	6	171
169	17	5833
169	6	402
169	7	2227
169	5	1926
169	1	175
169	6	175
169	6	170
169	1	170
169	5	1935
169	5	1916
169	5	948
169	5	178
169	5	1975
169	6	405
169	5	914
169	6	2041
169	15	4977
10755	22	10756
10755	22	9986
1042	18	1467
1042	18	1651
1042	18	297
1042	18	644
1042	18	489
1042	18	435
1042	18	409
1042	18	715
1042	18	979
1042	18	1050
1042	1	686
1042	18	876
1042	18	377
1042	18	570
1042	18	568
1042	18	567
1042	1	687
1467	1	125
4346	14	3700
4346	14	3574
8979	17	5817
8979	17	5818
8498	17	5881
8498	17	8456
2183	7	2190
2183	7	2190
2183	7	2196
2183	7	2196
2183	7	2184
2183	7	2184
2183	7	2199
2183	7	2187
2183	7	2187
2183	17	5821
2183	7	2197
2183	7	2197
2183	7	2188
2183	7	2188
2183	7	2193
2183	7	2192
2183	7	2192
2183	7	2189
2183	7	2186
2183	7	2186
2183	7	2198
2183	7	2198
2183	9	2495
2183	7	2195
2183	7	2194
2183	7	2194
2183	9	2498
2183	9	2537
2183	9	2485
2183	17	5820
2183	7	2191
2183	9	2494
2183	9	2488
2183	9	2490
2183	7	2185
2183	17	5822
2183	9	2496
2183	7	2200
2183	9	2487
40	0	41
40	1	41
40	6	2055
4740	14	4561
4740	14	3498
9527	21	9528
9527	21	9500
2642	9	2552
2642	13	2552
1030	1	1031
1030	1	707
8497	17	8396
8497	17	5453
7725	17	6466
7725	17	7135
8838	17	8205
8838	17	6501
8838	17	6102
2727	9	2480
2727	9	2667
3969	14	3496
3969	14	3496
9422	20	5798
9422	20	6328
567	1	125
7695	17	7338
7695	17	7032
7073	17	6442
7073	23	2989
1542	1	148
1542	1	210
5764	23	12539
5764	23	12539
5764	17	2106
5240	15	4971
5240	15	4973
4511	14	4512
4511	14	3653
4511	14	3652
972	1	122
972	1	123
897	1	866
897	1	865
5854	17	5855
5854	23	12517
5854	17	5857
5854	17	5856
2106	16	5734
2106	16	5734
2106	16	2804
2106	16	5752
2106	16	5752
2106	16	5735
2106	16	5735
2106	16	5735
2106	16	2574
2106	6	453
2106	16	5772
2106	16	5769
2106	16	5711
2106	16	5711
2106	16	5737
2106	16	2350
2106	6	2152
2106	16	5751
2106	16	5771
2106	6	2128
2106	6	2151
2106	16	5764
4998	15	4971
4998	15	4973
6500	17	6083
6500	17	6501
177	1	123
177	1	122
1070	1	411
1070	1	750
7979	17	7981
7979	17	7919
7979	17	7982
7979	17	6152
7979	17	7903
7979	17	6180
7979	17	6197
9463	21	9464
9463	21	9464
9463	21	9434
9463	21	9434
9463	21	9434
9463	21	9465
9419	20	6012
9419	20	6012
4687	14	4688
4687	14	4688
11824	22	9710
11824	22	10749
11824	22	10323
11824	22	9893
7357	17	6013
7357	17	5936
3533	14	3458
3533	14	3473
3533	14	3457
3533	14	3456
2553	17	7433
2553	9	2505
206	1	207
5665	16	5669
5665	16	5669
5665	16	5675
5665	16	5675
5665	16	5676
5665	16	5676
5665	16	1877
5665	16	5667
5665	16	5670
5665	16	5670
5665	16	5672
5665	16	5672
5665	16	5666
5665	16	5666
5665	16	5666
5665	16	5677
5665	16	5677
5665	16	5674
5665	16	5674
5665	16	5671
5665	16	5671
1906	17	7624
1906	17	6001
1906	4	1839
1906	17	6002
2156	6	30
2156	6	26
1858	14	4521
1858	14	3781
1858	14	3781
1858	14	3731
1858	14	3731
1858	19	969
1858	19	969
1858	14	3738
1858	14	3738
1858	14	3738
1858	17	6190
1858	4	1859
1858	11	3087
1858	14	4519
1858	14	4519
1858	14	3730
1858	14	3730
1858	23	2997
1858	20	6012
1858	17	6221
1858	11	3164
1858	11	3164
1858	19	25
7307	17	8881
7307	17	6055
8066	20	8067
8066	17	8067
2078	6	170
2078	6	170
7205	17	6897
7205	17	6262
79	0	82
79	1	82
79	0	80
79	1	80
79	1	81
79	0	81
79	1	1483
942	1	865
942	1	866
7312	17	7606
7312	20	7606
7312	17	7608
7312	20	7608
7312	17	5572
7312	20	5572
7312	17	7313
7312	17	7605
7312	20	7605
7312	17	7051
7312	20	6257
7312	17	6257
7312	20	9235
7312	20	8226
7312	17	7609
7312	20	7609
7312	17	7415
7312	20	6233
7312	20	9252
7312	20	7400
7312	17	7400
7312	20	7315
7312	17	7315
7312	20	7097
7312	20	5700
7312	20	7607
7312	17	7607
7312	20	6256
7312	20	7444
5331	15	4971
5331	15	4973
473	5	1987
473	5	1974
473	1	416
473	6	2055
473	5	1972
473	6	2040
473	1	304
473	6	2082
1987	17	6052
2232	17	7727
2232	11	3095
2232	17	6144
3066	11	3128
3066	14	3623
3066	14	3781
3066	14	3781
3066	10	2935
3066	23	2982
3066	23	12524
3066	10	2946
5119	15	4985
5119	15	4985
5083	15	4971
5083	15	4973
5596	16	5608
5596	16	5599
5596	16	5599
5596	16	5601
5596	16	5601
5596	16	5607
5596	16	5600
5596	16	5600
5596	16	5600
5596	16	2463
5596	16	5609
5596	16	5598
5596	16	5598
5596	16	5604
5596	16	5605
5596	16	5605
5596	16	5610
3394	13	3252
3394	13	3247
1651	1	125
21	0	22
21	1	22
21	1	37
21	0	37
21	1	23
21	0	23
21	0	36
21	1	36
21	0	24
21	1	24
21	0	87
21	1	87
2788	9	2495
2788	9	2618
4445	14	4308
4445	14	4064
5258	15	4973
5258	15	4971
4681	14	4682
2246	8	2245
2245	8	2246
2245	17	5939
2245	20	5722
8391	20	6937
8391	17	6937
8032	17	8034
8032	17	8033
8032	20	8033
8032	20	9313
8032	20	6744
8032	17	6744
8032	20	9175
8032	20	6815
8032	20	8086
10009	22	10013
10009	22	10011
10009	22	10012
10009	22	10010
5431	16	5432
5431	16	5432
5431	16	5434
5431	16	5434
5431	16	5465
5431	16	5465
5431	16	5475
5431	16	5475
2167	6	2099
2167	6	2158
2099	9	2495
2099	9	2487
2099	9	2488
2099	9	2494
2099	9	2485
2099	9	2497
2099	15	4969
2099	9	2498
2099	9	2490
2099	9	2496
1305	1	129
1305	1	129
4782	14	3454
4782	14	3456
4048	14	4049
4048	14	3791
1714	2	1671
1714	2	1672
372	1	370
372	1	369
5737	17	2106
6705	22	9690
6705	17	6695
7990	17	7554
7990	17	7991
8691	20	6039
8691	17	6198
124	1	125
124	1	125
124	1	126
5358	15	4973
5358	15	4971
5611	16	5619
5611	16	5619
5611	16	5619
5611	16	5618
5611	16	5618
5611	16	5618
5611	16	5624
5611	16	5616
5611	16	5616
5611	16	5612
5611	16	5620
5611	16	5623
2794	14	3475
2794	9	2482
2794	14	3922
9001	17	7709
9001	17	7709
1796	3	1776
1796	3	1778
3305	13	3255
3305	13	3269
121	1	123
121	1	122
6350	20	6353
6350	17	6353
6350	20	6355
6350	17	6355
6350	20	6351
6350	17	6351
6350	17	6352
6350	20	6352
6350	20	6352
6350	20	6352
6350	17	5946
6350	17	6198
6350	17	6198
6350	17	6198
6350	17	6198
6350	17	6198
6350	20	9184
6350	17	6354
6350	20	6354
6350	17	5939
6350	17	5939
6350	20	5455
6350	20	5455
6350	20	7871
5678	16	5684
5678	16	5684
5678	16	5682
5678	16	5682
5678	16	5688
5678	16	5688
5678	16	5679
5678	16	5679
5678	16	3243
5678	16	3243
5678	16	3243
5678	16	3243
5678	16	5505
5678	16	5505
5678	16	5505
5678	16	5505
5678	16	5505
5678	16	5683
5678	16	5683
5678	16	5683
5678	16	5683
5678	16	5683
5678	16	5683
5678	16	5689
5678	16	5689
5678	16	5689
5678	16	5504
5678	16	5504
5678	16	5504
5678	16	5681
5678	16	5681
5678	16	5681
5678	16	5696
5678	16	5696
5678	16	5686
5678	16	5686
5678	16	5686
5678	16	5686
5678	16	5692
5678	16	5692
5678	16	5694
5678	16	5694
5678	16	5694
5678	16	5694
5678	16	5694
5678	16	5691
5678	16	5691
5678	16	5691
5678	16	5691
5678	16	5691
5678	16	5500
5678	16	5500
5678	16	5699
5678	16	5698
5678	16	5687
5678	16	5695
344	1	122
344	1	123
8661	20	9305
8661	20	9304
8661	21	9485
8661	20	9006
8661	17	7817
1582	1	122
1582	1	123
4869	14	3785
4869	14	3785
1276	1	129
1276	1	129
5136	15	4971
5136	15	4973
1124	1	1125
1124	1	572
761	1	129
761	1	123
8679	17	8680
8679	17	6262
8679	17	7021
8679	17	7714
8679	17	6603
8679	17	6708
8679	17	6264
8679	17	6706
8679	17	5836
7009	20	5765
7009	20	5763
7009	20	6722
7009	20	7871
7009	20	8315
2407	20	8286
2407	8	2406
2407	20	6028
2407	17	5799
2407	17	6161
2407	17	5815
1789	3	1778
1789	3	1776
721	1	123
721	1	122
3884	14	3886
3884	14	3887
135	18	438
135	18	534
135	18	854
135	18	954
135	18	9131
135	18	1081
135	18	1426
135	18	1014
135	18	1013
135	18	1468
135	18	9132
135	18	9130
135	18	602
135	1	137
135	1	136
135	18	1470
135	18	2004
367	1	123
367	1	122
6082	17	6083
6082	17	5874
426	1	522
426	1	427
3979	14	3707
3979	14	3707
3979	14	3707
3979	14	3983
3979	17	6741
3979	14	3973
3979	14	3781
1579	1	552
1579	6	45
1579	6	30
1579	6	29
1579	6	1560
5762	16	3233
3940	14	3648
3940	14	3690
1121	1	1122
1121	1	237
1121	1	236
861	1	862
861	15	4983
861	15	4982
6846	17	6290
6846	17	6391
8016	20	7814
8016	17	8017
544	1	545
7897	17	6219
7897	17	7192
7897	17	7232
100	5	1984
100	1	101
100	0	101
100	6	29
100	5	1943
100	6	28
100	5	771
100	6	332
100	5	1940
100	5	2000
100	5	1955
100	6	30
100	6	592
9196	20	6780
9196	20	7092
5700	16	5706
5700	16	5706
5700	16	5703
5700	16	5703
5700	16	5703
5700	16	5705
5700	16	5705
5700	16	5705
5700	16	5707
5700	16	5707
5700	16	5707
6195	20	7131
6195	17	7131
6195	17	5924
6195	20	6197
6195	17	6197
6195	19	1991
6195	17	6198
6195	17	6198
6195	17	6198
6195	20	7132
8737	17	7487
8737	17	6366
1548	1	148
1548	1	241
5850	17	8155
5850	20	8155
5850	17	8149
5850	20	8149
5850	17	8153
5850	20	8153
5850	20	8935
5850	17	8935
5850	20	5851
5850	17	5851
5850	17	8148
5850	20	8148
5850	17	8152
5850	20	8152
5850	20	9311
5850	20	8146
5850	17	8146
5850	20	8452
5850	17	7579
5850	20	7579
5850	20	7359
12548	23	12549
12548	23	12517
2340	8	2341
4674	14	3963
4674	14	4478
6885	17	6886
6885	20	7092
6885	20	7092
6885	20	7092
6885	20	7092
6885	20	7092
6885	20	7092
6885	20	7092
6885	17	5896
6885	17	6068
6885	17	6639
6885	17	6267
6885	17	6110
6885	17	6268
6885	17	6066
5351	15	4973
5351	15	4971
2937	10	2939
2937	10	2938
8382	17	6554
8382	17	6211
8382	17	6653
8382	17	8376
8382	17	6619
8382	17	6055
7617	17	7034
7617	17	7499
396	5	1977
396	1	323
396	1	323
396	7	2228
396	7	2228
396	1	397
396	5	1979
396	6	28
396	6	332
396	6	29
396	1	322
396	6	26
396	17	5947
396	5	1978
396	17	6003
396	5	1965
396	6	30
2860	14	3802
2860	14	3802
2860	14	3481
2860	9	2861
3181	11	3109
3181	14	3726
7685	17	7686
7685	20	7686
9054	17	9055
9054	17	9055
9054	17	7229
9054	17	6976
9054	17	8104
9054	17	8104
9054	17	8104
9054	17	8104
9054	17	6358
9054	17	6324
9054	17	6156
9054	17	5804
9054	17	5939
9054	17	6134
7831	17	7832
7831	20	7832
8645	17	8214
8645	17	8215
9516	21	9457
9516	21	9442
9516	21	9451
9516	21	9477
96	0	97
96	1	97
6312	17	6317
6312	17	6320
6312	20	6320
6312	20	6320
6312	17	6320
6312	20	5808
6312	17	5808
6312	20	5808
6312	20	5808
6312	22	6517
6312	20	6319
6312	20	6319
6312	17	6319
6312	17	5909
6312	17	5909
6312	17	5909
6312	20	5902
6312	20	5902
6312	17	6313
6312	22	9595
6312	22	5649
6312	22	9592
6312	22	9592
6312	17	6316
6312	22	9593
6312	22	9590
5755	16	2425
5755	16	5646
5755	16	5483
5755	16	5760
5755	16	2415
5755	16	5757
5755	16	5758
5755	16	2264
5755	16	5756
9386	23	12511
9386	20	5722
1838	4	1839
1838	17	6461
11401	22	10984
11401	22	10774
11401	22	10246
11401	22	10219
804	1	122
804	1	123
977	1	353
977	1	357
3222	12	2174
3222	17	6078
3222	17	6078
1786	3	1778
1786	3	1776
271	1	272
271	1	272
271	1	119
1462	1	1456
1462	1	642
4447	14	3822
4447	14	3821
6027	17	6028
6027	20	5798
10961	22	10962
10961	22	10028
10961	22	10028
10961	22	9633
10961	22	10587
5335	15	4971
5335	15	4973
557	1	558
557	1	559
557	1	560
2121	6	171
2121	6	405
2121	6	2042
2121	6	170
2121	6	2041
2121	6	402
2165	15	5076
2165	15	5002
2165	6	170
2165	15	5075
3569	17	6031
3569	14	3565
3560	14	3561
3560	14	3518
3560	14	3505
3560	14	3437
5247	15	4973
5247	15	4971
4994	15	4973
4994	15	4971
6325	17	7410
6325	17	6472
6325	17	6426
6325	17	6645
6325	17	6645
6325	17	6002
6325	17	6001
6325	17	6794
480	1	481
480	15	4990
480	15	5067
4970	15	4971
4970	15	4973
999	1	122
999	1	123
1897	9	2614
1897	11	3085
1897	14	3450
1897	4	1880
4192	14	4747
4192	14	3805
3168	17	5955
3168	17	6737
3168	14	3975
3168	17	6736
3168	14	3974
3168	11	3169
3168	14	3978
3168	17	6739
3168	14	3976
3168	11	3104
3168	17	6738
4483	17	8098
4483	14	3781
7723	17	6213
7723	17	7265
901	1	866
901	1	865
443	1	304
443	1	416
2933	17	7841
2933	23	2934
2933	10	2934
1131	1	1132
1131	1	1132
7718	20	7719
7718	17	7719
3035	17	7743
3035	10	3002
7024	17	5935
7024	17	5816
7024	17	5817
7024	17	5818
2820	9	2515
2820	14	4349
4644	14	3481
4644	14	3481
9285	20	9270
9285	20	9031
2203	14	4288
2203	14	3667
2235	17	6507
2235	17	7362
2235	17	6654
2235	17	7006
2235	14	3667
2235	17	6090
2235	17	7363
2235	17	6873
2046	6	2009
2046	6	2158
7781	17	7782
7781	20	7782
7781	17	8392
7781	20	8392
7781	20	8303
8807	17	8505
8807	22	10012
8807	22	10573
3638	14	3639
3638	14	3639
3115	17	6510
3115	14	3481
3115	14	3853
3115	14	3853
3115	14	3882
3115	14	3882
3115	11	3095
3115	14	3668
3115	17	6213
3115	17	6093
2448	20	9271
2448	17	7925
2448	20	7925
2448	20	6469
2448	20	7791
2448	17	7791
2448	20	7791
2448	8	2462
2448	20	6467
2448	20	7885
2448	17	6734
2448	20	6734
2448	20	7926
2448	20	7926
2448	17	7926
2448	17	7924
2448	8	2447
4452	14	4453
4452	14	4453
5774	16	5776
5774	16	5776
5774	16	5785
5774	16	5785
5774	16	5775
5774	16	5775
5774	16	5778
5774	16	5778
5774	16	5778
5774	16	5779
5774	16	5779
5774	16	5779
5774	16	5780
5774	16	5780
5774	16	5777
5774	16	5777
5774	16	5783
5774	16	5783
5774	16	5782
5774	16	5782
5774	16	5786
5639	16	5640
5639	16	5640
5639	16	4058
5639	16	4058
5639	16	5644
5639	16	5643
5639	16	5642
5639	16	5642
5639	16	5642
5639	16	5641
5639	16	5641
5639	16	5641
1911	4	1901
1911	4	1839
1911	20	7092
1911	20	7092
3994	14	3456
3994	14	3457
3994	14	3454
3994	14	3455
4759	14	4113
4759	14	3623
9509	21	9493
9509	21	9493
2426	17	6473
2426	20	7646
2426	8	2403
2426	8	2427
431	1	190
431	1	189
4355	17	7682
4355	17	4313
4355	17	4313
4355	17	7684
4355	17	7684
4355	14	3702
4355	17	7683
4355	17	6657
4108	14	3444
4108	14	4053
6454	17	6458
6454	17	6357
4968	14	4600
4968	14	4214
3234	12	170
3234	22	10439
7146	17	7147
7146	17	6601
7146	17	6601
7146	17	5950
7146	17	5950
7146	17	6003
7146	23	12532
7146	17	7084
7146	17	5947
7146	17	5947
7146	17	6617
2550	17	6933
2550	9	2505
219	1	220
219	15	4973
219	15	4971
4005	14	4006
4005	14	4007
1878	4	1833
1878	14	4383
2479	9	2585
2479	9	2480
2418	20	5762
2418	20	5762
2418	8	2419
5344	15	4971
5344	15	4973
5551	16	5552
5551	16	5664
5551	16	5660
5551	16	2399
5551	16	5659
5551	16	5659
5551	16	5733
5551	16	5571
5551	16	5570
1777	3	1778
1777	3	1776
205	1	206
205	6	2038
205	1	207
205	1	208
205	15	4990
205	6	30
205	6	2019
8502	20	6233
8502	17	7254
1979	6	2147
1979	6	30
1979	6	2148
5197	15	5113
5197	15	5185
333	1	294
333	1	334
4271	14	4272
4271	14	3450
44	5	1985
44	6	29
44	6	1560
44	6	553
44	1	553
44	5	1994
44	0	46
44	6	46
44	1	46
44	1	46
44	5	1961
44	6	45
44	0	45
44	1	45
44	5	25
44	5	1963
44	5	1963
44	6	2029
44	5	1934
44	5	1996
44	5	509
44	1	552
44	6	32
44	6	332
44	1	551
44	6	30
7000	17	7001
7000	17	7002
7000	17	5947
7000	17	5947
7000	17	5953
7000	17	5953
7000	17	5951
7000	17	5950
7000	17	5948
7000	17	5948
7000	17	5948
6773	17	6774
6773	20	6774
6773	17	6778
6773	17	6776
6773	17	6777
6773	17	5959
6773	20	6775
6773	17	6775
6773	17	6012
6773	20	6012
6773	17	6368
5402	16	5405
5402	16	5405
5402	16	5408
5402	16	5408
5402	16	5408
5402	16	5403
5402	16	5409
5402	16	5409
5402	16	5407
5402	16	5406
5402	16	5406
3651	14	3652
3651	14	3653
10484	22	9996
10484	22	9592
7327	20	7328
7327	17	7328
2057	6	2058
2057	6	2058
2057	6	400
2057	6	170
2057	6	173
3194	12	3195
3194	17	5804
3194	17	7229
3194	17	5833
3194	12	115
3194	17	6653
3194	17	6329
3194	17	6090
3194	17	7363
3194	17	7006
1108	1	815
1108	1	1001
8746	17	6864
8746	17	6357
2878	9	2763
2878	17	7683
2878	17	7128
2878	17	7128
12200	22	5582
12200	22	9973
4617	14	4383
4617	14	4408
4617	14	4406
3036	10	2924
3036	14	3922
2212	7	2213
2212	7	2213
5552	17	5551
4692	14	4693
4692	14	4591
11532	22	10849
11532	22	9837
2847	14	3822
2847	9	2500
5173	15	4973
5173	15	4971
7902	20	9311
7902	17	6158
7902	20	5849
7902	20	7282
7902	17	7903
7902	20	7903
7902	20	7405
7902	20	7281
7902	20	7919
7902	17	6151
7902	20	6151
7902	20	7109
1616	1	1597
1616	1	1596
2575	9	2480
2575	9	2667
4178	14	4164
4178	14	4124
3440	14	3442
3440	14	3441
5248	15	4971
5248	15	4973
6119	17	6647
6119	17	2072
6119	17	6646
6119	17	6081
6119	23	12551
6119	17	6643
6119	17	6645
6119	17	6120
270	1	123
270	1	122
2903	11	3153
2903	11	3139
2903	9	2887
2903	17	6003
2903	11	3089
2903	12	170
2903	17	6304
2903	12	2041
8035	20	8036
8035	17	8036
8035	20	6256
8035	17	6256
8035	20	6256
8035	17	6256
5147	15	4971
5147	15	4973
2395	14	4038
2395	21	9511
2395	21	9511
2395	17	5887
2395	14	3811
2395	14	3811
2395	14	3811
2395	8	2394
2395	14	3810
2395	21	9462
2395	17	6845
11467	22	11161
11467	22	9734
1237	1	129
1237	1	129
1237	1	1210
6595	17	6596
6595	17	6262
2539	9	2482
2539	9	2540
2574	17	8435
2574	17	2106
2574	17	6854
2574	9	2509
2574	9	2509
2574	9	2509
4448	14	3822
4448	14	3821
2129	6	30
2129	6	2100
2950	10	2951
2950	10	2952
2950	17	6412
346	1	257
346	1	347
6973	23	12501
6973	17	6974
6973	17	5836
6973	17	6416
6973	17	5832
6973	17	7047
6973	23	2996
6973	17	5831
11638	22	11153
11638	22	11116
11638	22	10171
979	1	125
4972	15	4971
4972	15	4973
1578	1	750
1578	1	411
988	15	4986
988	15	4985
814	1	1001
814	1	815
7940	20	9301
7940	17	6670
7940	20	6670
7940	17	6290
7940	17	6290
7940	20	6290
7940	20	6290
7940	17	7941
7940	20	7941
3143	17	5845
3143	14	4671
3143	14	4107
3143	11	3087
130	1	131
130	1	181
8471	17	6596
8471	17	6708
1844	9	2506
1844	4	1833
3309	13	3255
3309	13	3269
823	1	241
823	1	148
751	1	411
751	1	750
8336	17	5804
8336	17	5939
802	1	123
802	1	122
7115	17	7116
7115	17	7099
7658	17	6632
7658	17	7275
691	1	123
691	1	129
1046	1	148
1046	1	210
11318	22	9840
11318	22	9825
5342	15	4971
5342	15	4973
194	1	148
194	1	162
8990	17	7832
8990	20	7832
1066	1	862
1066	15	4982
1066	15	4983
7364	17	7365
7364	17	7366
4335	14	3437
4335	14	3437
2778	9	2779
2778	20	5762
2778	20	5762
2778	20	5762
2778	20	5762
2778	20	5762
2778	17	6653
2778	17	6192
2778	20	6192
2778	20	6192
2778	17	8039
2778	17	5868
2778	17	6211
2778	17	7494
6228	17	6230
6228	17	6229
4534	14	4535
4534	14	3690
2521	9	2482
2521	17	5873
3773	14	3757
3773	14	3774
3713	14	3714
3713	14	3495
3713	14	3715
7297	17	7298
7297	17	7299
5195	15	5113
5195	15	5185
4243	14	3450
4243	14	3450
6558	17	6559
6558	17	6476
1625	1	1596
1625	1	1597
7498	17	7499
7498	17	7241
5033	15	4973
5033	15	4971
5722	16	5557
5722	16	5556
5722	16	5561
5722	16	5566
5722	16	5726
5722	16	5726
5722	16	5720
5722	16	5728
5722	16	2437
5722	16	5560
5722	16	5727
5722	16	2321
5722	16	5567
5722	16	5558
5722	16	5558
5722	16	2448
5722	16	2455
5722	16	5555
5722	16	5554
5722	16	5724
5722	16	2373
8478	17	8176
8478	17	8485
8478	17	8480
8478	17	8479
436	1	437
436	1	437
9430	20	6150
9430	20	5798
8927	17	6133
8927	23	12541
8980	17	6764
8980	17	8186
6610	17	6611
6610	17	6612
5128	15	4973
5128	15	4971
8913	17	6807
8913	17	6807
6931	17	6933
6931	17	4313
6931	17	6089
6931	17	6932
502	18	9147
502	18	9147
502	18	688
502	18	503
502	18	1007
502	18	682
502	18	501
5085	15	4971
5085	15	4973
3290	13	3252
3290	13	3247
9129	17	6324
9129	17	6254
9129	17	6156
5017	15	4971
5017	15	4973
2631	17	7595
2631	9	2482
5315	15	5189
5315	15	4973
11215	22	5157
11215	22	9916
11215	22	9916
11215	22	10230
11215	22	10358
11215	22	10360
11215	22	10360
11215	22	9724
11215	22	10637
11215	22	10637
11215	22	10195
11215	22	10195
11215	22	9725
5157	15	5110
4248	14	4249
4248	14	3481
1024	1	123
1024	1	122
2346	8	2347
2347	8	2346
4344	14	3457
4344	14	3456
8239	20	9257
8239	20	8240
8239	17	8240
8239	20	8241
8239	17	8241
8239	17	8243
8239	20	8243
8239	20	8137
8239	20	6179
8239	20	9345
8239	20	9344
8239	20	6326
8239	20	6039
8992	17	8995
8992	17	8995
8992	17	8994
8992	17	8994
8992	17	6966
8992	17	6966
8992	17	6966
8992	17	8802
8992	17	8487
8992	17	8993
8992	17	6927
8992	17	5925
674	1	123
674	1	122
2890	9	2515
2890	14	3922
8749	20	5722
8749	20	7301
8749	20	7301
8749	17	5815
8349	17	6213
8349	17	7678
955	1	589
955	1	956
4325	14	3587
4325	14	3466
3744	14	3729
3744	14	3745
11626	22	10252
11626	22	11041
11626	22	9707
11626	22	9707
11626	22	9927
11626	22	10073
11626	22	9780
11626	22	9829
11626	22	10010
6080	17	6081
6080	17	6011
8398	17	8403
8398	17	8399
8398	17	6915
8398	17	6538
8398	17	7391
8398	17	6542
8398	17	8402
8398	17	5885
4883	14	3918
4883	14	3805
1980	5	1981
1980	5	1982
10352	22	5109
10352	22	9672
5109	15	5110
4937	14	3456
4937	14	3455
141	1	122
141	1	123
5290	15	4973
5290	15	4971
1355	1	953
1355	1	953
1355	1	1142
4143	14	4135
4143	14	4135
3644	14	3646
3644	14	3645
5231	15	4973
5231	15	4971
9352	20	9173
9352	20	9210
4104	14	3690
4104	14	3648
3214	14	4350
3214	14	4350
3214	12	2120
3214	12	2082
8027	17	5836
8027	17	6660
3763	14	3765
3763	14	3764
4235	14	4093
4235	14	4237
4235	14	3681
7642	17	6985
7642	20	8368
1622	1	1596
1622	1	1597
1968	5	1953
1968	5	598
1968	5	1970
3239	12	2041
3239	12	170
1562	1	764
1562	1	496
1520	1	210
1520	1	148
12337	22	5583
12337	22	10572
12337	22	9613
4413	14	4414
4413	14	4414
4413	17	6837
4082	14	3495
4082	14	3747
4334	14	3423
4334	14	3610
4703	14	4704
4703	14	4705
9258	20	7092
9258	20	7092
9258	20	7092
9258	20	7092
7906	17	7914
7906	17	7914
7906	17	7913
7906	17	7913
7906	17	7913
7906	17	7913
7906	17	7913
7906	17	7913
7906	17	7913
7906	17	7913
7906	17	7913
7906	17	7913
7906	17	7909
7906	17	7909
7906	17	7909
7906	17	7909
7906	17	7910
7906	17	7910
7906	17	7912
7906	17	7912
7906	17	7912
7906	17	7912
7906	17	7912
7906	17	7912
7906	17	7912
7906	17	6029
7906	17	7903
7906	17	6180
7906	17	7919
7906	17	7918
7906	17	7920
7906	17	7917
8610	17	8387
8610	17	7633
3594	14	3596
3594	14	3509
3594	14	3506
3594	14	3595
75	1	76
75	0	76
5628	20	8515
5628	17	8515
5628	20	7478
5628	20	5455
5628	20	6722
5628	20	7920
5628	20	7872
5628	20	9050
5628	20	5626
5628	17	5626
5628	20	7918
5628	20	6326
2824	9	2825
2824	9	2480
256	1	257
256	1	347
5455	16	5450
5455	16	5436
5455	16	5462
5455	16	5457
5455	16	5452
5455	16	5459
5455	16	5459
5455	16	5458
5455	16	5456
5455	16	5460
5455	16	5460
5455	16	5460
5455	16	5461
5455	16	5439
1642	1	122
1642	1	123
6390	20	9191
6390	20	9191
6390	20	6395
6390	17	6395
6390	20	6395
6390	20	6393
6390	20	6393
6390	17	6393
6390	20	6393
6390	17	6393
6390	20	6392
6390	17	6392
6390	20	6392
6390	20	6392
6390	20	6290
6390	20	6290
6390	20	6290
6390	20	6396
6390	17	6396
6390	20	6396
6390	20	9169
6390	20	9169
6390	20	6666
6390	20	6668
6390	20	6668
6390	20	6391
6390	17	6391
6390	20	8616
6390	20	6394
6390	20	6394
6390	20	6394
6390	17	6394
6390	20	6394
6390	20	9170
6390	20	9170
6390	20	5479
6390	20	5479
6390	20	9192
6390	20	9192
6390	20	9192
6390	20	6547
6390	17	5970
6390	17	5970
6390	20	5970
6390	20	5970
1649	1	148
1649	1	433
2528	9	2529
2528	9	2478
8843	17	8514
8843	17	8534
8843	17	8845
232	1	233
232	1	63
7490	17	6345
7490	17	6344
4612	14	3444
4612	14	4174
5410	16	5414
5410	16	5419
5410	16	2633
5410	16	5413
5410	16	5418
5410	16	5417
5410	16	3215
5414	17	5410
1867	10	2949
1867	4	1833
1867	10	2947
1867	4	1829
1867	17	6758
498	1	499
498	1	187
3787	14	3788
3787	14	3789
8965	20	7546
8965	17	7546
1235	1	1210
1235	1	129
1235	1	122
4266	17	6543
4266	14	4242
7745	17	7594
7745	17	7429
7745	17	7427
7745	17	7309
215	1	190
215	1	189
5227	15	4973
5227	15	4971
5422	16	5423
5422	16	5423
8978	17	5816
8978	17	5818
8978	17	5819
8978	17	5817
4380	14	3447
4380	14	4049
5287	15	4971
5287	15	4973
8467	17	8364
8467	17	7338
8467	17	7242
8467	17	5825
8467	17	7937
3642	17	6059
3642	14	3441
4092	14	4285
4092	14	4093
4092	14	4287
5729	16	2469
5729	16	5730
5729	16	5731
11950	22	10573
11950	22	10573
1662	1	126
1662	1	125
1662	1	125
6343	17	6345
6343	17	5800
6343	17	6347
6343	17	6347
6343	17	6344
6343	17	6346
6879	17	6066
6879	20	7092
6879	17	6068
1941	5	1942
1941	5	1943
1941	6	2009
1941	6	2008
1941	6	45
1941	6	29
1941	6	29
1941	6	2045
10506	22	9558
10506	22	9986
10506	22	9881
10506	22	10133
10506	22	9902
3664	17	6088
3664	14	3665
3664	14	3666
3664	14	3668
3664	17	6090
3664	17	5867
3664	14	3667
3664	14	3669
3664	17	6089
12380	22	10538
12380	22	10442
981	1	334
981	1	294
1229	1	129
1229	1	129
1229	1	1210
8601	17	8295
8601	17	5984
962	1	163
962	1	433
1406	1	1407
1406	15	4985
1406	15	4986
7603	17	6322
7603	20	6322
2845	14	3956
2845	10	2977
2845	9	2518
293	1	294
293	1	295
7210	17	7213
7210	17	7211
7210	17	6662
7210	17	5941
7210	17	7212
7210	17	5931
7210	17	5978
7210	17	6691
1687	2	1672
1687	2	1671
4221	14	3586
4221	14	3952
298	15	4990
298	1	299
4733	14	3496
4733	14	4112
1647	1	123
1647	1	129
7959	17	7960
7959	17	7960
7959	20	7960
7959	20	7960
7959	20	7343
9384	20	7792
9384	20	6676
9384	20	5722
9452	21	9453
9452	21	9453
9452	21	9454
9452	21	9454
9452	21	9455
3371	13	3245
3371	13	3255
1448	1	1449
1448	1	1450
5188	15	5189
5188	15	4971
5188	15	4973
1939	15	5100
1939	5	1974
1939	5	1940
1939	15	5024
1939	13	3245
2483	9	2484
2483	9	2518
1793	3	1776
1793	3	1784
3287	21	9473
3287	13	3245
4090	14	4091
4090	14	2500
4090	14	3481
4090	14	4034
692	1	603
692	1	694
2015	6	115
2015	6	117
115	15	4995
115	9	2569
115	9	2571
115	9	2568
115	9	2570
115	9	2485
115	9	2567
115	15	4969
115	9	2495
115	9	2498
115	9	2487
115	9	2494
115	9	2496
115	9	2490
115	9	2537
115	9	2488
3790	14	4261
3790	14	3791
4827	14	4149
4827	14	3456
4827	14	3439
4827	14	3437
4827	14	3458
4827	14	3457
4827	14	3619
4827	14	3455
4827	14	3505
4827	14	3526
5319	15	4971
5319	15	4973
858	1	681
858	1	679
5138	15	4973
5138	15	4971
2644	9	2593
2644	10	2924
1299	1	129
1299	1	129
1299	1	1210
2323	8	2322
2322	8	2323
3390	13	3255
3390	13	3255
636	18	1495
636	18	1496
636	18	788
636	18	5135
636	18	717
636	18	792
636	1	479
636	1	444
5082	15	4973
5082	15	4971
5292	15	4973
5292	15	4971
709	1	370
709	1	369
2016	6	115
2016	6	116
12528	23	12532
12528	23	12529
3244	13	3245
3244	21	9473
2223	7	2226
2223	7	2226
2223	7	2224
2223	7	2224
2223	7	2225
2223	7	2225
9065	17	9066
9065	20	9066
9065	20	9424
9065	20	9424
9065	17	7924
9065	20	7925
9065	17	7925
9065	17	7926
9065	20	7926
9065	20	9362
178	6	180
178	1	180
178	6	117
178	6	116
178	1	179
178	1	86
178	6	86
178	6	115
178	6	2053
3635	14	3636
3635	17	6059
3183	12	2029
3183	12	32
3029	17	7026
3029	17	5947
3029	17	2072
3029	17	6011
3029	17	6011
5810	17	8800
5810	17	5811
5810	17	8823
4556	14	3491
4556	14	3793
4556	14	3793
4556	14	3519
4134	14	4135
4134	14	4135
541	1	543
541	1	282
541	1	283
541	1	281
541	1	542
7765	17	5946
7765	17	6198
109	0	110
109	1	110
109	0	111
109	1	111
7818	17	7319
7818	17	7022
236	1	237
236	1	1122
5343	15	4971
5343	15	4973
2627	9	2505
2627	9	2505
9376	20	9203
9376	20	7939
2702	9	2703
2702	9	2704
2702	9	2705
2702	17	6791
2702	17	6005
1301	1	129
1301	1	129
8934	17	8152
8934	17	8935
619	15	4983
619	15	4982
8725	20	9382
8725	20	8727
8725	20	8727
8725	17	8727
8725	20	8728
8725	17	8728
8725	20	8728
8725	20	7925
8725	20	6675
8725	20	6675
8725	17	8726
8725	20	8726
8725	17	8726
8725	20	7926
8725	20	6162
1587	1	122
1587	1	123
2534	9	2844
2534	9	2844
2534	14	3934
2534	14	3934
2534	9	2842
2534	9	2842
2534	9	2842
2534	14	3475
2534	14	3475
2534	14	3475
2534	11	3091
2534	11	3112
4365	14	4366
4365	14	4367
5911	17	5913
5911	17	5912
8967	17	8632
8967	17	8632
8967	17	6543
282	1	696
282	1	695
8416	17	6301
8416	17	6918
8486	20	6875
8486	17	8487
5224	15	4971
5224	15	4973
6629	17	6630
6629	17	6516
3316	13	3247
3316	13	3252
4588	14	3458
4588	14	3912
4588	14	3724
4588	14	3437
1558	1	210
1558	1	148
5788	16	5792
5788	16	5792
5788	16	5796
5788	16	5796
5788	16	5795
5788	16	5795
5788	16	5793
5788	16	5793
5788	16	5793
5788	16	5791
5788	16	5791
5788	16	5570
5788	16	5570
5788	16	5660
5788	16	5660
5788	16	5660
5788	16	5733
7610	17	7611
7610	17	6090
6455	17	6456
6455	22	11098
6455	17	6457
5054	15	4973
5054	15	4971
182	1	123
182	1	129
12340	22	10779
12340	22	10143
2449	17	7795
2449	17	7795
2449	17	7797
2449	20	7797
2449	20	9300
2449	17	7628
2449	20	6875
2449	20	6875
2449	8	2366
2449	20	6150
2449	20	6150
2449	17	6488
2449	17	6743
2449	20	9208
2449	20	6028
5251	15	4971
5251	15	4973
1806	3	1776
1806	3	1801
8850	17	6990
8850	17	7841
2372	8	2371
2371	8	2372
6656	17	6035
6656	17	6180
6656	20	6180
6656	20	7480
6656	20	7480
6656	17	7480
6656	17	7480
6656	17	6657
6656	20	7478
6656	17	7478
6656	17	5924
6656	17	7479
6656	20	7479
5199	15	5113
5199	15	5185
1300	1	129
1300	1	129
4963	14	4231
4963	17	7221
4963	14	3475
4963	14	3475
4963	17	6009
4963	17	8875
4963	17	4312
4963	17	4312
4963	17	4312
2804	17	2106
2804	9	2509
2804	9	2509
4538	14	4261
4538	14	3791
7666	17	7649
7666	17	7664
4209	14	4151
4209	14	4151
4720	14	3717
4720	14	3495
2189	14	4332
2189	14	4332
2189	14	3448
4964	14	4965
4964	14	4965
2311	8	2312
2312	8	2311
3827	14	3785
3827	17	6359
11629	22	11466
11629	22	11466
11629	22	11466
11629	22	10018
11629	22	10356
3317	13	3252
3317	13	3247
8593	17	8594
8593	17	8594
8593	17	8595
8593	17	6076
8593	17	7189
8593	17	8534
213	1	190
213	1	189
5035	15	4973
5035	15	4971
7294	20	7295
7294	17	7295
7294	20	6760
8554	17	5931
8554	17	5942
8554	17	5943
7644	20	7645
7644	17	7645
7644	20	8357
7644	20	8483
7644	20	6038
7644	20	7470
7644	20	7473
6137	17	6140
6137	20	6140
6137	17	6140
6137	17	6140
6137	20	6140
6137	20	6140
6137	20	6140
6137	20	6140
6137	17	6139
6137	17	6139
6137	17	6139
6137	17	6139
6137	20	6139
6137	20	6139
6137	20	6139
6137	20	6139
6137	20	6139
6137	20	6142
6137	17	6142
6137	20	6142
6137	17	6142
6137	20	6142
6137	17	6138
6137	20	6138
6137	17	6145
6137	20	6145
6137	17	7390
6137	20	7390
6137	20	7390
6137	17	6141
6137	20	6141
6137	20	6166
6137	20	6166
6137	17	6166
1550	1	210
1550	1	975
1909	14	4273
1909	4	1888
1909	11	3111
1909	10	2920
1909	14	4274
1909	4	1833
1909	14	3450
2855	17	7954
2855	17	7200
2855	9	2505
2855	17	6399
2855	17	6566
6019	17	8607
6019	17	8177
6019	17	8177
6019	17	8177
6019	17	6020
6464	17	6466
6464	17	6465
6464	17	6001
7855	20	9300
7855	20	7856
7855	20	7856
7855	20	7856
7855	20	7856
7855	17	7856
7855	20	7856
7855	20	7856
7855	20	9309
7855	20	9309
7855	20	9309
5254	15	4971
5254	15	4973
12375	22	11405
12375	22	11334
12375	22	10827
12375	22	10826
4015	14	4016
4015	14	4016
4015	14	4321
4015	14	4321
5129	15	4973
5129	15	4971
887	1	865
887	1	866
2047	6	2048
2047	6	171
1115	1	1116
1115	1	1116
904	1	866
904	1	865
1752	2	1672
1752	2	1671
6858	17	6087
6858	20	8663
6858	20	9212
6858	20	9212
8714	20	6352
8714	17	6352
628	1	148
628	1	241
9303	20	5763
9303	20	8315
5763	16	5634
11260	22	10393
11260	22	9589
933	1	866
933	1	865
7825	20	6386
7825	20	7646
7825	20	6387
7825	17	6387
1743	2	1672
1743	2	1671
6247	23	12509
6247	23	12509
6247	17	6248
6247	23	2935
6247	23	2935
4543	14	3676
4543	14	3675
848	1	849
848	1	849
1604	1	1596
1604	1	1597
3147	11	3085
3147	14	3667
939	1	866
939	1	865
3119	11	3120
3119	14	3431
3119	14	3431
3119	14	3431
5370	16	5379
5370	16	5379
5370	16	5376
5370	16	5376
5370	16	5373
5370	16	5373
5370	16	5373
5370	16	5373
5370	16	5373
5370	16	5383
5370	16	5383
5370	16	5383
5370	16	5377
5370	16	5377
5370	16	5377
5370	16	5394
5370	16	5394
5370	16	5394
5370	16	5394
5370	16	5375
5370	16	5375
5370	16	5398
5370	16	5398
5370	16	5372
5370	16	5372
5370	16	5372
5370	16	5372
5370	16	5393
5370	16	5393
5370	16	5393
5370	16	5392
5370	16	5392
5370	16	5392
5370	16	5389
5370	16	5388
5370	16	5388
5370	16	5388
5370	16	5388
5370	16	5395
5370	16	5390
5370	16	5390
5370	16	5390
5370	16	5380
5370	16	5380
5370	16	5386
5370	16	5386
5370	16	5391
5370	16	5391
5370	16	5374
5370	16	5374
5370	16	5374
1021	1	287
1021	1	863
9038	17	6123
9038	17	5939
8307	17	8308
8307	20	8308
7392	17	6981
7392	17	7362
6006	17	5818
6006	17	6007
11954	22	9839
11954	22	9839
11954	22	9551
11954	22	10914
11954	22	9780
11954	22	9743
11954	22	9548
11954	22	9548
199	1	189
199	1	190
8751	20	7301
8751	17	7301
8751	20	7301
8751	23	12508
3770	14	3771
3770	14	3757
50	0	52
50	1	52
50	0	51
50	1	51
4841	14	4747
4841	17	6970
6828	17	6829
6828	17	6829
6828	17	6829
6828	17	6020
6	0	8
6	0	8
6	0	9
6	0	9
6	0	11
6	0	11
6	0	7
6	0	7
6	0	10
6	0	10
69	0	73
69	1	73
69	1	70
69	0	70
69	1	72
69	0	72
69	0	71
69	1	71
69	1	32
69	0	74
69	1	74
69	1	31
5186	15	4971
5186	15	4973
990	1	510
990	1	510
990	6	510
990	5	1960
990	5	448
990	1	991
990	1	511
990	5	27
4037	14	2216
4037	14	2216
2216	7	2206
1808	3	1776
1808	3	1778
438	1	135
9117	17	6888
9117	17	6941
6955	17	6956
6955	20	6956
6955	17	6253
9042	20	5453
9042	17	7416
5453	16	5454
4632	17	5816
4632	14	3673
5766	16	5767
5766	16	5709
5766	16	5709
5766	16	5710
5766	16	5633
5766	16	5633
5766	16	5633
5766	16	5768
5766	16	5768
5767	17	6447
5767	17	6447
5767	17	6446
8513	17	8514
8513	17	7189
8513	17	5980
8513	17	8370
8513	17	8142
8513	17	8561
4955	14	4956
4955	14	4956
8943	23	12535
8943	17	6412
8943	17	6376
8943	17	6375
8943	23	2951
8943	17	6288
8943	23	3023
8943	17	6780
8943	17	5836
8943	17	6426
8943	17	7508
8933	17	5899
8933	17	5898
554	1	524
554	15	4982
554	15	4983
7137	17	6066
7137	17	6268
1055	1	123
1055	1	129
5479	16	5481
5479	16	5481
5479	16	5489
5479	16	5489
5479	16	5486
5479	16	5486
5479	16	5487
5479	16	5487
5479	16	5484
5479	16	5484
5479	16	5484
5479	16	5484
5479	16	5485
5479	16	5480
5479	16	5480
5479	16	5480
5479	16	5490
5479	16	5490
5479	16	5490
5479	16	5490
5479	16	5407
5479	16	2447
5479	16	2447
5479	16	5483
5479	16	5488
5479	16	5488
5479	16	5488
5479	16	5491
5479	16	5491
5479	16	5491
4928	14	3444
4928	14	3444
4928	14	4172
5130	15	4973
5130	15	4971
9505	21	9469
9505	21	9458
7488	20	9271
7488	20	6131
7488	17	6131
7488	17	5972
7488	20	5927
6327	17	5822
6327	17	6059
6641	17	5972
2256	8	2255
2255	8	2256
4877	14	3496
4877	14	4878
7117	17	5818
7117	17	6552
2200	14	3448
1881	17	5878
1881	17	5897
1881	4	1835
1881	17	6482
3967	14	3498
3967	17	6723
1194	1	1142
1194	1	953
1194	1	953
227	1	122
227	1	123
8784	20	6706
8784	17	6706
8784	17	6262
8784	17	7749
7453	17	7454
7453	17	7456
7453	17	7092
6563	17	6565
6563	17	6564
1921	5	1950
1921	5	1982
1921	5	1932
1921	5	1985
1921	5	1986
1921	5	1981
1921	5	509
1921	5	1980
7722	17	7848
7722	17	7196
2854	9	2835
2854	9	2533
3084	11	3085
3084	11	3081
5548	16	5604
5548	16	5721
5548	16	5721
5548	16	5720
5548	16	2385
5548	16	5717
5548	16	5717
5548	16	5718
5548	16	5718
5548	16	2471
5548	16	2471
5548	16	5719
5548	16	5719
5548	16	5719
5548	16	5719
5548	16	5719
5548	16	5600
5548	16	5608
5548	16	5610
5548	16	5598
5548	16	5598
2499	14	3444
2499	9	2500
4781	14	3437
4781	14	3458
4781	14	3473
4701	14	4697
4701	14	4700
4701	14	4699
3021	10	2924
3021	17	5817
3135	11	3136
3135	14	3985
3135	14	3985
3135	14	3444
3135	14	3444
3135	17	6369
3135	14	4053
3135	14	4175
3135	14	4175
3135	14	4175
3135	14	4175
3135	14	4172
3135	14	4171
3135	14	4171
3135	14	4174
3135	17	6845
3135	17	6012
7407	17	7408
7407	17	5811
4120	14	3898
4120	14	3898
4120	14	3898
4446	14	3822
4446	14	3821
9398	20	9331
9398	20	9178
9398	20	7792
9398	20	6875
9398	20	6815
9398	20	7919
9398	20	5773
9398	20	6159
9398	20	6869
9398	20	7278
9398	20	6734
9398	20	9317
9398	20	7803
9398	20	5453
8736	20	7301
8736	20	7301
8736	17	7301
8736	17	5815
5208	15	4973
5208	15	4971
1945	5	1946
1945	6	405
1945	6	171
1945	13	3245
1945	6	402
1945	6	170
8501	17	6782
8501	17	6988
5206	15	4973
5206	15	4971
2252	8	2251
2251	8	2252
7620	17	7501
7620	20	7501
9525	21	9483
9525	21	9484
4862	14	3495
4862	14	4032
8362	17	6349
8362	17	6209
7113	20	7114
7113	17	7114
7113	20	6387
1851	10	3052
1851	9	2484
1851	17	6426
1851	17	6120
1851	17	6011
1851	10	3012
1851	9	2540
1851	9	2720
1851	9	2509
1851	4	1842
1851	23	2997
1851	10	2997
1851	9	2520
1851	17	7026
1851	9	2556
1493	1	122
1493	1	123
5325	15	5151
5325	15	5150
1490	1	357
1490	1	353
2732	12	3195
2732	9	2733
2732	14	4358
1488	1	181
1488	1	131
1239	1	1210
1239	1	129
1239	1	129
147	1	148
147	1	241
7622	17	7363
7622	17	6090
5216	15	4971
5216	15	4973
3425	14	3429
3425	14	3427
3425	14	3427
3425	14	3428
3425	14	3430
5239	15	4973
5239	15	4971
2802	9	2585
2802	9	2480
9497	21	9446
9497	21	9447
9497	21	9440
7195	23	12531
7195	23	12531
7195	17	6372
7195	17	7199
7195	17	7200
7195	17	6780
7195	17	7197
7195	17	7126
7195	17	5869
7195	23	2947
7195	17	6288
7195	17	7196
7195	23	12519
2477	17	5800
2477	17	5799
2477	17	5801
2477	9	2478
8745	17	6098
8745	17	6326
4726	14	4727
4726	14	4727
986	1	533
986	15	4983
986	15	4982
986	1	491
7964	20	7965
7964	17	7965
7964	17	7967
7964	20	7967
7964	20	6823
7964	20	7960
7964	17	7960
7964	20	9313
7964	20	6471
7964	17	6471
7964	20	7769
7964	20	9330
7964	20	7343
7964	20	7342
7964	20	9311
7964	20	8129
7964	20	6151
7964	20	8111
7964	20	7830
7964	20	5645
7964	20	9250
7964	20	5770
7964	20	7817
7964	20	8707
4901	14	4902
4901	14	3863
4901	14	4903
2327	8	2326
2327	17	7554
2326	8	2327
8961	17	6322
8961	20	6322
3931	14	3932
3931	14	3925
896	1	865
896	1	866
9370	20	5762
9370	20	5762
12156	22	10738
12156	22	11220
8282	23	12519
8282	17	7001
4267	14	4201
4267	14	4085
1764	2	1671
1764	2	1672
1665	1	126
1665	1	125
1665	1	125
12217	22	10250
12217	22	11530
7321	17	6008
7321	17	5916
6191	17	6193
6191	17	5762
6191	17	6192
11278	22	10552
11278	22	9846
11278	22	9547
11278	22	10795
11278	22	10202
11278	22	10240
11278	22	10183
4331	14	3971
4331	14	4332
11811	22	10974
11811	22	9574
11811	22	9989
11811	22	10003
11811	22	10003
11811	22	10956
11811	22	10101
1431	1	1432
1431	1	1433
2543	17	7643
2543	17	6213
2543	17	7468
2543	9	2505
5235	15	4973
5235	15	4971
6960	17	6961
6960	17	6012
1177	1	953
1177	1	953
1177	1	1142
9262	20	9182
9262	20	7862
8118	17	6863
8118	17	8120
8118	17	8119
1510	1	123
1510	1	122
2792	17	6623
2792	9	2578
2792	14	3711
2792	14	3711
2382	8	2381
2381	8	2382
2381	17	7958
9048	17	6175
9048	17	6841
9048	20	6780
9048	20	6780
9048	17	7070
9048	17	6725
874	1	865
874	1	866
2576	14	3444
2576	9	2500
11040	22	9722
11040	22	11041
8659	17	8660
8659	20	8660
8659	20	5801
3069	19	9152
3069	19	1926
3069	19	1926
3069	10	2926
3069	23	3023
3251	13	3252
3251	13	3247
8755	17	7773
8755	17	7773
1139	1	773
1139	1	773
1139	1	774
3709	14	3447
3709	14	3710
15	1	797
15	1	16
15	0	16
2380	20	6875
2380	17	6153
2380	8	2379
8334	17	5800
8334	17	7229
3184	12	2150
3184	12	2055
306	1	701
306	15	5028
4558	14	3431
4558	14	3711
8296	17	8297
8296	17	6184
4025	14	4026
4025	17	5844
4025	14	3988
4025	14	3681
1509	1	123
1509	1	129
8520	17	6408
8520	17	5836
2400	17	5815
2400	20	5722
4202	14	4203
4202	14	4203
4202	14	4203
3138	19	9157
3138	11	3139
1902	17	7900
1902	17	7899
1902	17	7901
1902	23	3074
1902	4	1833
1902	10	2920
1902	4	1829
3260	21	9434
3260	13	3280
3260	13	3261
2993	10	2994
2993	10	2994
2993	23	3005
2993	23	2939
7083	17	7147
7083	17	5950
7083	17	5950
7083	17	5947
7083	17	5947
7083	17	5947
7083	17	8418
7083	17	6601
7083	17	6601
7083	17	6997
7083	17	6996
7083	17	7084
7083	17	6617
1794	3	1776
1794	3	1778
2365	8	2366
2365	17	6124
6462	17	6066
6462	17	6110
6462	17	6068
6462	17	5896
4690	14	4532
4690	14	3817
4690	14	4533
4865	14	4866
4436	14	4437
4436	14	4437
4436	14	4273
8164	17	8160
8164	17	8165
8164	17	7242
8164	17	8039
8164	17	5868
3229	17	5762
3229	12	29
6356	17	8244
6356	20	8244
6356	20	6039
6356	17	6039
1444	1	129
1444	1	123
4602	14	3496
4602	14	3496
5255	15	4971
5255	15	4973
2258	8	2257
2257	8	2258
12318	22	9604
12318	22	9554
12318	22	9846
12318	22	9597
12318	22	10531
5524	17	7486
5524	17	5411
4590	14	4591
4590	17	5925
4364	14	3447
4364	14	3710
8982	17	5818
8982	17	5817
1618	1	1597
1618	1	1596
4874	14	3431
4874	14	3431
4874	14	3431
4874	14	3431
7876	17	7877
7876	17	5866
3162	14	4113
3162	11	3137
3162	14	3781
3162	14	3623
3162	14	3623
6940	17	6942
6940	17	6941
6940	17	6943
3909	14	3447
3909	14	3910
444	7	2234
444	7	2234
444	7	2180
444	18	1424
444	1	170
444	18	319
444	18	636
444	1	400
444	18	478
444	1	404
444	18	789
444	18	675
444	18	1559
444	1	405
444	18	660
444	18	661
1735	2	1671
1735	2	1672
1063	1	528
1063	1	666
1063	1	642
4783	17	8642
4783	14	4242
11517	22	10268
11517	22	9573
11517	22	9663
7785	17	6131
7785	20	6131
7785	17	6131
7785	20	6131
7785	20	6131
7785	20	6150
7785	20	6150
7785	17	7787
7785	20	6151
7785	20	6151
7785	17	7068
7785	20	6875
7785	17	6875
7785	20	6875
7785	17	5798
7785	17	6152
7785	20	6152
7785	17	6815
7785	20	6815
7785	20	9273
7785	20	7405
2249	8	2250
2250	8	2249
1935	6	2013
1935	7	2182
1935	6	2014
1935	6	2012
8907	20	9274
8907	20	9274
8907	20	8908
8907	20	8908
8907	20	8908
8907	20	8908
8907	17	8908
8907	20	8908
8907	20	8908
8907	17	8908
8907	20	8908
8907	20	8908
8907	20	8908
8907	20	8266
8907	20	7920
8907	17	6351
8907	20	6351
8907	20	6352
8907	20	7918
8907	20	8676
8907	17	6180
8907	20	6180
8653	17	5883
8653	17	8034
6428	22	10439
6428	17	6429
8342	17	6109
8342	17	8343
424	15	4986
424	1	425
424	15	4985
424	1	319
785	5	1995
785	5	1975
785	5	1994
785	5	1938
785	5	969
785	5	1966
785	5	1978
785	5	1993
785	5	25
11775	22	2772
11775	22	11226
11775	22	11004
11775	22	9695
11775	22	11003
11775	22	10300
2772	9	2604
11650	22	10274
11650	22	10274
11650	22	10569
11650	22	10849
4157	14	4158
4157	14	4158
5276	15	4973
5276	15	4971
5190	15	5113
5190	15	5185
261	1	262
261	1	262
261	1	263
261	1	46
3389	13	3366
3389	13	3365
5500	17	5900
5500	22	5648
5500	22	9788
5500	22	9592
5500	22	9794
5500	22	9756
5500	22	9766
5500	17	5493
5500	17	5493
5500	22	9785
5500	22	9787
5500	22	5649
1364	1	694
1364	1	603
4926	14	3458
4926	14	3438
4926	14	3457
4926	14	3514
4926	14	3473
4926	14	3437
4926	14	3619
4926	14	3518
4926	14	3509
5756	17	5755
5756	20	5755
5756	20	5755
5756	17	7482
5756	20	7482
5756	20	6875
5756	20	6875
5756	20	6875
5756	20	6875
5756	20	6875
5756	20	6875
5756	20	6875
5756	20	6875
5756	20	9175
5756	20	9297
5756	20	6385
5756	20	6815
5756	17	6815
5756	20	6815
5756	20	6815
5756	20	6815
5756	20	6815
5756	17	6815
5756	20	7377
5756	17	7377
5756	20	6159
5756	17	6159
5756	20	5773
5756	20	5639
5756	23	12508
5756	20	7646
8287	17	7597
8287	17	7292
1068	1	539
1068	1	540
4753	14	3838
4753	14	4323
1693	2	1697
1693	2	1694
1693	2	1672
1693	2	1671
8437	17	7204
8437	17	5931
1574	1	970
1574	1	193
9379	20	5762
9379	20	5762
4668	14	4140
4668	14	3819
4668	14	4512
4668	14	3652
703	1	704
703	1	686
330	1	471
330	1	331
118	1	120
118	1	119
10329	22	10025
10329	22	9570
10329	22	9732
10329	22	9806
3393	13	3308
3393	13	3263
7589	17	6909
7589	17	7268
7589	17	6213
7460	17	6101
7460	17	7461
4646	17	6012
4646	20	6012
4646	14	3544
4646	14	3509
4646	14	3510
906	1	866
906	1	865
5226	15	4973
5226	15	4971
1522	1	148
1522	1	210
8329	17	6470
8329	17	6470
11856	22	11857
11856	22	10264
7751	17	6910
7751	17	7586
4322	14	4323
4322	14	3837
1484	1	155
1484	1	336
4115	14	4116
4115	14	4117
1090	1	515
1090	15	4983
1090	15	4982
8130	17	7039
8130	17	7035
4450	14	4451
4450	14	4451
9378	20	6180
9378	20	7919
2661	9	2490
2661	9	2495
2661	15	4969
4547	14	3666
4547	14	3450
1983	5	1920
1983	5	1984
1983	6	170
1983	6	402
1983	6	405
1983	6	728
1983	15	5024
1983	6	171
1655	1	210
1655	1	148
8116	17	8117
8116	17	6077
3213	12	2660
3213	12	2183
2660	9	2495
2660	9	2496
2660	9	2494
2660	9	2618
2660	15	4969
2660	9	2490
3701	17	6133
3701	14	3702
9145	18	304
9145	18	416
4936	14	3455
4936	14	3454
4936	14	3456
4307	14	4308
4307	14	3479
1044	1	125
1044	1	125
1044	1	126
4672	14	4499
4672	14	4499
4645	14	3726
4645	14	3726
564	1	531
564	1	565
4863	14	3431
4863	14	3431
4863	14	3431
857	15	4987
857	1	580
857	15	5088
6870	17	6871
6870	17	5939
2719	10	3014
2719	9	2720
2719	10	2929
2241	8	2242
2242	20	7119
2242	8	2241
2398	8	2399
2398	20	5722
2414	8	2415
2414	20	5596
5341	15	4973
5341	15	4971
9490	21	9457
9490	21	9442
9490	21	9451
4411	14	4286
4411	14	4412
5274	15	4971
5274	15	4973
4137	14	4138
4137	14	3496
164	15	4971
164	1	165
164	15	4973
1882	10	2961
1882	10	2961
1882	11	3123
1882	14	4600
1882	17	7288
1882	23	3048
1882	4	1833
4126	14	4127
4126	14	3587
638	1	357
638	1	639
12293	22	10101
12293	22	10767
12293	22	10974
12293	22	10974
1783	3	1784
1783	3	1776
3801	17	6294
3801	14	3802
3801	14	3803
3801	14	3803
3801	14	3805
3801	17	6293
3801	14	3804
2089	6	115
2089	6	116
2089	6	86
2089	6	117
6923	17	6578
6923	17	6924
9388	20	9050
9388	20	6447
8647	17	6408
8647	17	6706
8647	17	6264
8647	17	6262
8647	17	6713
8647	17	5821
12466	22	9898
12466	22	9898
12466	22	9898
12466	22	10944
12466	22	2772
998	1	433
998	1	148
9052	17	6776
9052	17	6048
9353	20	5762
9353	20	5762
2693	14	3468
2693	17	5951
2693	17	5954
2693	17	5954
2693	11	3087
2693	17	5956
2693	17	5953
2693	17	5947
2693	17	5947
2693	17	5947
2693	17	5952
2693	17	5952
2693	17	5948
2693	17	5948
2693	17	5948
2693	17	5950
2693	9	2694
2693	9	2694
2693	20	6012
2693	20	6012
2693	17	5955
2693	12	28
1378	1	953
1378	1	953
1378	1	1142
197	1	189
197	1	190
385	1	210
385	1	148
1563	1	129
1563	1	123
417	1	320
417	1	319
9512	21	9457
9512	21	9451
5063	15	4971
5063	15	4973
9075	17	6101
9075	23	12518
3051	10	2924
3051	17	8788
3477	14	3478
3477	14	3479
3477	14	3479
485	1	210
485	1	148
6911	17	6906
6911	17	6889
6911	17	6907
6911	17	6510
6911	17	6912
9111	17	6962
9111	17	6307
9111	17	8186
9111	17	6963
9111	20	6963
9111	20	7513
3335	13	3336
3335	15	3336
1498	1	384
1498	1	1512
3186	19	115
3186	19	2155
3186	12	2155
3186	17	6124
12000	22	10505
12000	22	9696
12000	22	10887
12000	22	10153
32	15	4988
12503	23	12520
12503	23	2995
4855	14	4856
4855	14	4856
763	1	764
763	1	496
675	6	2051
675	6	2051
675	5	1944
675	6	171
675	6	405
675	15	4990
675	6	173
675	7	2202
675	7	2202
675	6	402
675	6	2050
675	1	320
675	6	170
675	6	400
675	15	5024
8574	17	7903
8574	17	6033
6266	17	6068
6266	17	6066
6266	20	7092
6266	17	6267
6266	17	6110
6266	17	6268
5168	15	4987
5168	15	5088
4094	14	4096
4094	14	4096
4094	14	4095
4094	14	4095
6928	20	6012
6928	17	5916
6928	17	6008
649	1	641
649	1	642
649	1	642
7573	20	6706
7573	20	6706
7573	20	6706
7573	20	6706
7573	20	6706
7573	20	6706
7573	17	6706
7573	20	6706
7573	17	7492
7573	17	6897
4980	15	4971
4980	15	4973
468	1	125
468	1	125
468	1	126
4820	14	4174
4820	14	4174
4820	14	3444
4820	14	3444
4820	14	4053
4820	17	6564
2769	17	6452
2769	9	2476
8415	17	6528
8415	17	6069
6598	17	6079
6598	17	6079
1553	1	122
1553	1	123
1233	1	122
1233	1	1210
1233	1	129
3378	13	3247
3378	13	3252
2017	6	2018
2017	6	2008
2017	6	2009
2907	9	2533
2907	9	2536
1931	15	4990
1931	6	116
1931	6	115
4729	14	3495
4729	14	3496
11970	22	9994
11970	22	9636
11970	22	9980
11970	22	9992
11970	22	11832
3528	14	3530
3528	14	3437
3528	14	3463
3528	14	3439
3528	14	3526
1658	1	312
1658	1	163
2055	18	9138
2055	9	2568
2055	18	136
2055	18	1028
2055	9	2498
2055	9	2485
2055	18	9137
2055	9	2495
2055	9	2571
2055	18	1041
2055	18	707
2055	9	2570
2055	18	708
2055	18	137
2055	18	704
2055	9	2490
2055	18	1031
2055	9	2487
2055	9	2497
2055	9	2537
2055	18	695
2055	15	4969
2055	18	686
2055	18	687
2055	18	9140
2055	9	2567
2055	9	2488
2055	18	9139
2055	18	1035
2055	9	2494
2055	9	2496
2055	18	1027
2055	18	1040
2055	9	2569
2055	18	696
2055	18	1034
3024	19	9153
3024	19	9153
3024	19	9152
3024	19	1992
3024	10	2954
3144	23	12529
3144	17	5950
3144	17	5950
3144	17	7524
3144	17	5948
3144	17	5948
3144	17	6304
3144	17	6857
3144	17	5947
3144	17	6601
3144	17	6601
3144	11	3087
9965	22	9822
9965	22	9970
9965	22	9971
9965	22	9823
9965	22	9966
9965	22	9775
9965	22	9967
9965	22	9824
9965	22	9969
9965	22	9567
4197	14	3551
4197	14	3481
4197	14	3552
9420	20	9182
9420	23	2939
9420	20	6581
4071	14	4072
4071	14	3791
5005	15	4971
5005	15	4973
724	1	725
724	5	1928
724	15	4977
2157	6	2040
2157	6	2120
7358	17	7359
7358	20	7359
1368	1	953
1368	1	953
1368	1	1142
4762	14	3454
4762	14	3456
4762	14	3455
4762	14	3457
4086	14	3431
4086	14	3431
4086	14	3431
12171	22	11421
12171	22	11421
12171	22	11142
4438	14	4433
4438	14	4439
890	1	866
890	1	865
4870	14	4871
4870	14	4871
11704	22	10831
11704	22	11045
11704	22	9635
11704	22	10100
11704	22	10157
11704	22	9777
12197	22	10996
12197	22	9688
1709	2	1672
1709	2	1671
3735	14	3737
3735	14	3736
5308	15	5088
5308	15	4987
3312	13	3269
3312	13	3255
9292	20	6328
9292	20	6150
4721	14	4481
4721	14	4480
4721	14	4399
4721	14	3963
4721	14	3948
548	1	540
548	1	539
4075	14	4076
4075	14	4077
1559	1	444
8231	20	5927
8231	17	5927
8231	20	6770
1491	1	126
1491	1	125
1491	1	125
1816	3	1778
1816	3	1776
3041	17	6593
3041	10	2975
984	1	148
984	1	159
505	1	148
505	1	241
4290	14	3623
4290	14	3623
2718	9	2540
2718	9	2482
9272	20	6706
9272	20	6706
9272	20	6706
9272	20	6706
4559	14	4560
4559	14	4561
4559	14	3648
4559	17	6190
4559	14	3431
6072	17	6074
6072	17	6073
12228	22	10848
12228	22	10720
12228	22	10362
12228	22	10040
2465	14	3736
2465	8	2466
2465	14	3495
2465	20	6012
2465	20	6012
2465	14	3415
5061	15	4971
5061	15	4973
7072	17	6824
7072	17	6844
1717	2	1671
1717	22	2869
1925	13	3245
2557	9	2686
2557	9	2480
4598	14	4049
4598	14	3447
3114	11	3091
3114	11	3112
1767	2	1672
1767	2	1671
668	1	483
668	1	497
668	1	497
5030	15	4973
5030	15	4971
7728	17	5866
7728	17	7729
264	1	220
264	15	4973
264	15	4971
4825	14	3456
4825	14	3463
4825	14	3437
4825	14	3455
4825	14	3454
4825	14	3458
4825	14	3457
4825	14	3526
3315	21	9434
3315	13	3263
3055	10	3052
3055	17	6617
3055	11	3087
3055	17	5947
3055	17	5947
3055	17	5947
3055	17	5947
3055	17	5947
3055	17	5950
3055	17	5950
3055	17	6601
3055	17	6601
3055	17	5816
3055	17	5956
3055	17	6620
3055	17	7084
3055	17	5954
5419	17	5410
6658	20	6326
6658	17	5884
1607	1	1597
1607	1	1596
6459	20	6460
6459	17	6460
6459	20	7917
6459	17	7917
6459	20	7941
6925	17	6926
6925	17	6927
4119	14	3724
4119	14	3700
4119	14	3574
4119	14	3573
9032	17	8450
9032	17	6545
8831	17	7991
8831	17	7554
2137	6	29
2137	6	26
4656	14	4657
4656	14	3498
1106	1	815
1106	1	1001
2916	9	2517
2916	14	3509
3358	13	3245
3358	21	9473
2329	22	9727
2329	22	9727
2329	22	10437
2329	22	10437
2329	22	10438
2329	22	9543
1999	5	2000
1999	5	1989
1999	15	5024
11502	22	10052
11502	22	10052
11502	22	9906
11502	22	9906
11502	22	9906
11502	22	9701
5620	17	7238
5620	17	5611
5620	20	9073
2392	8	2393
2393	8	2392
2393	20	6150
5285	15	4973
5285	15	4973
5285	15	4971
10592	22	10596
10592	22	10594
10592	22	9695
10592	22	10597
10592	22	10597
12494	22	10848
12494	22	10076
12494	22	10076
12494	22	10426
2428	20	9266
2428	20	9266
2428	17	6471
2428	20	6471
2428	20	6471
2428	20	6471
2428	20	6471
2428	17	6471
2428	20	6471
2428	20	6471
2428	17	6471
2428	20	6471
2428	20	7119
2428	17	7119
2428	20	6468
2428	20	6468
2428	20	6468
2428	20	6468
2428	20	6468
2428	17	6468
2428	17	6468
2428	20	6770
2428	20	6770
2428	20	5961
2428	20	5961
2428	20	5961
2428	20	7939
2428	20	7939
2428	20	6497
2428	20	6497
2428	17	6497
2428	20	6497
2428	20	6497
2428	20	6497
2428	20	6497
2428	20	6497
2428	20	6497
2428	20	6497
2428	17	6497
2428	8	2429
2428	17	8707
2428	20	8707
2428	20	8095
2428	20	8095
2428	20	8095
2428	8	2430
2428	20	6467
2428	17	6467
2428	20	6852
2428	20	6852
2428	20	9267
2428	17	6469
2428	20	6469
2428	20	6469
2428	20	8495
2428	20	6162
997	1	123
997	1	129
2074	6	171
2074	6	405
2074	6	402
2074	6	173
2074	6	170
4059	14	4060
8834	17	6867
8834	17	7301
8834	17	7301
4050	14	3791
4050	14	3910
4050	14	4049
4050	14	4051
6652	17	6655
6652	17	6654
6652	17	6653
1092	1	666
1092	1	528
4336	14	4339
4336	14	4225
2990	10	2926
2990	10	2926
2990	19	9159
2990	17	6124
9498	21	9500
9498	21	9499
2169	6	29
2169	6	26
2832	14	3922
2832	9	2606
2832	17	5817
4133	14	3423
4133	14	3423
924	1	865
924	1	866
713	1	755
713	1	226
713	1	291
800	1	304
800	1	416
5454	17	7686
1711	2	1671
1711	2	1672
4389	14	4011
4389	14	4011
9444	21	9445
9444	21	9447
9444	21	9446
9444	21	9440
6041	17	7246
6041	17	7583
6041	20	7583
786	15	4987
786	15	5088
516	1	95
516	1	278
7059	17	7060
7059	17	6357
5363	15	5021
5363	15	5022
5413	17	5410
289	1	257
289	1	347
9533	21	9519
9533	21	9519
9533	21	9519
11756	22	10826
11756	22	10827
6891	17	6892
6891	17	5833
6891	17	6226
6891	17	6048
6891	17	6893
6891	17	6012
2814	9	2509
2814	9	2509
1807	3	1778
1807	3	1776
7098	17	6036
7098	17	6553
7098	17	7099
4227	14	4228
4227	14	3496
2700	9	2607
2700	17	6055
5176	15	4973
5176	15	4971
2663	14	3712
2663	17	5816
2663	17	5817
2663	9	2588
2663	17	6190
2663	17	5818
2663	9	2476
2663	14	3711
2663	17	5935
9958	22	9681
9958	22	9683
9958	22	9564
9958	22	9556
9958	22	9959
9958	22	9563
9958	22	9562
9958	22	9839
4041	14	3495
4041	14	4042
2296	8	2297
2297	8	2296
7141	17	5853
7141	17	6700
6817	17	6818
6817	17	5857
6817	17	6990
6817	17	7259
6817	17	7259
758	1	545
758	1	759
758	1	759
4731	17	5817
4731	14	4732
5218	15	5022
5218	15	5000
2217	7	2220
2217	7	2220
2217	7	2218
2217	7	2218
2217	7	2219
2217	7	2219
1964	5	1395
1964	5	1955
1395	1	1088
1515	1	148
1515	1	241
7927	17	6818
7927	17	5857
7927	17	7259
7927	17	6310
8493	17	6292
8493	17	5858
12355	22	9916
12355	22	10294
12355	22	9918
12355	22	9791
3296	13	3255
3296	13	3255
3296	13	3269
6234	17	5809
6234	17	6237
6234	17	6238
6234	17	6235
6234	17	5803
6234	20	7092
6234	17	6236
581	1	582
581	1	95
4713	14	4339
4713	14	4225
371	1	370
371	1	369
8656	17	6249
8656	17	8331
12116	22	10038
12116	22	11034
12116	22	11556
4284	14	4285
4284	14	4286
4284	14	4287
9101	20	9428
9101	20	9428
9101	20	6392
9101	20	6392
9101	20	6392
9101	20	6392
9101	20	7109
9101	17	8271
9101	20	6386
9101	20	7279
9101	17	6124
1311	1	129
1311	1	129
1311	1	1210
6330	17	6331
6330	17	5836
8466	20	6764
8466	20	7862
8466	17	6341
5645	16	2293
5645	16	5643
5645	16	5646
5645	16	2454
2501	10	2995
2501	10	2935
2501	23	2920
2501	23	3072
2501	10	2996
2501	9	2502
5542	17	6486
5542	17	6211
5542	17	5411
1446	1	572
1446	1	275
1626	1	125
1626	1	125
1626	1	126
4552	14	3696
4552	14	3696
4552	14	3697
7373	17	6385
7373	20	6385
7373	20	7646
7373	20	6122
7373	17	6122
4745	14	3741
4745	14	4746
1391	1	129
1391	1	129
7541	17	7543
7541	20	7543
7541	20	7542
7541	20	7542
7541	20	7542
7541	20	7542
7541	17	7542
7541	17	7542
7541	20	7542
7541	20	7542
4540	17	5818
4540	17	7221
1688	2	1671
1688	2	1672
8899	17	7591
8899	17	8774
8899	17	8326
8899	17	5832
8899	17	5831
1679	2	1672
1679	2	1671
2913	23	12506
2913	9	2509
2913	17	6615
2913	17	6614
5865	17	5821
5865	17	5866
1188	1	953
1188	1	953
1188	1	1142
6625	17	6626
6625	20	6626
5115	15	4973
5115	15	4971
9105	17	6066
9105	17	5987
8011	20	9321
8011	20	9321
8011	20	9321
8011	20	9321
8011	20	9321
8011	20	9321
8011	20	8014
8011	20	8014
8011	20	8014
8011	17	8014
8011	20	8014
8011	20	8014
8011	20	8014
8011	20	9325
8011	20	9325
8011	20	9325
8011	20	9325
8011	20	8012
8011	17	8012
8011	17	8012
8011	20	8012
8011	20	8012
8011	20	8012
8011	20	8012
8011	17	8012
8011	20	8012
8011	20	8012
8011	20	8012
8011	20	8012
8011	20	8012
8011	20	8012
8011	20	9320
8011	20	9320
8011	20	9320
8011	20	9320
8011	20	8013
8011	17	8013
8011	17	8013
8011	17	8013
8011	20	8013
8011	20	8013
8011	20	8013
8011	20	8013
8011	20	6446
8011	20	6446
8011	20	6446
8011	20	6446
8011	17	6446
8011	20	6446
8011	20	6446
8011	17	6446
8011	20	6446
8011	20	6446
8011	20	6446
8011	20	9326
8011	20	9326
8011	20	9326
8068	17	7558
8068	20	7558
1494	1	1495
1494	1	1496
8862	17	8310
8862	17	8823
8862	17	8800
1857	4	1833
1857	14	3450
3445	14	3447
3445	14	3446
1048	1	148
1048	1	210
1445	1	329
1445	1	1125
6487	17	6488
6487	20	6875
6487	20	6028
650	1	651
650	1	651
5282	15	4971
5282	15	4973
4584	14	3937
4584	14	3937
4584	17	5887
2573	17	5859
2573	17	6886
2573	9	2505
1790	3	1784
1790	3	1776
765	6	30
765	6	29
765	6	26
765	1	766
765	1	767
765	1	767
765	6	332
765	6	28
5099	15	4973
5099	15	5010
7179	17	5829
7179	17	6557
337	1	239
337	1	338
10461	22	9698
10461	22	9698
10461	22	10462
10461	22	10464
10461	22	10463
4735	17	6864
4735	14	4734
11600	22	9946
11600	22	9947
11600	22	11536
11600	22	9880
11600	22	9885
7859	20	5798
7859	17	5815
9412	20	6706
9412	20	6706
9412	20	6706
9412	20	6706
5322	15	4985
5322	15	4986
300	1	301
300	1	302
795	1	210
795	1	148
3268	13	3269
9163	19	1992
9163	19	1996
9163	19	178
9163	19	169
8768	17	6871
8768	17	8655
8768	17	8693
8768	17	8770
8768	17	8770
8768	17	8770
8768	17	7682
8768	17	8695
8768	17	5762
8768	17	8769
8768	17	7868
864	1	866
864	1	865
1715	2	1672
1715	2	1671
3566	14	3565
3566	17	6031
12434	22	10187
12434	22	10202
12434	22	10415
12434	22	9829
1959	5	1960
1959	6	2009
1959	6	2018
1959	6	2008
234	1	54
234	1	343
8940	20	6706
8940	20	6706
8940	17	6706
8940	20	6706
8940	20	6706
8940	20	6706
8940	20	6706
8940	20	6706
8609	17	7713
8609	17	6374
8609	17	6375
488	18	1594
488	1	28
488	18	1483
488	1	30
7693	17	7240
7693	17	7499
7693	17	7268
7693	17	6945
235	1	241
235	1	148
3766	14	3496
3766	14	3764
3766	14	3768
3766	14	3495
2991	23	2992
2991	10	2992
2991	23	3014
9513	21	9499
9513	21	9499
9513	21	9528
9513	21	9500
3485	14	3486
3485	14	3486
3485	14	3487
3485	17	5988
3485	23	12537
3485	23	12537
3485	17	5987
1768	2	1671
1768	2	1672
7961	20	7962
7961	17	7962
8330	17	8332
8330	17	6536
8330	17	8331
8330	17	6249
8330	17	6628
5307	15	5001
5307	15	5000
5307	15	5000
5307	15	5022
6584	17	6586
6584	17	5859
11322	22	10011
11322	22	11323
1400	1	411
1400	1	750
2609	9	2494
2609	9	2610
2609	9	2490
2609	15	4969
6576	17	5819
6576	17	6782
2611	9	2612
2611	9	2686
10180	22	9926
10180	22	9900
10180	22	10134
10180	22	9701
10180	22	9543
8603	17	7416
8603	17	5453
3360	13	3255
3360	13	3269
3220	12	3221
3220	12	2170
3221	15	4988
525	1	526
525	15	4973
525	15	4971
5062	15	4971
5062	15	4973
2640	9	2482
2640	9	2482
2635	9	2636
2635	17	6559
2635	17	6628
2635	17	5931
2635	17	7204
2635	17	6476
536	15	4983
536	15	4982
11925	22	11386
11925	22	11386
11925	22	11398
2594	9	2595
2594	9	2595
1827	4	1829
1827	4	1828
1827	10	2922
3398	13	3255
3398	13	3255
2780	14	3450
2780	14	3450
2780	14	3450
2780	14	3450
2780	14	3450
2780	9	2781
2780	9	2549
7764	17	7398
7764	17	6943
12085	22	10162
12085	22	9827
12085	22	10881
12085	22	10050
12085	22	9728
12085	22	9732
4503	14	3925
4503	14	3932
5812	17	5813
5812	20	5762
374	1	369
374	1	370
8692	17	8695
8692	20	8769
8692	20	8255
8692	20	6486
8692	20	6486
8692	20	6486
8692	20	6486
8692	17	6486
8692	20	6486
8692	20	6486
8692	23	12516
8692	17	6013
8692	17	8694
8692	17	7158
8692	17	8693
8692	17	6583
8692	17	6582
8692	20	8580
2565	9	2566
2565	17	6449
7844	17	6274
7844	17	6272
8109	17	7209
8109	23	12524
4710	14	4316
4710	14	4708
8094	20	6387
8094	17	7830
8094	20	7830
8094	20	6385
8094	20	8095
8094	17	8095
8094	20	7939
8094	17	8088
8094	20	8088
6056	17	6058
6056	17	6057
92	1	93
92	0	93
92	1	586
92	1	1091
92	1	1091
1197	1	953
1197	1	953
1197	1	1142
6919	17	6920
6919	17	6921
6919	17	5910
8827	20	7661
8827	17	7661
1750	2	1672
1750	2	1671
4482	17	8215
4482	17	8214
4482	14	3869
12468	22	10100
12468	22	9613
12468	22	9613
12468	22	9613
4352	14	4353
4352	14	4353
4352	14	4353
4352	14	4081
3536	14	3437
3536	14	3473
5182	15	4971
5182	15	4973
8870	17	8680
8870	17	6632
8870	17	6412
8870	17	7648
8870	17	7272
8870	17	5838
8870	17	5836
8790	20	6706
8790	17	6706
8790	20	6706
8790	20	6706
8790	20	6706
8790	20	6706
8790	17	6603
8790	17	8278
8790	17	8791
8790	20	6780
8790	20	6780
8790	17	6637
2429	8	2428
6651	17	7244
6651	17	5453
10259	22	10265
10259	22	10262
10259	22	10261
10259	22	10260
10259	22	10264
5261	15	4973
5261	15	4971
869	1	865
869	1	866
492	15	5088
492	15	4987
3926	14	3927
3926	14	3928
5161	15	4973
5161	15	4971
1086	1	1088
1086	1	1087
1086	1	1087
1086	1	1087
1086	1	27
6427	17	6008
6427	17	6430
6427	17	5916
6427	17	5915
7257	17	7258
7257	17	7258
7257	17	7258
7257	17	7258
1976	5	1949
1976	5	1942
1976	6	2040
1976	5	1972
1976	6	229
1949	5	1950
4078	14	4079
4078	14	4079
11905	22	11781
11905	22	11276
11905	22	10217
11905	22	10007
11905	22	11027
11905	22	5584
11905	22	11126
9017	17	6860
9017	17	8049
7509	17	7028
7509	17	7510
611	1	499
611	1	187
4501	14	4502
4501	14	4502
4501	14	4049
3298	13	3247
3298	13	3249
3298	13	3249
3298	13	3252
4647	14	3870
4647	14	3872
4647	14	3871
4647	14	3873
1917	5	1920
1917	5	1919
1917	5	1918
1917	5	1961
8917	17	7415
8917	17	6608
2377	8	2378
2378	17	7119
2378	17	7119
2378	20	7119
2378	8	2377
2378	17	6153
2378	17	5799
11477	22	11478
11477	22	11478
11477	22	11478
11477	22	9630
11477	22	9592
4356	23	2977
4356	14	4357
4356	23	12521
4356	23	12521
4764	19	1977
4764	21	9535
4764	21	9535
4764	21	9462
4764	14	4420
1761	2	1671
1761	2	1672
5770	16	5731
5770	16	4147
5770	16	5644
5770	16	2331
5770	16	5754
8449	17	6456
8449	17	8450
1797	3	1778
1797	3	1776
2215	14	4947
2215	14	4947
3839	14	3495
3839	14	3496
3839	14	3415
3839	17	6433
7053	20	7092
7053	20	7092
7053	20	7092
7053	20	7092
7053	17	5916
7053	17	6008
1401	1	411
1401	1	750
8835	17	6101
8835	17	5915
8835	17	8836
8835	17	7461
10574	22	10047
10574	22	9672
10574	22	10133
10574	22	10373
10574	22	10076
10574	22	9840
10574	22	10024
10502	22	9816
10502	22	9689
10502	22	5649
10502	22	9853
10502	22	10093
392	1	148
392	1	241
11494	22	9566
11494	22	11226
11494	22	11495
11494	22	11495
11494	22	11496
11494	22	11225
8817	17	6262
8817	17	5836
8817	17	6603
8817	17	6009
8817	17	6713
8817	17	6706
7273	17	7274
7273	17	7276
7273	17	6415
7273	17	7275
7273	17	6217
1476	1	148
1476	1	159
11550	22	10892
11550	22	10088
11550	22	11551
11550	22	9826
11550	22	10367
7081	17	6272
7081	17	7082
10406	22	10015
10406	22	10233
10406	22	9783
10406	22	9783
10406	22	9766
10406	22	9785
10406	22	10407
8859	17	6760
8859	20	6760
8859	17	7244
2199	14	3449
8003	17	6909
8003	17	6616
2406	20	7119
2406	8	2407
9819	22	9543
9819	22	5649
9819	22	9820
9819	22	9701
9819	22	9701
9819	22	9823
9819	22	9822
9819	22	9824
9819	22	9576
3958	14	3959
3958	14	3959
3396	21	9437
3396	13	3271
297	1	125
5635	16	5637
5635	16	5636
5635	16	3201
2755	17	6008
2755	9	2540
2755	9	2482
2755	17	5821
2755	17	5916
2755	17	6009
8354	20	8355
8354	17	8355
7322	17	6988
7322	17	7323
7322	17	6685
11519	22	9937
11519	22	9595
11519	22	9612
11519	22	9809
11519	22	9934
8551	17	7168
8551	17	6000
8551	17	5999
8551	17	7092
8551	17	6426
8551	17	6238
8551	17	8456
8551	17	6001
8551	17	6064
395	1	122
395	1	123
12354	22	10995
12354	22	10399
12354	22	9708
10576	22	10376
10576	22	10377
10576	22	10083
10576	22	10173
2673	9	2602
2673	9	2490
2673	15	4969
8428	17	7060
8428	17	7064
8428	17	7092
8428	20	7092
8428	20	7092
8428	20	7092
8428	17	6566
8428	17	6331
8428	17	6640
8428	17	6023
55	0	57
55	1	57
55	6	30
55	0	58
55	0	58
55	1	58
55	0	59
55	1	59
55	0	59
55	6	29
55	6	45
55	6	56
55	0	56
55	6	26
2229	17	6907
2229	17	6905
2229	14	4062
2229	14	4063
2229	17	6906
2229	14	3667
2840	17	6055
2840	9	2513
3761	14	3495
3761	14	3762
2681	14	4574
2681	14	4574
2681	14	4574
2681	14	3922
2681	9	2476
11762	22	11263
11762	22	10325
11762	22	10327
2653	14	3450
2653	9	2654
7324	17	6092
7324	17	7325
7324	17	7325
7324	17	7325
4029	14	3817
4029	14	4030
1748	2	1672
1748	2	1671
7316	17	6660
7316	17	5836
8578	17	5838
8578	17	7092
8578	17	6023
5041	15	4986
5041	15	4985
3386	13	3252
3386	13	3247
3999	14	3455
3999	14	3456
3999	14	3454
4440	14	3421
4440	14	3610
113	1	1600
113	1	1600
113	6	29
113	6	29
113	1	46
113	6	46
113	0	46
113	1	632
113	6	332
113	6	32
113	6	551
113	6	30
113	6	1530
113	6	45
8172	17	8176
8172	17	8175
8172	17	8177
8172	17	8177
8172	17	8485
8172	17	6926
8172	17	8173
4931	14	3491
4931	14	3793
4931	14	3544
8839	17	8165
8839	17	6520
8839	17	6521
9951	22	9888
9951	22	9952
9951	22	9952
9951	22	9895
9951	22	9713
9951	22	9713
9951	22	9953
9951	22	9894
712	1	163
712	1	162
1094	1	126
1094	1	125
1094	1	125
1094	15	4973
1094	15	4971
3338	13	3245
3338	21	9473
7834	17	5856
7834	17	7259
5211	15	4973
5211	15	4971
7756	17	6013
7756	17	6582
7756	17	6697
1760	2	1671
1760	2	1672
622	15	4983
622	15	4982
822	1	304
822	1	416
12024	22	10774
12024	22	10148
9294	20	5798
9294	20	5798
9294	20	5798
9294	23	12508
12147	22	9580
12147	22	2772
12147	22	10307
12147	22	10490
12147	22	10251
9004	17	6738
9004	17	7815
9004	17	6739
9004	17	5845
9225	20	6706
9225	20	6706
9225	20	6706
9225	20	6706
8630	17	6662
8630	17	6662
8630	17	8631
8630	17	8632
8630	17	6107
8630	17	7347
8630	17	6569
8630	17	6543
8630	22	10440
288	1	233
288	1	63
5327	15	4971
5327	15	4973
11319	22	10426
11319	22	10061
11319	22	10209
11319	22	9558
12123	22	10010
12123	22	9781
9118	17	9098
9118	17	8709
9118	17	8709
964	1	148
964	1	159
4858	14	4349
4858	14	4320
4858	14	3481
4858	14	3481
12271	22	10037
12271	22	9964
12271	22	9964
12271	22	10917
12271	22	9955
12271	22	9548
12271	22	9549
12271	22	10270
12271	22	10270
10280	22	9758
10280	22	9900
9029	17	6678
9029	20	6678
9029	20	6678
9029	20	6678
9029	17	6678
9029	20	6678
1774	2	1671
1774	2	1672
4395	14	3771
4395	14	3496
11996	22	10644
11996	22	10642
11996	22	10643
5713	17	6060
5713	17	6065
5713	17	6069
5713	17	6062
5713	17	5874
5713	17	6064
5713	17	6002
5713	17	6067
5713	17	6068
5713	17	6061
5713	17	6071
5713	17	5875
5713	17	6070
5713	17	6066
5713	17	5712
3101	11	3165
3101	14	3456
3101	14	3437
2284	8	2285
2285	8	2284
450	1	210
450	1	148
616	1	618
616	1	617
616	1	233
756	1	666
756	1	528
3508	14	3437
3508	14	3510
3508	14	3509
1719	2	1671
1719	2	1672
3907	21	9468
3907	14	3908
2877	9	2505
2877	9	2505
9480	21	9481
9480	21	9481
9480	21	9481
9480	21	9481
9480	21	9481
9480	21	9481
9480	21	9481
9480	21	9481
9480	21	9481
6859	17	6013
6859	17	6860
1224	1	1210
1224	1	122
1224	1	129
1375	1	953
1375	1	953
1375	1	1142
1755	2	1671
1755	2	1672
9293	20	5762
9293	20	5762
9293	20	5762
2725	9	2482
2725	9	2482
7850	17	7467
7850	17	7323
3044	10	3045
3044	10	2981
11434	22	10246
11434	22	10296
11434	22	10480
3637	14	3636
3637	14	3636
1424	1	444
1424	1	479
5960	17	8184
5960	20	8184
5960	20	8095
5960	20	5961
5960	17	5961
12513	23	3058
12513	23	3058
583	5	1986
583	15	5024
583	15	5100
6836	17	5839
6836	17	5836
6836	17	6837
6836	17	6169
4375	14	4049
4375	14	3710
926	1	865
926	1	866
11051	22	9785
11051	22	9630
11051	22	5653
11051	22	10767
11051	22	10105
11051	22	10229
11051	22	10233
1819	3	1776
1819	3	1778
644	1	125
819	1	820
819	1	821
1812	3	1778
1812	3	1776
5823	17	5825
5823	17	5824
3915	14	3916
3915	20	5762
3010	10	2946
3010	14	4261
4595	14	3768
4595	14	3496
12379	22	11840
12379	22	10285
12379	22	9992
12379	22	10767
12379	22	10631
12379	22	10633
12379	22	10588
12379	22	10632
12379	22	10723
4794	14	4486
4794	14	4158
1223	1	1210
1223	1	122
1223	1	129
11259	22	9725
11259	22	9846
11259	22	9724
11259	22	9780
11259	22	9572
11259	22	9572
11259	22	9833
8388	17	5836
8388	17	6514
12253	22	10262
12253	22	11857
11768	22	10494
11768	22	11225
11768	22	10811
799	1	773
799	1	766
8194	20	8122
8194	17	8122
8668	17	6147
8668	17	6324
8668	17	8517
3739	14	3496
3739	14	3737
3739	14	3495
3241	12	170
3241	12	2027
3831	14	3762
3831	14	3832
6502	17	6754
6502	17	6755
6502	17	6503
6502	17	6505
2035	6	2088
2035	6	2025
2035	6	2066
2035	6	2009
2035	6	2036
2035	6	625
6382	17	6603
6382	17	6840
6382	17	7877
6382	17	5874
6382	17	6264
6382	17	5838
6382	17	6188
9414	20	5762
9414	20	5762
11733	22	9824
11733	22	10018
11733	22	10686
11733	22	9969
11733	22	10687
11733	22	10897
10928	22	10040
10928	22	10040
10928	22	10505
10928	22	10834
10928	22	9696
10928	22	9696
10928	22	10720
10928	22	10848
4428	14	3971
4428	14	3707
4923	14	4924
4923	14	4924
4923	14	4924
3025	10	3026
3025	17	6357
6880	20	8255
6880	17	8255
6880	17	6583
6880	20	9219
2173	6	2174
2173	6	2175
2173	6	2048
2173	6	2012
2173	6	170
2173	6	2019
2173	6	2018
2173	6	2099
2173	6	2027
2173	6	2067
2173	6	2040
2173	6	574
2173	6	2055
7626	17	7241
7626	17	7627
1803	3	1784
1803	3	1776
1803	3	1813
489	1	125
3849	14	3587
3849	14	3850
6868	17	6070
6868	17	6869
5493	16	5500
5493	16	5501
5493	16	5505
5493	16	5496
5493	16	3243
5493	16	5504
5493	16	5503
5493	16	5506
5493	16	5498
5493	16	5499
9276	20	9277
9276	20	9277
8250	17	7577
8250	17	5822
4167	14	4168
4167	14	4168
3134	11	3129
3134	11	3137
8411	17	8120
8411	17	4313
4008	14	4009
4008	14	4009
971	1	148
971	1	210
3917	14	3804
3917	14	3918
7031	17	7035
7031	17	7034
7031	17	7032
7031	17	7037
7031	17	7038
7031	17	7040
7031	17	7039
4835	14	4836
4835	14	4836
4835	14	4836
4835	14	4836
1908	14	3450
1908	4	1833
1908	11	3085
1146	1	1142
1146	1	953
1146	1	953
9909	22	9911
9909	22	9912
8902	17	5987
8902	17	8450
8833	17	8612
8833	17	8614
1324	1	129
1324	1	129
1324	1	1210
5321	15	4973
5321	15	4971
10931	22	9893
10931	22	10713
10931	22	10713
10931	22	10749
10931	22	10069
10931	22	10069
10931	22	10602
10931	22	10750
10931	22	10932
7928	20	7929
7928	17	7929
7928	20	6848
7928	20	8720
6480	20	6780
6480	17	6481
6480	20	7092
6480	17	5896
6480	17	5835
4761	14	3578
4761	14	3473
4761	14	3454
4761	14	3455
4761	14	3437
4761	14	3456
4761	14	3457
4761	14	3458
9441	21	9457
9441	21	9477
9441	21	9442
9441	21	9451
11830	22	10642
11830	22	10644
11830	22	10646
11830	22	10805
1185	1	953
1185	1	953
1185	1	1142
430	1	159
430	1	148
12427	22	9735
12427	22	11457
12427	22	5653
12427	22	11386
12265	22	11263
12265	22	10326
12265	22	10326
12265	22	10327
1213	1	122
1213	1	129
1213	1	1210
3231	12	29
3231	12	2048
3231	12	26
3231	17	6729
3231	17	6645
3231	17	7514
3231	17	6730
2504	9	2505
2504	9	2505
6303	17	6304
6303	17	6304
6303	17	6304
6303	17	6857
7023	17	6220
7023	17	6893
7023	17	6012
7023	17	5833
7023	17	6820
1998	15	4990
534	1	599
534	1	135
534	1	535
2334	8	2335
2334	14	3423
2334	14	3423
2335	8	2334
53	0	54
53	1	54
53	1	343
3330	13	3247
3330	13	3247
3330	13	3252
3166	17	6601
3166	17	6601
3166	11	3087
3166	17	5950
3166	17	5950
3166	17	5947
3166	17	5947
3166	17	6617
3166	23	12532
8563	17	6115
8563	17	5844
12076	22	10656
12076	22	9889
12076	22	10073
12076	22	9732
12076	22	9966
12076	22	9567
12076	22	9570
11094	22	9867
11094	22	10412
11094	22	9887
11094	22	10151
11094	22	10475
1785	3	1776
1785	3	1778
3254	13	3255
3254	13	3255
6908	17	6910
6908	17	6888
6908	17	6909
6908	17	6096
6908	17	6213
4957	14	4958
4957	14	4958
12246	22	9716
12246	22	10392
251	1	125
251	1	125
251	1	126
5101	15	4971
5101	15	4973
5633	17	8317
5633	20	8317
5633	20	7872
5633	20	7872
5633	17	7872
5633	20	5708
5633	17	5708
5633	20	5766
5633	20	5766
5633	17	5766
5633	20	8316
5633	20	8316
5633	20	8316
5633	17	8316
5633	20	9171
5633	17	7871
5633	20	7871
5633	20	7871
5633	20	6722
5633	20	6722
5633	20	8315
5633	17	8315
5633	17	5626
5633	20	5626
2259	8	2260
2260	8	2259
7123	17	5818
7123	17	7124
2209	7	2210
2209	7	2210
2209	7	2211
2209	7	2211
3844	14	3760
3844	14	3496
3844	14	3737
8566	17	7116
8566	17	7351
4216	14	4217
4216	14	3587
4216	14	4127
9536	21	9488
9536	21	9489
10840	22	9858
10840	22	9858
10840	22	9858
10840	22	9858
10840	22	9756
1369	1	129
1369	1	129
1369	1	1210
3344	13	3255
3344	13	3255
3344	13	3255
3182	11	3095
3182	14	3481
5225	15	4973
5225	15	4971
699	1	122
699	1	123
12450	22	12043
12450	22	10657
4193	14	4194
4193	14	4194
2354	8	2355
2355	8	2354
4707	14	4708
4707	14	4316
4707	14	4316
4707	14	4699
11397	22	10040
11397	22	10720
11397	22	10480
11397	22	11116
11397	22	10848
11397	22	11295
11397	22	11295
11397	22	11295
11397	22	10472
11397	22	10417
11397	22	10255
11397	22	11398
9071	17	6990
9071	17	6991
8110	20	8129
8110	20	8707
8110	17	8111
8110	20	8111
8110	20	9175
2692	9	2476
2692	14	4072
4951	14	3800
4951	17	8591
6164	17	8900
6164	17	6125
6164	17	6165
6164	17	6069
6164	17	5999
6164	17	7168
6164	17	6169
6164	17	6002
1576	1	419
1576	1	420
5299	15	4973
5299	15	4971
11813	22	11814
11813	22	10589
11813	22	10589
11813	22	10589
11813	22	10589
11813	22	9574
11813	22	9833
11813	22	10094
11813	22	10097
11813	22	9774
11813	22	10098
11813	22	11478
11813	22	10166
11813	22	9858
12100	22	9712
12100	22	9712
12100	22	9926
12100	22	9926
12100	22	9567
12100	22	9567
12100	22	9567
12100	22	9568
7571	17	7572
7571	20	7775
7571	20	8369
7571	20	7773
12298	22	10257
12298	22	10639
12298	22	9615
6176	23	2566
6176	17	6177
9860	22	9863
9860	22	9756
9860	22	9592
9860	22	5648
9860	22	6517
9860	22	9590
9860	22	9698
9860	22	2157
4539	14	3444
4539	14	3444
8766	17	6706
8766	17	5836
722	1	1072
722	1	723
881	1	866
881	1	865
12330	22	10369
12330	22	5468
12330	22	2772
12330	22	5467
12330	22	11551
2343	8	2342
2342	8	2343
6684	17	5934
6684	17	6685
6684	17	5875
11351	22	11353
11351	22	11353
11351	22	10171
11351	22	9921
11351	22	11352
4409	14	3458
4409	14	3455
4409	14	3456
4409	14	3437
4409	14	3572
4409	14	3457
4409	14	3473
4409	14	3592
4409	14	3454
5765	16	5630
5765	16	5448
5765	16	5448
2738	9	2505
2738	9	2482
77	0	91
77	1	91
77	1	78
77	0	78
1275	1	129
1275	1	129
1275	1	1210
6548	17	6549
6548	17	6071
6203	17	5915
6203	17	5916
6203	17	6204
1147	1	953
1147	1	953
1147	1	1142
12259	22	10643
12259	22	10453
12259	22	10456
12259	22	10258
12259	22	10646
12259	22	11034
12259	22	10253
12259	22	10644
12259	22	11035
12259	22	9547
8000	20	9318
8000	17	8001
762	1	28
762	1	26
28	15	4988
28	15	4988
28	6	29
28	9	29
28	1	29
11271	22	9880
11271	22	11102
11271	22	11102
11271	22	10930
11271	22	9825
2024	15	5145
2024	6	115
749	1	750
749	1	411
4417	14	3496
4417	14	3745
7352	17	5815
7352	20	5722
1869	4	1833
1869	4	1829
8206	17	8208
8206	17	7868
3412	13	3269
3412	13	3255
8938	20	6937
8938	17	5815
8413	17	6987
8413	17	6685
8413	17	6782
1707	2	1671
1707	2	1672
10336	22	9787
10336	22	9766
10336	22	9766
10336	22	9766
10336	22	10122
10336	22	10337
10336	22	9744
10336	22	9785
1903	10	3017
1903	17	8456
1903	9	2623
1903	4	1833
8648	17	5815
8648	20	5798
6783	17	5988
6783	17	5862
11710	22	10709
11710	22	10217
3816	14	3817
3816	17	6329
2286	8	2287
2286	17	7124
2286	17	6438
2286	17	7106
2286	14	3865
2286	17	6733
2286	17	6190
2287	8	2286
7370	17	7371
7370	20	7371
7370	17	7371
7370	20	7371
2941	23	12510
2941	14	3475
2941	14	3475
2941	14	3475
2941	14	3475
2941	23	12504
1614	15	4982
1614	15	4983
1614	1	184
12033	22	10890
12033	22	10539
4052	14	3444
4052	14	4053
11326	22	11293
11326	22	5591
11326	22	10234
11326	22	10914
12351	22	10597
12351	22	11948
12351	22	11948
12351	22	10522
12120	22	10087
12120	22	10087
12120	22	10087
12120	22	10089
12120	22	10089
12120	22	9793
12120	22	11236
12120	22	10195
3633	14	3473
3633	14	3437
3633	14	3437
3633	14	3458
104	0	107
104	1	107
104	1	105
104	0	105
104	1	106
104	0	106
104	1	74
6898	17	6899
6898	17	6169
6898	17	6514
8056	20	7097
8056	20	9252
8056	17	8228
8056	20	9235
7641	17	7611
7641	17	6090
4696	23	12504
4696	14	4697
2765	9	2494
2765	9	2490
2765	15	4969
8029	17	7954
8029	17	7196
3414	17	5809
3414	14	3415
3414	14	3416
3414	14	3416
9063	17	6182
9063	23	3023
561	1	95
561	1	278
8733	17	6976
8733	20	6937
10610	22	10256
10610	22	9976
10610	22	9976
10610	22	10073
10610	22	10050
10610	22	9831
10610	22	9973
10610	22	10052
10924	22	10926
10924	22	10926
10924	22	10142
10924	22	10193
10924	22	10925
10924	22	10143
10924	22	10927
10924	22	9558
10924	22	10779
8414	19	169
8414	17	5994
140	1	123
140	1	122
1397	1	159
1397	1	148
669	1	483
669	1	497
669	1	497
9141	18	1076
9141	18	1077
11013	22	9971
11013	22	10273
11013	22	9999
1818	3	1776
1818	3	1784
2352	8	2353
2353	8	2352
2353	17	5799
9928	22	9929
9928	22	9929
2587	9	2476
2587	9	2588
5985	17	5979
5985	17	5986
753	18	752
752	1	753
752	15	4982
752	15	4983
2974	17	6564
2974	17	5999
2974	10	2975
2974	17	5836
5193	15	5113
5193	15	5185
7378	20	9257
7378	17	7379
7378	20	7379
7378	20	7379
6575	22	11098
6575	17	6457
83	6	56
83	1	56
83	6	45
83	1	45
83	0	84
83	1	84
83	0	84
83	6	29
83	1	262
83	1	59
83	1	58
83	1	26
4179	14	4180
4179	14	4066
4179	14	3481
4179	14	3481
1136	1	239
1136	1	338
8204	17	8205
8204	23	2989
3740	14	3496
3740	14	3741
3046	23	2928
3046	10	2928
8321	17	6016
8321	17	6267
8321	17	7092
8321	20	7092
8321	20	7092
8321	17	6067
8321	17	6068
8321	17	6066
8321	17	5873
8321	17	6065
8321	17	6169
8321	17	6001
8321	17	5836
4622	14	3498
4622	14	3431
4622	14	3431
4622	14	3431
3622	14	3509
3622	14	3519
8375	17	8377
8375	17	8376
4	1	627
4	1	627
4	1	5
4	0	5
4	1	626
8445	17	7461
8445	17	6905
2838	9	2839
2838	10	2839
2838	14	3475
811	1	416
811	1	304
1343	1	129
1343	1	129
1343	1	1210
12	1	14
12	0	14
12	1	33
12	1	27
12	1	13
12	0	13
776	15	4987
776	15	5088
8710	20	8355
8710	17	7858
8710	20	8086
9269	20	6706
9269	20	6706
9269	20	6706
9269	20	6706
9269	20	6706
9269	20	6706
8134	17	7900
8134	17	7332
8532	17	8533
8532	17	8534
435	1	125
423	1	295
423	1	634
8918	20	8919
8918	17	8919
8918	20	9240
6340	17	6342
6340	17	6341
6340	20	9182
6340	20	7090
6340	20	7090
6340	20	7090
6340	20	7860
6340	20	7860
6340	20	6983
6340	20	9109
6340	20	5984
6340	20	7862
11587	22	2157
11587	22	10910
11587	22	9566
11587	22	9785
11587	22	10789
11587	22	9980
11587	22	10233
7555	20	6163
7555	17	6163
7555	20	6875
7555	17	5815
7397	17	7267
7397	17	7028
7397	17	7398
4330	14	4261
4330	14	4051
11373	22	9802
11373	22	9590
11373	22	11004
11373	22	9695
11373	22	9695
11373	22	9695
11373	22	9566
8346	17	7338
8346	17	5868
8346	20	5762
8346	20	5762
5221	15	4973
5221	15	4971
7704	17	5999
7704	17	5918
7704	17	8900
7704	17	8531
7704	17	7454
7704	17	7092
9286	20	8620
9286	20	9287
6010	17	6016
6010	17	6015
6010	17	6012
6010	17	6011
6010	17	6017
6010	17	2871
6010	17	6013
6010	17	5947
8545	17	8546
8545	17	6470
8545	17	6470
3517	14	3519
3517	14	3518
3517	14	3437
3517	14	3520
3517	14	3513
3517	14	3512
4712	14	3444
4712	14	3444
1652	1	1512
1652	1	384
5209	15	4973
5209	15	4971
12177	22	12178
12177	22	12178
12177	22	10540
6509	17	5819
6509	17	6491
6075	17	6076
6075	17	6077
3525	14	3518
3525	14	3462
3525	14	3514
3525	14	3510
3525	14	3437
3525	14	3519
3525	14	3526
11653	22	10952
11653	22	5467
11653	22	10536
12150	22	5584
12150	22	11034
12150	22	11034
12150	22	9808
12150	22	9675
12150	22	10785
8030	17	8031
8030	20	8031
8030	20	6352
1012	1	736
1012	1	735
2764	9	2490
2764	15	4969
12209	22	9959
12209	22	9959
12209	22	10285
12209	22	10420
12209	22	10420
12209	22	9648
12209	22	9547
12209	22	10490
12209	22	10041
2656	14	3450
2656	14	3450
2656	14	3450
2656	9	2657
2656	11	3081
3795	14	3797
3795	14	3796
9407	20	8233
9407	20	8233
9407	20	5596
9407	20	5596
513	1	362
513	1	572
7344	21	9471
7344	17	6213
3705	14	3431
3705	14	3431
10821	22	9561
10821	22	5653
10821	22	10445
10821	22	5655
10821	22	9853
10821	22	9684
10821	22	9684
10821	22	9684
10821	22	9741
5169	15	4971
5169	15	4973
5977	17	5981
5977	17	5978
5977	17	5979
5977	17	5931
5977	17	5980
8821	17	5858
8821	17	6377
5830	17	5832
5830	17	5831
8985	17	6628
8985	17	5931
8985	17	5931
8985	17	7204
8985	17	6476
8985	17	6578
9016	20	6028
9016	17	5939
4888	14	3458
4888	14	3552
4888	14	3473
4888	14	3657
4888	14	3437
4888	14	3481
4888	14	3551
4888	14	3457
9062	17	8836
9062	17	5800
9062	17	6101
9062	17	6055
4058	14	3865
4058	20	6875
4058	17	6875
4058	17	6875
6934	17	6935
6934	17	6209
5080	15	4971
5080	15	4973
9864	22	9866
9864	22	9866
9864	22	5469
9864	22	9865
9864	22	9867
9864	22	9735
9864	22	9643
4967	14	4026
4967	14	4130
4967	14	4287
4967	14	4287
4967	14	3639
4967	14	4100
8464	17	8465
8464	17	7258
8464	17	7258
12473	22	10193
12473	22	10193
12473	22	10193
12473	22	10253
12473	22	10253
12473	22	10346
12473	22	10346
9403	20	7625
9403	20	5722
1190	1	953
1190	1	953
1190	1	1142
11093	22	9859
11093	22	5655
11093	22	9756
11093	22	9985
11093	22	9985
11093	22	9985
11093	22	9858
11093	22	10805
11093	22	10285
11093	22	10986
7206	17	6566
7206	17	7142
7865	17	7867
7865	17	6780
7865	17	5838
7865	17	7866
7865	17	6375
7865	17	6376
7865	23	3005
3174	17	7153
3174	14	3976
3174	14	3976
3174	17	6737
3174	14	3974
3174	17	6739
3174	17	7152
3174	17	6089
3174	14	3978
3174	17	6449
3156	11	3083
3156	14	3481
5541	17	8419
5541	17	8418
5541	17	5411
5541	17	6860
5541	17	6177
8335	17	6653
8335	17	6514
8335	20	6012
2943	10	2944
2943	10	2944
2943	10	2944
2943	21	9462
542	1	1028
9215	20	8236
9215	20	7862
9215	20	6763
12475	22	10024
12475	22	9808
12475	22	10313
12475	22	10313
12475	22	10356
12475	22	9672
690	15	4983
690	1	556
690	15	4982
2723	9	2517
2723	9	2482
739	15	5092
739	15	4983
7553	20	5762
7553	20	5762
7553	17	5762
9162	19	948
9162	19	1918
10529	22	9546
10529	22	9546
10529	22	9546
10529	22	2157
10529	22	9959
10529	22	10483
10529	22	10531
10529	22	10530
9372	20	7803
9372	20	6760
2868	14	3956
2868	17	6221
8046	17	8047
8046	17	8047
1866	17	7192
1866	12	2155
1866	20	8368
1866	20	8368
1866	17	6824
1866	12	170
1866	4	1833
1866	19	1991
4662	14	4163
4662	14	4163
4662	14	4165
5275	15	4973
5275	15	4971
11440	22	9976
11440	22	9713
11440	22	10449
11440	22	9893
11440	22	10356
11440	22	10942
4565	14	3908
4565	21	9468
4725	23	3073
4725	14	4289
6490	17	5819
6490	17	6491
1661	1	125
1661	1	125
1661	1	126
11617	22	10417
11617	22	10417
11617	22	9893
11617	22	9871
11617	22	10069
11617	22	10463
1215	1	1142
1215	1	953
1215	1	953
5930	17	7212
5930	17	5937
5930	17	5931
8657	20	9212
8657	20	9212
8657	17	6085
8657	20	6086
8657	20	6086
8657	20	6086
5069	15	4973
5069	15	4971
7679	17	6015
7679	17	6789
7679	19	2055
7679	17	6655
7679	17	6211
4833	14	3811
4833	14	3810
3818	14	3819
3818	14	3819
5265	15	4973
5265	15	4971
7500	17	7501
7500	17	6346
976	1	159
976	1	148
1811	3	1778
1811	3	1776
7201	17	7202
7201	22	11323
7201	22	11323
1741	2	1671
1741	2	1672
11839	22	11840
11839	22	10947
11839	22	10165
11839	22	10742
11839	22	10742
11839	22	10742
11839	22	10742
11839	22	10940
4616	14	3457
4616	14	3456
4616	14	3454
4616	14	3455
4628	14	3821
4628	14	3822
4550	14	4142
4550	14	4091
4550	14	4091
8191	17	7279
8191	20	5453
8702	17	6201
8702	17	6800
8702	17	6800
8702	17	8703
8702	17	8212
12436	22	10233
12436	22	11197
12436	22	9992
12436	22	11427
4110	14	3733
4110	14	3734
4018	14	4006
4018	14	4006
4018	14	4007
4018	14	4007
2133	6	2085
2133	6	2040
2085	15	4988
7406	23	3023
7406	17	6985
7376	17	7377
7376	20	7377
8685	17	6370
8685	17	6782
10797	22	9563
10797	22	9563
10797	22	9556
10797	22	9564
10797	22	9564
10797	22	9931
10797	22	9931
10797	22	9590
10797	22	10237
10797	22	9546
10797	22	10133
10797	22	9681
614	1	129
614	1	123
8855	20	6867
8855	17	6488
8322	17	5818
8322	17	5817
941	1	866
941	1	865
8879	17	8140
8879	17	6408
8879	17	7948
8879	17	7021
4749	14	3793
4749	14	3793
4749	14	3793
4749	14	3794
8560	17	8117
8560	17	5980
8560	17	8561
8560	17	7189
8560	17	8595
8560	17	6077
8275	17	8279
8275	17	7948
8275	17	8277
8275	17	7021
8275	17	8278
2613	17	6002
2613	17	6023
2613	17	7092
2613	17	8900
2613	9	2520
7794	17	5915
7794	17	6204
8448	17	7506
8448	17	7037
840	1	679
840	1	681
12491	22	10656
12491	22	9901
2559	9	2560
2559	9	2482
4954	14	3573
4954	14	3912
4954	14	3724
4954	14	3700
8954	17	5898
8954	17	6112
8954	17	5899
8270	17	8271
8270	20	6671
8270	20	6671
8270	20	6671
8270	20	6671
8270	20	6671
8270	20	6671
8270	20	6671
8270	20	6671
8270	20	6671
8270	17	6671
8270	20	6672
8270	20	6672
8270	20	9198
8270	20	9198
8270	20	9198
1584	1	123
1584	1	122
6806	17	6807
6806	17	6807
623	15	4983
623	1	349
623	15	4982
12342	22	9959
12342	22	9614
12342	22	9809
12342	22	9612
12342	22	11496
12342	22	9845
12342	22	11189
1373	1	1142
1373	1	953
1373	1	953
11917	22	10233
11917	22	10404
11917	22	10092
11917	22	9752
11917	22	9752
11917	22	11257
11917	22	9926
7672	17	6336
7672	17	6564
5204	15	4971
5204	15	4973
7545	20	7546
7545	17	7546
8926	20	9178
8926	17	7415
8926	20	6760
8926	20	7279
8926	17	7256
8926	20	6869
4441	14	3710
4441	14	3447
4441	14	3446
7921	17	7365
7921	17	7366
7921	17	5853
6263	17	6264
6263	17	6265
11719	22	9711
11719	22	9711
11719	22	9791
4150	14	4152
4150	14	4152
4150	14	4151
11074	22	9703
11074	22	9597
11074	22	9698
11074	22	9549
11074	22	9702
11074	22	9704
2503	9	2482
2503	9	2482
6929	20	6706
6929	20	6706
6929	20	6706
6929	20	6706
6929	20	6706
6929	20	6706
6929	20	6706
6929	20	6706
6929	20	6706
6929	20	6706
6929	17	6930
6929	17	7186
3264	13	3255
3264	13	3255
6181	17	6182
6181	17	6593
2898	9	2482
2898	9	2482
2898	9	2482
3746	14	3495
3746	14	3747
11769	22	9708
11769	22	9708
11769	22	10808
11769	22	10045
11769	22	10042
11769	22	10787
11769	22	10044
3373	13	3294
3373	13	3326
1800	3	1776
1800	3	1801
963	1	210
963	1	148
9943	22	9947
9943	22	9945
9943	22	9699
9943	22	9699
9943	22	9554
9943	22	9944
9943	22	9946
7662	17	7651
7662	17	6057
8496	17	6267
8496	17	7092
9425	20	6706
9425	20	6706
9425	20	6706
9425	20	6706
9425	20	6706
9425	20	7092
5496	22	9568
5496	22	9756
5496	22	9756
5496	17	6143
5496	22	9840
5496	17	5493
5496	22	9707
5496	22	9927
3888	14	3832
3888	14	3719
3888	14	3762
3888	14	3495
400	18	481
400	18	446
400	18	399
400	18	3078
400	18	444
400	15	4988
11311	22	9916
11311	22	10233
11311	22	9752
11311	22	9576
11311	22	10073
11311	22	9701
11311	22	9767
11311	22	9794
7715	20	7716
7715	17	7716
7715	17	7716
7715	20	7716
9705	22	9711
9705	22	9707
9705	22	9710
9705	22	9712
9705	22	9708
9705	22	9708
9705	22	9709
9705	22	9713
11342	22	10940
11342	22	10940
11342	22	10940
11342	22	10940
11342	22	10940
11342	22	10940
11342	22	10092
11342	22	10092
9385	20	7119
9385	20	7119
9385	20	7119
2396	8	2397
2396	8	2397
2786	15	4969
2786	9	2494
2786	9	2490
2786	9	2610
11539	22	11045
11539	22	9777
11539	22	10057
11539	22	10157
11539	22	10285
11570	22	11145
11570	22	10344
11570	22	10344
11570	22	9976
11570	22	10202
11570	22	10756
1351	1	1210
1351	1	129
1351	1	129
11842	22	9988
11842	22	10166
11842	22	9964
11842	22	10022
1623	1	1597
1623	1	1596
8832	17	7356
8832	17	6287
8832	17	7326
8832	17	7489
8592	17	7213
8592	17	7348
8592	17	9022
8592	17	9022
8592	17	6211
8592	17	6682
8592	17	7188
8592	20	6628
934	1	866
934	1	865
1853	4	1833
1853	10	2928
1853	4	1829
4280	14	3573
4280	14	3574
4280	14	3700
4684	14	3707
4684	14	3707
4684	14	3971
11026	22	9996
11026	22	9668
11026	22	9668
11026	22	9668
11026	22	9574
11026	22	9756
11026	22	11027
11026	22	10631
11026	22	10723
11026	22	10633
11026	22	10633
11026	22	9858
11026	22	10445
11026	22	10767
8272	17	7014
8272	20	7014
8272	23	2975
309	1	314
309	15	4987
309	15	5088
309	1	310
11305	22	10456
11305	22	10209
11305	22	10209
11305	22	10045
11305	22	10605
11305	22	5654
11305	22	10044
11305	22	10042
11305	22	9708
12376	22	10101
12376	22	9991
12376	22	10855
12376	22	9980
12376	22	10079
12376	22	9639
12376	22	12066
12376	22	10589
10685	22	10077
10685	22	10273
10685	22	9971
10685	22	10686
10685	22	10686
10685	22	10020
10685	22	10018
10685	22	10687
1399	1	411
1399	1	750
4477	14	3963
4477	14	4478
7431	17	6288
7431	17	7433
7431	17	6260
7431	17	7432
9652	22	9633
9652	22	9564
9652	22	9653
9652	22	9563
9652	22	9600
8389	17	5836
8389	17	7152
8389	17	6514
8389	17	6512
7528	17	6244
7528	17	5762
7528	17	6789
7528	17	7226
7528	17	6699
7528	17	7030
7528	20	6192
6872	17	6322
6872	20	6322
6922	17	6313
6922	20	6956
12105	22	10250
12105	22	9885
7623	17	5838
7623	17	6023
7623	17	7624
7623	17	6002
3404	13	3249
3404	13	3247
8840	17	6715
8840	17	6096
8840	17	6362
7049	17	5890
7049	17	5891
2116	6	2070
2116	6	2062
2116	6	2062
2116	6	2061
2116	6	2018
12479	22	9774
12479	22	9774
12479	22	9633
12479	22	10676
11090	22	11092
11090	22	9990
11090	22	9990
11090	22	10637
11090	22	10637
11090	22	9639
11090	22	9633
2330	8	2331
2330	20	6867
4975	15	4971
4975	15	4973
8874	17	8875
8874	17	6265
8874	17	6262
8874	17	6603
8481	20	9360
8481	20	9360
8481	17	8482
8481	20	8482
8481	17	8483
8481	20	8483
8481	20	8483
8481	20	8483
8481	20	7470
8481	20	7470
8481	20	7470
8481	20	9359
8481	20	9359
8481	20	9359
8481	20	8357
8481	20	8357
8481	20	7920
8481	20	9345
8481	20	9358
8481	20	9358
8481	20	8243
1620	1	1596
1620	1	1597
1230	1	122
1230	1	1210
1230	1	129
854	1	535
854	1	135
854	1	599
12049	22	9969
12049	22	11220
12049	22	11220
12049	22	9822
12049	22	10077
12049	22	10077
12049	22	10077
12049	22	9775
12049	22	9976
12049	22	9976
4054	14	3623
4054	14	4056
4054	14	4039
4054	14	3500
9369	20	6328
9369	20	7057
9369	20	5798
9369	20	6150
886	1	865
886	1	866
1657	1	243
1657	15	4982
1657	15	4983
1677	17	6959
1677	9	2546
1677	2	1672
1677	17	6958
1677	17	6958
1677	17	6958
1677	17	6958
1677	17	6958
1677	17	6958
1677	17	6029
4347	19	9150
4347	19	9150
4347	14	3475
1756	2	1672
1756	2	1671
6243	17	6244
6243	17	6245
6243	17	5818
12357	22	10509
12357	22	10104
12357	22	10415
12357	22	9767
12357	22	10403
7086	17	6415
7086	17	6217
7086	17	6216
7086	17	6638
9365	20	6012
9365	20	6012
9365	20	6012
9365	20	6012
9365	20	6012
9365	20	6012
9365	20	6012
9365	20	6012
9365	20	6012
1635	1	1636
1635	1	1636
1635	6	2067
11324	22	9822
11324	22	10686
11324	22	9971
11324	22	10077
11324	22	9823
11324	22	10897
11324	22	9824
11324	22	9970
11324	22	10707
11324	22	9969
12292	22	11197
12292	22	10767
12292	22	9989
12292	22	9979
12292	22	9979
2360	17	5899
2360	8	2270
9021	17	9022
9021	17	5931
9021	17	7348
9021	17	5941
9021	17	7211
2749	9	2652
2749	9	2752
1481	1	125
1481	1	125
1481	1	126
11028	22	10362
11028	22	10362
11028	22	10387
12461	22	9912
12461	22	11180
7018	19	1991
7018	17	6013
3577	14	3473
3577	14	3437
3577	14	3578
3577	14	3458
7726	17	7354
7726	17	7501
607	6	26
607	1	596
607	15	4990
7821	17	5819
7821	17	6008
7821	17	7143
7218	17	6513
7218	17	6530
7218	17	6611
7218	17	6512
2523	14	4292
2523	9	2524
11907	22	10789
11907	22	9990
11907	22	10633
11907	22	10633
11907	22	10589
11907	22	10029
11907	22	10632
11907	22	10632
11907	22	9996
11907	22	9639
11907	22	9668
11907	22	9992
2069	6	2070
2069	6	2018
12155	22	9991
12155	22	9991
12155	22	9574
12155	22	9574
12155	22	10910
12155	22	10910
12155	22	10767
12155	22	10767
12155	22	9833
12155	22	11564
12155	22	10588
12155	22	9990
12155	22	12066
9161	21	9471
9161	19	169
9228	20	6780
9228	20	6780
9228	20	6780
9228	20	6780
8434	17	6614
8434	17	8435
308	1	165
308	15	4973
308	15	4971
7652	17	6172
7652	17	7333
7652	17	7653
7652	17	7654
7652	17	6415
8747	17	7186
8747	17	7185
8747	17	6780
8747	17	6262
2758	9	2686
2758	9	2480
754	1	125
754	1	125
754	1	126
12347	22	9800
12347	22	10185
12347	22	9612
12347	22	9604
12347	22	10482
12347	22	10483
11504	22	9549
11504	22	9576
11504	22	9576
11504	22	9688
11504	22	9725
11504	22	9710
11504	22	10359
11504	22	10359
2138	7	2236
2138	7	2236
2138	6	2045
2138	6	2028
2138	6	2009
2138	6	2018
2138	6	2008
11219	22	10733
11219	22	10733
11219	22	9969
11219	22	10981
11219	22	11220
7372	17	6603
7372	20	7092
7372	17	7092
7372	20	7092
7372	20	7092
7372	20	7092
7372	20	7092
7372	20	7092
7372	17	5912
7372	17	5821
7372	17	5866
7372	20	6706
8490	17	6943
8490	17	7268
7570	23	12516
7570	17	6593
7570	17	6794
7570	17	6472
11048	22	9774
11048	22	10763
11048	22	10587
11048	22	10587
11048	22	9736
1699	2	1672
1699	2	1671
892	1	865
892	1	866
4780	14	3456
4780	14	3455
4780	14	3437
4780	14	3454
8253	17	6961
8253	17	6012
2163	6	2128
2163	6	2054
4796	14	3456
4796	14	3455
4796	14	3454
4796	14	3457
5320	15	4971
5320	15	4973
2886	9	2887
2886	19	2055
2886	19	170
2886	19	25
2886	14	4384
2886	19	29
2886	19	2032
2886	11	3111
2886	14	4272
2886	11	3153
2886	19	169
2886	19	169
1654	1	357
1654	1	917
595	1	125
595	1	125
595	1	126
5797	20	6150
5797	17	5798
1643	1	123
1643	1	129
5230	15	4973
5230	15	4971
4961	14	4962
4961	14	4962
4961	14	4916
11301	22	11302
11301	22	9906
11301	22	11304
1189	1	1142
1189	1	953
1189	1	953
1728	2	1672
1728	2	1671
5843	17	5915
5843	17	7530
5843	17	5844
5843	17	6115
4583	14	4116
4583	17	5853
10832	22	10671
10832	22	9837
10832	22	10720
10832	22	10040
10832	22	10040
10832	22	10834
2344	17	5946
2344	17	6124
2344	17	6123
2344	17	6098
2082	15	4988
2680	14	4351
2680	9	2549
2680	10	2958
2680	17	6738
2680	14	3450
2680	14	3450
2680	14	3450
2680	14	3450
2680	14	3450
2680	14	3450
2680	14	3450
2680	14	3450
2680	11	3095
4806	14	3455
4806	14	3456
11444	22	9973
11444	22	9973
11444	22	10778
11444	22	10142
11444	22	10278
11444	22	10143
11444	22	9825
9018	23	3023
9018	17	6882
10923	22	10564
10923	22	10196
10923	22	10626
10923	22	10627
10923	22	10627
10923	22	10807
10923	22	10494
10923	22	10494
10923	22	10231
10923	22	9792
1730	2	1671
1730	2	1672
8998	17	8852
8998	17	8852
8998	20	8852
8998	20	8852
8998	20	8852
8998	20	8852
8998	20	8852
8998	20	8852
8998	20	8852
11590	22	10303
11590	22	11591
11590	22	10302
11590	22	10527
11590	22	10299
11590	22	10523
9400	20	7917
9400	20	7917
9400	20	7919
9400	20	7919
9400	20	7982
3216	14	3887
3216	12	2147
3216	12	2155
7635	17	7636
7635	17	5853
7635	20	7092
10906	22	10388
10906	22	10388
10906	22	10041
10906	22	9759
10906	22	9558
10906	22	9587
10906	22	9934
10906	22	9663
4300	14	3667
4300	14	3669
1280	1	129
1280	1	129
1280	1	1210
6790	17	6564
6790	17	6565
8921	17	6915
8921	17	6503
3890	14	3891
3890	14	3496
8291	17	6096
8291	17	7586
2445	17	8297
2445	17	8233
11316	22	9966
11316	22	9966
11316	22	9567
11316	22	9730
11316	22	9570
11316	22	9732
11316	22	10041
11316	22	10041
11316	22	9589
10014	22	10015
10014	22	10016
4204	14	3437
4204	14	3595
4204	14	3457
4204	14	3473
4204	14	3604
4204	14	3456
4204	14	3458
4204	14	3794
4204	14	3509
4204	14	3512
4204	14	3438
4204	14	3518
1744	2	1694
1744	17	6958
1744	2	1671
1744	2	1672
5389	20	9185
5389	20	9185
5389	17	5370
5389	20	5370
4230	14	4231
4230	21	9462
4230	23	2996
4230	14	3704
12406	22	10016
12406	22	10016
12406	22	10774
12406	22	9788
12406	22	9791
12406	22	10472
12406	22	10510
575	1	129
575	1	123
12319	22	5656
12319	22	5656
12319	22	9686
12319	22	9623
12319	22	9623
12319	22	10604
8136	20	6179
8136	17	8137
8136	20	8137
11800	22	9699
11800	22	10549
11800	22	9677
11800	22	10092
11800	22	9703
11800	22	10381
5522	17	5411
3960	14	3961
3960	14	3961
2443	8	2444
2443	17	7394
2444	8	2443
8629	17	7254
8629	20	7109
8629	17	7609
8629	20	7609
8629	17	7161
8629	17	7313
8629	20	6233
8629	17	8463
4371	14	4051
4371	14	4051
4371	14	4366
7884	20	6163
7884	20	7885
7884	17	7885
2846	17	7326
2846	17	7196
2846	17	6188
2846	9	2505
2846	17	7468
2846	17	6606
2846	17	7467
2846	17	7323
2846	17	6706
2846	17	6262
4914	14	4746
4914	14	3741
4019	14	4020
4019	14	4020
6862	17	6236
6862	17	6863
6862	17	6864
7578	17	7579
7578	20	7579
7578	20	5851
4999	15	5001
4999	15	5002
4999	15	5000
12071	22	9894
12071	22	9894
12071	22	9895
12071	22	10714
12071	22	9713
12071	22	9713
12071	22	9887
12071	22	9710
12071	22	9710
10616	22	10083
10616	22	10085
10616	22	10526
10616	22	10392
10616	22	10288
6439	17	5838
6439	17	6288
6439	17	6375
6439	17	5836
3758	14	3495
3758	14	3752
11979	22	11450
11979	22	10572
6414	17	6418
6414	17	6058
6414	23	2935
6414	23	2935
6414	17	6415
6414	17	6417
6414	23	3026
6414	17	6357
6414	17	6416
7393	17	8788
7393	17	6248
7393	17	7014
7393	20	8368
5127	15	4971
5127	15	4973
4642	14	4076
4642	14	4077
9778	22	9779
9778	22	9779
9778	22	9780
9778	22	5468
9778	22	9781
4797	14	3454
4797	14	3473
4797	14	4773
4797	14	4798
4797	14	3438
4797	14	3456
4797	14	3685
4797	14	3455
4797	14	3457
4797	14	3437
4797	14	3520
4797	14	3458
9077	17	9078
9077	17	9078
9077	17	9079
9077	17	9079
9077	21	9489
9077	21	9488
3862	14	3863
3862	17	6433
8637	20	5921
8637	20	5921
8637	20	5921
8637	20	5921
8637	20	5921
8637	20	5921
8637	20	5921
8637	20	5921
8637	20	5922
8637	20	5922
8637	20	5922
8637	17	5922
8637	20	5922
8637	20	5922
8637	20	5922
8637	20	5922
8637	20	5922
8637	20	5922
8637	20	5922
8637	20	5922
8637	20	5922
8637	17	5922
8637	20	5922
8637	20	5922
8637	20	5922
8637	17	5924
8637	20	5982
8637	17	5946
8637	20	7473
8637	20	5923
10612	22	9756
10612	22	9741
10612	22	10161
10612	22	9816
10612	22	9854
10612	22	5648
3088	11	3089
3088	11	3110
3088	14	3450
3088	14	3450
3088	14	3450
3008	17	7274
3008	17	6331
3008	10	2996
3008	17	6416
9396	20	6937
9396	20	6937
9396	20	7301
9396	20	6867
12213	22	10632
12213	22	10723
12213	22	9639
12213	22	10285
12213	22	10285
12213	22	9825
12213	22	9756
12213	22	10631
12213	22	10633
12213	22	10724
12213	22	9996
12213	22	10681
8147	20	7092
8147	20	7092
8147	17	7092
8147	20	7092
8147	20	7092
8147	20	7092
8147	20	7092
1460	1	343
1460	1	68
12185	22	10426
12185	22	10426
12185	22	9736
12185	22	5468
12185	22	10161
12185	22	5469
1143	1	953
1143	1	953
1143	15	4973
1143	15	4971
1143	1	1142
12137	22	10967
12137	22	9647
12137	22	9647
12137	22	9643
12137	22	9643
11268	22	11250
11268	22	11250
11268	22	10445
11268	22	11059
11268	22	10779
2404	14	3455
2404	14	3518
2404	14	3457
2404	14	3472
2404	14	3456
2404	14	3628
2404	14	3512
2404	14	3453
2404	14	3545
2404	8	2405
2404	14	3473
2404	14	3458
2404	14	3507
2404	14	3454
2404	14	3513
2404	14	3619
5760	20	6159
5760	20	5755
5760	17	5755
5760	20	5755
5760	20	7926
5760	20	7926
5760	20	7926
5760	20	5639
5760	20	6875
5760	20	6815
5760	20	5773
5760	20	9175
5760	20	6744
5760	20	6744
5760	17	7941
5760	20	7941
5760	20	7941
10194	22	9552
10194	22	9561
10194	22	9561
10194	22	9561
10194	22	10198
10194	22	10093
10194	22	10093
10194	22	10161
10194	22	9543
10194	22	10196
10194	22	10195
6258	17	5836
6258	17	6260
6258	17	6259
6258	17	6229
11022	22	9990
11022	22	10159
11022	22	9595
11022	22	9937
11022	22	9558
11022	22	9597
11022	22	9833
11674	22	9668
11674	22	9668
11674	22	10632
11674	22	10588
11674	22	10631
12148	22	10369
12148	22	10504
12148	22	9739
12148	22	5473
12148	22	9736
11867	22	9587
11867	22	9587
11867	22	10146
11867	22	9759
11867	22	10269
11867	22	9663
11867	22	9900
11867	22	10490
10706	22	10106
10706	22	10709
10706	22	10709
10706	22	10230
10706	22	10230
10706	22	9991
10706	22	10708
10706	22	10445
10706	22	10561
10706	22	10707
4886	14	3649
4886	14	3711
4886	14	3711
4886	14	4560
4886	14	3648
4993	15	4973
4993	15	4971
7957	17	6619
7957	17	6909
8503	20	6780
8503	20	6780
8503	20	6780
8503	20	6780
8503	20	6780
8503	17	6780
8503	20	6780
8503	17	6638
8503	17	5836
9076	20	7862
9076	17	7862
9076	17	7862
9076	20	7862
9076	20	7862
9076	17	7862
9076	20	7862
9076	17	7862
9076	20	7862
9076	20	7862
9076	20	8236
9076	20	8236
9076	20	8236
9076	17	8236
9076	20	8236
9076	20	8236
9076	20	8236
9076	23	2968
9076	20	6764
9076	20	6764
9076	20	6764
9076	17	6764
9076	20	6763
9076	20	6341
9076	20	5982
11002	22	10041
11002	22	10041
11002	22	9699
11002	22	11003
11002	22	9937
11002	22	9937
11002	22	9986
11002	22	11004
11002	22	9775
11002	22	10499
11023	22	9825
11023	22	10438
11419	22	10771
11419	22	10341
11419	22	10341
11419	22	10398
11419	22	11070
11419	22	11295
11419	22	10174
11419	22	9758
11419	22	10243
1141	1	953
1141	1	953
1141	1	1142
8417	20	6028
8417	17	5815
8417	20	9208
8417	20	5402
8417	17	7471
6499	20	7400
6499	20	7097
6499	20	7605
6499	17	7605
6499	20	5572
6499	17	5572
6499	20	7315
6499	20	7444
6499	20	7150
6499	20	6256
9108	20	9109
9108	17	9109
9108	20	6763
9108	20	8295
9108	20	6963
9108	20	6963
9108	20	6963
9108	20	7513
9108	20	7513
9108	20	7513
9108	20	7513
9108	20	9112
9108	20	9112
9108	17	9112
9108	20	9112
9108	20	6983
9108	20	5984
9108	20	9165
1345	1	953
1345	1	953
1345	1	1142
11937	22	9633
11937	22	9648
11937	22	9693
11937	22	9647
11937	22	10445
11937	22	9641
11937	22	9806
12415	22	9592
12415	22	9592
12415	22	2157
12415	22	11586
12415	22	11586
12415	22	11586
12415	22	10003
12415	22	9996
1846	23	12520
1846	10	3023
1846	10	2951
1846	4	1842
1846	14	4089
1846	12	2155
12118	22	10388
12118	22	9550
12118	22	10383
12118	22	9679
12118	22	9871
12118	22	10695
12451	22	9785
12451	22	10509
12451	22	10229
6814	20	6875
6814	20	6875
6814	20	6150
6814	17	6815
6814	17	6151
8235	20	8236
8235	17	8236
8235	20	8236
8235	20	9182
8235	20	6983
1736	2	1672
1736	2	1671
1850	23	2951
1850	23	2951
1850	17	6611
1850	17	5836
1850	17	6514
1850	4	1842
1850	17	6512
1850	4	1839
9726	22	9729
9726	22	9732
9726	22	9543
9726	22	9727
9726	22	9552
9726	22	9546
9726	22	9728
9726	22	9730
9726	22	9568
47	6	332
47	1	1008
47	1	1008
47	1	48
47	0	48
47	6	28
47	1	30
47	6	30
47	6	268
47	0	49
47	1	49
47	6	29
1322	1	129
1322	1	129
1322	1	1210
7290	20	6497
7290	17	6717
7290	20	6717
10851	22	9926
10851	22	9648
10851	22	9646
10851	22	10422
10851	22	10204
10851	22	10204
10851	22	9749
10851	22	9749
10851	22	9647
10851	22	9643
10851	22	9715
6295	17	6299
6295	17	6298
6295	17	6593
6295	17	6296
11348	22	10509
11348	22	10509
11348	22	9785
11348	22	9544
11348	22	9791
11348	22	9859
11348	22	9788
7170	20	7092
7170	20	7092
7170	20	7092
7170	20	7092
7170	20	7092
7170	17	7092
7170	20	7092
7170	20	7092
7170	20	7092
7170	20	7092
7170	20	7092
7170	20	7092
7170	20	7092
7170	17	6794
7170	17	6465
6114	17	5844
6114	17	6115
3075	17	5947
3075	17	5947
3075	17	5947
3075	11	3087
3075	10	3054
3075	17	5950
3075	17	5950
3075	17	6601
3075	17	6601
3075	17	6003
2911	9	2484
2911	17	5762
2911	20	5762
2911	10	2720
2911	9	2912
2911	9	2482
8363	17	8364
8363	17	7351
5671	17	7513
5671	17	7513
5671	17	7090
5671	17	7090
5671	17	7090
5671	17	7090
5671	17	7860
5671	17	5841
5671	17	5841
5671	17	5665
5671	17	5665
5671	17	7862
5671	17	7862
5671	17	7862
5671	17	7862
5671	17	6763
5671	17	6763
5671	17	6306
5671	17	6306
5671	17	6306
5671	17	8186
5671	17	6341
5671	17	8765
5671	17	6764
5671	17	6764
5671	17	6764
8763	17	7837
8763	20	7837
8763	20	7837
8763	20	7839
8763	20	7839
8763	20	7839
8763	20	7839
8763	20	5596
8763	20	5548
8763	20	5548
8763	20	5548
8763	20	8728
8763	17	7068
8763	20	8993
8763	20	6853
8763	20	6467
8763	20	8444
8763	17	6438
907	1	837
907	1	193
907	1	970
11648	22	9985
11648	22	9985
11648	22	10997
11648	22	10782
11648	22	9984
8469	20	5762
8469	20	5762
8469	20	5762
8469	20	5762
8469	20	5762
8469	20	5762
8469	20	5762
8469	20	5762
8469	20	5762
8469	17	6015
8469	17	6211
11256	22	10810
11256	22	10810
11256	22	10195
11256	22	10704
11256	22	10959
11256	22	11257
11256	22	9791
11256	22	10756
1525	6	884
1525	1	884
1525	6	29
1525	1	885
1525	1	885
1525	1	885
4652	17	6368
4652	14	4183
4652	17	6921
12493	22	10161
12493	22	10161
12493	22	5649
12493	22	9689
12493	22	9623
12493	22	9623
12493	22	5655
2677	9	2610
2677	9	2490
2677	15	4969
2677	9	2494
3090	17	5947
3090	17	5947
3090	17	5947
3090	17	7697
3090	11	3087
399	1	171
399	6	171
399	6	170
399	1	170
399	1	400
399	6	400
399	6	402
399	1	402
399	1	401
399	7	2230
399	7	2231
399	7	2231
399	1	405
399	1	404
399	7	2229
2979	17	6190
2979	17	5817
2979	17	7233
2979	17	5816
2979	17	6623
2979	17	5935
2979	17	5933
2979	17	6245
2979	10	2924
387	1	326
387	1	327
2803	14	3450
2803	14	3450
2803	9	2614
2803	11	3149
2803	11	3089
2803	11	3110
474	1	148
474	1	159
2191	14	3448
12134	22	10790
12134	22	10589
12134	22	2157
12134	22	2157
12134	22	9990
12134	22	9981
12134	22	10027
11037	22	10383
11037	22	10356
11037	22	10356
11037	22	10526
11037	22	10464
11037	22	9703
11037	22	9702
2072	6	28
2072	6	29
4246	14	3476
4246	17	5896
4246	17	6068
12381	22	9709
12381	22	9709
12381	22	9668
12381	22	9890
12381	22	2772
12381	22	9912
6517	17	6518
6517	17	6518
5153	15	4971
5153	15	4973
4627	14	3877
4627	14	3877
4627	14	3877
4627	14	3877
4627	14	3877
4627	14	3877
5727	17	6675
5727	17	7838
5727	17	5722
5727	20	5722
5727	20	7301
5727	17	7301
5727	17	7119
5727	17	8495
5727	17	8495
5727	17	8495
5727	17	8495
5727	17	6853
5727	17	6634
5727	17	6152
5727	17	7887
5727	17	6469
5727	17	7791
4639	14	3707
4639	14	3707
4639	19	828
11546	22	9597
11546	22	11189
11546	22	10938
2906	17	5863
2906	17	5862
2906	9	2520
2906	17	5860
745	1	747
745	1	746
6796	17	6800
6796	17	6800
6796	17	6800
6796	17	6800
6796	17	6800
6796	17	6803
6796	20	6803
6796	20	6803
6796	17	6803
6796	17	6799
6796	17	6799
6796	17	6799
6796	20	6804
6796	17	6804
6796	20	6804
6796	20	6804
6796	17	6804
6796	20	6804
6796	20	6804
6796	17	6802
6796	20	6802
6796	20	6802
6796	17	6801
6796	20	6801
6796	17	6801
6796	20	6801
6796	20	6801
6796	20	6801
6796	20	6801
6796	20	6801
6796	20	6801
6796	20	6801
6796	20	6801
6796	20	6801
6796	17	6801
6796	20	6801
6796	17	6801
6796	17	6801
6796	17	6801
6796	17	6201
6796	17	6798
6796	17	6798
6796	17	6798
6796	17	6798
6796	20	5440
6796	17	6240
6796	17	6240
6796	17	6240
6796	17	6240
6796	17	6240
6796	17	6240
6796	17	6240
6796	17	6240
6796	17	6797
6796	17	6797
6796	17	6202
6796	17	6202
8197	20	5762
8197	20	5762
8197	20	5762
8197	20	5762
8197	20	5762
8197	20	5762
8197	20	5762
8197	20	5762
8197	20	5762
8197	20	5762
8197	20	6192
8197	20	6192
8197	17	7787
8197	17	6211
8197	20	8705
10732	22	10733
10732	22	10735
10732	22	10270
11088	22	9992
11088	22	10974
11088	22	9859
11088	22	9756
11088	22	9756
11088	22	11064
11088	22	9636
6208	17	6209
6208	17	6211
6208	20	5762
598	21	9449
598	6	2019
598	6	30
598	6	2038
9449	21	9514
11016	22	9576
11016	22	9822
11016	22	9822
11016	22	10077
11016	22	10738
2470	17	7051
2470	17	7051
2470	17	7051
2470	20	7605
2470	20	7605
2470	20	7605
2470	17	7605
2470	20	7605
2470	20	7605
2470	20	7605
2470	20	7605
2470	20	7605
2470	17	7605
2470	20	9178
2470	17	7254
2470	17	7400
2470	20	7400
2470	20	7400
2470	20	7400
2470	20	7400
2470	17	7400
2470	20	7400
2470	17	7400
2470	20	7400
2470	20	7400
2470	20	7400
2470	20	6866
2470	17	6866
2470	17	7067
2470	17	7066
2470	17	8700
2470	20	8700
2470	20	7279
2470	20	7279
2470	20	8230
2470	8	2471
2470	17	8228
2470	20	7770
2470	20	6608
3989	14	3457
3989	14	3456
3989	14	3458
3989	14	3473
3989	14	3437
10199	22	10187
10199	22	10202
11608	22	11489
11608	22	9735
11608	22	10121
11608	22	9625
11608	22	10268
11608	22	10268
11608	22	10268
11608	22	5589
11602	22	11027
11602	22	10904
11602	22	10015
11602	22	10015
11602	22	10887
11602	22	11059
11602	22	11276
11602	22	10927
11602	22	11556
11602	22	11034
10690	22	10692
10690	22	10370
10690	22	10133
10690	22	10074
10690	22	9945
10690	22	10185
10690	22	10185
11521	22	9564
11521	22	11495
11521	22	11495
11521	22	5589
11521	22	9540
11521	22	9563
11521	22	10041
11521	22	5654
11521	22	9625
11521	22	9625
11521	22	9681
3206	14	4739
3206	14	4739
3206	14	4739
3206	14	4739
3206	14	3427
3206	14	3427
3206	12	2120
3206	12	2082
11697	22	10632
11697	22	9990
11697	22	9990
11697	22	10631
11697	22	10723
11697	22	9859
11697	22	10003
11697	22	9996
11697	22	9668
3722	14	3573
3722	14	3574
3722	14	3724
3722	14	3700
5758	20	6150
7992	20	7405
7992	17	7405
7992	20	8700
7992	20	7903
7992	20	6159
7992	17	7244
7992	20	6151
11774	22	9648
11774	22	9693
9801	22	9802
9801	22	9560
9801	22	9556
9801	22	9556
9496	21	9488
9496	21	9489
10773	22	9785
10773	22	10774
10773	22	10774
10773	22	10024
10773	22	9790
10773	22	9790
10773	22	10313
10773	22	9797
10773	22	9544
10773	22	9701
1877	20	7513
1877	17	7513
1877	20	7513
1877	20	7513
1877	20	7513
1877	20	7513
1877	20	7513
1877	20	7860
1877	17	7860
1877	20	7860
1877	20	7860
1877	20	5665
1877	20	5665
1877	20	5665
1877	17	5665
1877	20	5841
1877	17	5841
1877	20	5841
1877	20	5841
1877	20	7090
1877	20	7090
1877	17	7090
1877	17	7090
1877	20	7090
1877	4	1833
1877	20	7862
1877	20	6306
1877	20	6306
1877	20	6306
11024	22	9679
11024	22	9701
11024	22	9567
11024	22	9871
11024	22	9871
11024	22	10289
11024	22	10599
11024	22	10569
11024	22	10787
9082	17	6444
9082	17	8800
9082	17	8823
284	6	2008
284	6	2008
284	6	2055
284	1	285
284	6	285
284	1	190
284	1	189
284	6	2095
284	6	2045
284	13	3245
284	6	2040
2008	9	259
2008	15	4988
8584	17	5937
8584	17	8631
8584	17	6926
8584	17	7212
8584	17	6662
8584	17	7348
8584	17	5978
8584	17	8480
8584	17	8649
8584	17	8632
1889	4	1829
1889	10	2931
1889	10	3073
1889	23	2922
1889	4	1833
1889	9	2560
1889	23	2928
1889	10	3074
11205	22	10926
11205	22	10644
11205	22	10646
11205	22	10767
11205	22	10645
11205	22	9701
11205	22	10643
11205	22	10258
1893	17	6235
1893	20	7092
1893	20	7092
1893	20	7092
1893	20	7092
1893	20	7092
1893	20	7092
1893	17	7092
1893	20	7092
1893	20	7092
1893	20	7092
1893	20	7092
1893	20	7092
1893	20	7092
1893	20	7092
1893	20	7092
1893	20	7092
1893	20	7092
1893	20	7092
1893	20	7092
1893	17	6017
1893	17	6267
1893	23	2947
1893	12	2155
1893	23	3074
1893	17	6068
1893	17	6064
1893	4	1833
1893	17	2871
1893	17	6238
1893	17	6426
1893	17	6461
1893	17	6794
1893	17	5836
1893	17	5835
10846	22	9758
10846	22	10388
10846	22	9587
10846	22	9663
10846	22	9583
10846	22	10434
10846	22	10121
10846	22	9584
8006	17	5836
8006	17	5875
8006	23	2949
8006	17	6987
8006	17	6169
8006	17	6066
8006	17	7070
8006	17	6752
11563	22	9995
11563	22	9995
11563	22	9981
11563	22	10285
11563	22	9881
11563	22	9630
11563	22	9630
11563	22	11564
11563	22	9633
11563	22	9996
11563	22	9592
11127	22	10360
11127	22	10870
11127	22	10359
11127	22	9725
11127	22	9723
11067	22	10350
11067	22	9787
11067	22	9788
11067	22	10342
11067	22	10229
11067	22	10960
7411	17	7128
7411	17	7958
7411	17	6216
7411	17	5836
7411	17	6375
7411	17	8252
12369	22	10037
12369	22	10037
12369	22	9606
12369	22	9934
12369	22	9595
12369	22	9809
12369	22	9546
12369	22	10639
8065	17	6257
8065	20	6257
8065	20	6257
8065	20	6257
6779	20	6780
6779	20	6780
6779	17	6780
6779	20	6780
6779	20	6780
6779	20	6780
6779	20	6780
6779	20	6780
6779	20	6780
6779	20	6780
6779	20	6780
6779	20	6780
6779	20	6706
6779	20	6706
6779	20	6706
6779	20	6706
6779	20	6706
6779	17	6603
3211	12	2120
3211	12	2082
3211	14	4342
3211	14	3427
3211	14	3427
3211	14	3428
3211	14	3428
7497	20	6780
7497	20	6780
7497	20	6780
7497	20	6780
7497	20	6780
7497	20	6780
7497	20	6780
7497	20	6780
7497	20	6780
7497	17	7286
7497	17	7197
7497	17	6287
7828	17	7354
7828	20	7354
7828	20	7016
7828	17	7016
7828	17	7501
7828	20	7501
10898	22	9859
10898	22	9853
10898	22	9854
10898	22	9986
10898	22	9816
10898	22	5648
10898	22	5648
10898	22	9689
10898	22	9741
11481	22	6517
11481	22	9615
11481	22	10365
11481	22	9593
11481	22	9931
11481	22	9931
11481	22	9660
6053	17	8080
6053	17	8080
6053	20	8080
6053	20	8080
6053	20	8080
6053	20	8080
6053	20	8080
6053	20	8080
6053	20	8080
6053	20	8080
6053	20	8080
6053	17	8080
6053	20	8080
6053	20	8080
6053	20	8080
6053	20	8528
6053	17	8528
6053	20	8528
6053	20	8528
6053	20	8528
6053	20	8528
6053	20	8528
6053	17	8528
6053	20	8528
6053	20	8528
6053	20	8528
6053	17	8528
6053	20	8528
6053	17	8528
6053	20	8528
6053	20	8528
6053	20	8528
6053	20	8528
6053	20	8528
6053	17	8528
6053	20	8528
6053	20	8528
6053	17	8528
6053	17	6054
6053	20	6054
6053	20	6054
6053	20	6054
6053	20	6054
6053	20	6054
6053	17	6054
6053	20	6054
6053	20	6054
6053	20	6054
6053	17	6054
6053	20	6054
6053	17	6054
6053	20	6054
6053	20	6054
6053	20	6054
6053	20	6054
6053	17	6054
6053	20	6054
6053	17	6054
6053	20	6054
6053	20	8096
6053	20	8096
6053	17	8096
6053	17	8096
6053	20	8096
6053	20	8096
6053	20	8096
6053	20	8096
6053	17	8096
6053	20	8096
6053	17	8096
6053	20	8096
6053	20	8096
6053	20	8096
6053	20	8096
6053	20	8096
6053	20	8096
6053	20	8096
6053	17	8096
6053	17	8096
6053	17	8096
6053	20	8096
6053	20	8096
6053	20	8096
6053	20	8096
6053	20	8096
6053	20	8079
6053	20	8079
6053	20	8079
6053	20	8079
6053	17	8079
6053	17	8079
6053	20	8079
6053	20	8079
6053	20	8079
6053	20	8079
6053	20	8079
6053	20	8079
6053	20	8079
6053	17	8079
6053	20	8079
6053	20	8079
6053	20	8099
6053	20	8099
6053	20	8099
6053	17	8099
6053	20	8099
6053	20	8099
6053	20	8099
6053	20	8099
6053	20	8099
6053	20	8099
6053	20	9002
6053	20	9002
6053	20	9002
6053	17	9002
6053	20	9002
6053	20	9002
6053	17	9002
6053	20	9002
6053	17	9002
6053	17	9002
6053	20	9002
6053	20	9002
6053	20	9002
6053	17	9002
6053	20	9002
6053	20	9002
6053	20	9002
6053	20	9002
6053	20	9002
6053	20	9002
6053	20	9002
6053	20	9010
6053	20	9010
6053	20	9010
6053	20	9010
6053	20	9010
6053	20	9010
6053	20	9010
6053	20	9010
6053	20	9010
6053	20	9010
6053	20	9010
6053	17	9010
6053	20	9010
12190	22	9912
12190	22	9911
12190	22	9911
12190	22	10650
12190	22	10650
12190	22	11136
12190	22	10652
12190	22	10770
11892	22	10522
11892	22	9787
11892	22	10608
11892	22	10608
11892	22	10608
11892	22	9744
11892	22	9744
11892	22	9744
11892	22	9744
11892	22	9744
11892	22	9744
11892	22	10340
11892	22	11257
11892	22	9918
11892	22	9785
11892	22	10509
11892	22	10289
11892	22	9766
8281	17	5762
8281	20	5762
8281	20	5762
8281	20	5762
8281	20	5762
8281	20	5762
8281	20	5762
8779	17	5836
8779	17	6375
8779	17	6288
8779	17	7508
8779	17	6376
8779	17	6780
8779	23	2989
1898	4	1899
1898	23	2997
11915	22	10101
11915	22	10101
11915	22	10431
11915	22	10224
11915	22	9668
11915	22	9668
11915	22	9639
11915	22	9639
11915	22	9994
11915	22	10910
11915	22	10588
4763	14	3454
4763	14	3458
4763	14	3457
4763	14	3473
4763	14	3455
4763	14	3592
4763	14	3437
4763	14	3456
12020	22	11142
12020	22	10370
12020	22	10370
12020	22	9884
12020	22	9884
12020	22	9833
12020	22	11643
12020	22	11643
12020	22	10453
12020	22	9808
8674	20	7568
8674	17	7568
8674	20	7568
8674	20	7918
8674	20	9199
8674	20	9199
8674	20	8676
8674	17	8676
8674	20	8676
8674	20	8676
8674	17	8675
8674	20	8675
8674	20	8675
8674	20	8675
8674	20	8675
8674	17	8675
8674	17	8675
8674	20	8675
8674	20	8675
8674	17	8675
8674	20	6626
8674	17	6626
8674	20	6039
8674	20	6039
8674	20	5626
8674	20	5446
8674	20	6326
3198	12	170
3198	12	3199
7493	17	6943
7493	17	7495
7493	17	7242
7493	17	5868
7493	17	7494
7493	17	7241
7493	17	6520
7493	17	6942
7493	17	6952
7493	17	7226
11698	22	10362
11698	22	10834
11698	22	10720
8753	20	6780
8753	20	6780
8753	17	6780
8753	20	6706
8753	20	6706
8753	20	6706
8753	20	6706
8753	17	6287
8753	17	6288
12146	22	10121
12146	22	10348
12146	22	10348
12146	22	9799
12146	22	9766
12146	22	9766
12146	22	10403
12146	22	10403
12146	22	10122
12146	22	10774
12146	22	9752
5840	20	7513
5840	20	7513
5840	20	7513
5840	20	7513
5840	20	7513
5840	20	7513
5840	20	7513
5840	20	7513
5840	20	7513
5840	20	7513
5840	20	7513
5840	20	7513
5840	20	7513
5840	20	7513
5840	20	7513
5840	20	5665
5840	20	5665
5840	20	5665
5840	20	5665
5840	20	6306
5840	20	6306
5840	20	6306
5840	20	9165
5840	20	7862
5840	20	6983
5840	17	5841
5840	20	5841
5840	20	5841
5840	20	5841
5840	20	7860
5840	20	9109
5840	17	5842
10425	22	9567
10425	22	10288
10425	22	10288
10425	22	10288
10425	22	10426
11594	22	9732
11594	22	10256
11594	22	10256
11594	22	9709
11594	22	9825
11594	22	10050
11594	22	9728
11594	22	9950
11594	22	9669
7167	17	7168
7167	20	7092
7167	20	7092
7167	20	7092
7167	17	6465
10503	22	9708
10503	22	10505
10503	22	10505
10503	22	10504
10503	22	10128
10503	22	10128
10503	22	9781
10503	22	9684
10503	22	10040
10503	22	9779
5071	15	4973
5071	15	4971
673	1	163
673	15	4973
673	1	948
9308	20	5762
9308	20	5762
9308	20	5762
9308	20	5762
9308	20	5762
9308	20	5762
12249	22	10356
12249	22	11606
12249	22	9672
12249	22	9672
12249	22	9672
12249	22	9672
12249	22	10656
12249	22	10313
12249	22	9702
12249	22	10024
12249	22	10383
12290	22	9990
12290	22	10285
12290	22	9833
12290	22	11525
12290	22	11525
12290	22	10092
12290	22	9996
12290	22	11489
12290	22	10956
12290	22	11832
12290	22	10746
8579	20	5984
8579	20	5984
8579	20	5984
8579	20	8769
8579	20	6362
8579	20	6362
8579	17	6362
8579	20	6362
8579	20	6363
8579	20	6363
8579	17	6363
8579	20	6363
8579	20	7680
8579	20	8295
8579	17	8580
8579	20	8580
8579	20	8580
11884	22	11383
11884	22	11383
11884	22	10173
11884	22	10173
11884	22	10173
11884	22	10377
11884	22	10376
11961	22	10116
11961	22	10022
11961	22	10022
11961	22	9964
11961	22	9964
11961	22	11662
11961	22	10997
11961	22	9961
11961	22	9952
11252	22	9562
11252	22	9698
11252	22	9543
11252	22	10142
11252	22	10277
11252	22	10278
11252	22	10143
9413	20	7092
9413	20	7092
9413	20	7092
9413	20	7092
9413	20	7092
12499	22	11092
12499	22	11092
12499	22	10637
12499	22	10637
12499	22	12500
12499	22	12500
12499	22	10179
12499	22	10179
12499	22	10810
1779	3	1778
1779	3	1776
9247	20	9248
9247	20	9248
9247	20	9248
9247	20	9248
3769	14	3752
3769	14	3496
6792	17	5836
6792	20	6780
6792	20	6780
6792	20	6780
6792	20	6780
6792	17	6706
4586	17	5935
4586	17	5818
4586	21	9443
4586	14	4587
4586	14	4587
4586	14	3475
4586	17	5816
4586	17	5817
5395	20	9185
5395	20	5370
5395	20	5370
5395	20	5370
5395	20	5370
5395	17	5370
5395	20	5370
12437	22	9576
12437	22	9583
12437	22	9584
12437	22	9584
12437	22	9663
12437	22	10733
11363	22	10538
11363	22	10538
11363	22	2772
11363	22	2772
11363	22	9806
11363	22	9561
11363	22	10398
11363	22	9759
11363	22	10302
11363	22	10018
8708	17	6011
8708	17	6011
8708	17	6011
8708	17	6011
8708	17	7697
8708	17	7697
8708	17	7697
8708	17	5947
8708	17	5947
8708	17	5947
8708	17	5947
8708	17	5947
8708	17	5947
8708	17	5947
8708	17	7026
8708	17	8422
8708	17	6120
8708	17	8358
8708	17	6304
8708	17	6003
12452	22	9734
12452	22	9734
12452	22	9834
12452	22	9735
12452	22	9623
12452	22	10209
12452	22	9625
9014	17	6287
9014	17	6284
9014	17	6412
9014	17	6288
7575	20	6764
7575	17	6984
7575	20	5841
7575	17	5841
7575	20	6763
7575	20	7862
11880	22	9550
11880	22	10302
11880	22	10770
11880	22	9866
11880	22	9866
11880	22	9758
11880	22	10463
4911	14	3781
4911	14	4117
4801	14	3455
4801	14	3473
4801	14	3437
4801	14	3457
4801	14	3457
4801	14	3472
4801	14	3458
4801	14	3454
4801	14	3456
10579	22	9898
10579	22	9898
10579	22	10580
10579	22	10581
8024	20	6763
8024	20	6763
8024	20	9165
8024	17	6341
8024	20	6306
8024	20	5665
8024	20	5665
8024	20	7513
8024	20	7513
8024	20	7513
8024	20	7513
8024	20	7513
8024	20	6963
8024	20	6963
8024	20	6963
8024	20	5841
8024	20	5841
8024	20	7862
12285	22	10283
12285	22	9630
12285	22	10350
943	1	865
943	1	866
7491	20	6706
7491	20	6706
7491	20	6706
7491	20	6706
7491	20	6706
7491	20	6706
7491	20	6706
7491	20	6706
7491	20	6706
7491	20	6706
7491	20	6706
7491	20	6706
7491	20	6706
7491	17	7492
8232	17	7051
8232	20	7605
8232	20	7150
8232	20	6256
8232	20	5596
8232	17	5596
8232	20	7444
8232	20	8233
8232	17	8233
8232	20	7400
11731	22	10166
11731	22	10092
11731	22	9964
11731	22	10890
11731	22	10890
11731	22	10165
11731	22	10741
11731	22	5478
8789	20	6706
8789	17	6706
8789	20	7092
8789	20	7092
8789	20	7092
8789	20	7092
2466	14	4734
6982	20	6763
6982	20	9109
6982	20	9219
6982	20	9182
6982	20	9182
6982	20	7862
6982	20	7862
6982	17	6983
6982	20	6983
6982	17	6342
6982	17	6985
6982	17	6984
6982	20	7860
6982	20	7513
6982	20	5665
6982	20	5841
2301	8	2302
2301	23	2951
2301	23	12535
2302	8	2301
2302	8	2431
11673	22	10639
11673	22	5651
11673	22	10504
3155	14	4234
3155	14	3450
3155	17	7381
3155	11	3085
3155	14	4274
9116	20	6099
9116	17	6099
5962	20	5971
5962	17	5971
5962	17	5971
5962	17	5971
5962	20	5971
5962	17	5971
5962	20	5971
5962	17	5971
5962	17	5971
5962	17	5971
5962	17	5971
5962	20	5971
5962	17	5971
5962	17	5964
5962	20	5964
5962	20	5964
5962	17	5964
5962	20	5964
5962	20	5964
5962	17	5964
5962	20	5964
5962	20	5964
5962	20	5964
5962	20	5964
5962	20	5964
5962	20	5964
5962	17	5964
5962	17	5964
5962	17	5964
5962	20	5964
5962	20	5964
5962	20	5964
5962	20	5964
5962	20	5964
5962	20	5964
5962	20	5964
5962	17	5964
5962	17	5964
5962	20	5964
5962	17	5964
5962	20	5964
5962	17	5964
5962	20	5964
5962	20	5964
5962	20	5964
5962	20	5973
5962	20	5973
5962	20	5973
5962	17	5973
5962	20	5973
5962	17	5973
5962	20	5973
5962	17	5973
5962	17	5973
5962	20	5973
5962	20	5973
5962	20	5973
5962	17	5973
5962	20	8616
5962	20	8616
5962	20	8616
5962	20	8616
5962	20	8616
5962	20	8616
5962	20	8616
5962	20	8616
5962	20	8616
5962	20	8616
5962	20	8616
5962	20	8616
5962	17	5968
5962	20	5968
5962	20	9169
5962	20	9170
5962	20	6396
5962	20	5970
5962	17	5970
5962	20	5970
5962	20	5970
5962	20	5970
5962	20	5970
5962	20	5970
5962	20	5967
5962	20	5967
5962	20	5967
5962	20	5967
5962	17	5967
5962	20	5967
5962	20	5967
5962	17	5967
5962	20	5967
5962	20	5967
5962	20	5967
5962	20	6668
5962	20	6668
5962	20	6668
5962	17	5969
5962	17	5969
5962	20	5969
5962	20	5969
5962	17	5972
5962	17	5963
5962	20	5963
2233	14	3481
2233	17	6213
11312	22	10415
11312	22	9701
11312	22	9973
11312	22	10445
11312	22	10243
11312	22	10960
8516	20	5762
8516	20	5762
8516	20	5762
8516	20	5762
8516	23	2981
8516	17	6844
8516	17	6207
8516	19	2048
8516	17	7477
8516	17	8517
8516	17	6582
11931	22	9790
11931	22	10403
11931	22	9788
11931	22	9663
11931	22	9663
11931	22	9663
11931	22	9573
11931	22	9787
11931	22	9787
11931	22	10289
11931	22	10289
11931	22	10289
11931	22	9789
11931	22	9842
11931	22	10229
7823	20	7919
7823	20	8328
8258	20	8269
8258	20	8269
8258	17	8269
8258	17	8262
8258	20	8262
8258	20	8262
8258	20	8262
8258	20	8262
8258	17	8262
8258	20	8262
8258	17	8262
8258	20	8262
8258	20	8268
8258	20	8268
8258	17	8268
8258	20	8268
8258	20	6038
8258	20	6038
8258	17	6038
8258	20	6038
8258	20	6038
8258	20	6722
8258	20	6722
8258	20	6626
8258	20	6626
8258	20	9200
8258	20	9200
8258	20	9200
8258	20	9200
8258	20	8260
8258	17	8260
8258	20	8264
8258	20	8264
8258	17	8264
8258	20	8264
8258	20	8264
8258	17	8264
8258	20	8264
8258	17	8261
8258	20	8261
8258	20	7872
8258	20	5921
8258	20	5921
8258	20	5921
8258	20	9199
8258	20	9199
8258	20	5923
8258	20	5923
8258	20	8266
8258	20	8266
8258	17	8266
8258	20	7474
8258	17	5924
8258	20	6326
8258	20	9231
8258	20	6039
12165	22	10299
12165	22	10299
12165	22	10299
12165	22	9944
12165	22	9944
12165	22	9944
12165	22	11442
12165	22	10545
12165	22	9798
12165	22	5589
7766	20	7770
7766	17	7770
7766	17	7342
7766	20	7342
7766	20	7282
7766	17	7244
7766	17	7769
7766	20	8115
7766	20	7343
7766	20	7903
7766	17	7767
7766	20	7767
11527	22	9996
11527	22	9592
11527	22	9592
11527	22	9630
11527	22	10956
6587	22	10041
6587	22	10583
6587	22	10805
6587	22	10258
6587	22	9926
6587	22	10252
8394	22	9701
8394	22	9685
8394	22	9543
8394	22	9840
8394	17	6143
8394	22	9568
12395	22	10528
12395	22	2772
12395	22	5470
12395	22	10522
12395	22	10524
12395	22	10516
7748	17	5988
7748	17	7467
7748	17	7749
7748	17	6840
4799	14	3456
4799	14	3457
4799	14	3437
4799	14	3473
4799	14	3458
12172	22	9990
12172	22	9630
12172	22	9756
8292	17	7159
8292	17	7159
8292	17	5762
2710	9	2612
2710	9	2480
2710	9	2686
4813	14	3458
4813	14	3454
4813	14	3605
4813	14	3457
4813	14	3456
4813	14	3455
4813	14	3437
4879	14	4011
4879	17	5833
4663	14	3496
4663	14	3496
4663	14	4034
7931	17	6198
7931	17	6198
7931	17	7932
7931	20	7932
7931	17	5939
7931	17	5939
6227	17	5815
6227	20	9208
6227	20	9208
621	1	122
621	1	123
3621	14	3437
3621	14	3437
3621	14	3602
3621	14	3573
3621	14	3481
7061	17	6039
7061	17	6326
798	1	1005
798	1	1503
798	1	591
798	1	591
798	1	1004
798	1	589
2112	6	170
2112	6	400
12069	22	9888
12069	22	10713
12069	22	9710
12069	22	9710
12069	22	9669
12069	22	10942
12069	22	10750
12069	22	10715
12069	22	10932
12069	22	9713
12069	22	9713
4177	14	3733
4177	14	3734
3232	12	2060
3232	12	26
3232	12	29
3232	14	4155
11046	22	9558
11046	22	5590
11046	22	9554
10550	22	9785
10550	22	9744
10550	22	9744
10550	22	9740
10550	22	10273
10550	22	9784
10550	22	9767
10550	22	5649
2761	17	6758
2761	9	2517
11962	22	9732
11962	22	9669
11962	22	9570
11962	22	9728
11962	22	9707
11962	22	9829
11962	22	10073
12159	22	10632
12159	22	9833
12159	22	2157
12159	22	9996
12159	22	10633
12159	22	9881
12159	22	9992
12159	22	10723
11706	22	10159
11706	22	9599
11706	22	9780
11706	22	9810
1047	1	210
1047	1	148
11749	22	9949
11749	22	10153
11749	22	9826
11749	22	10395
11749	22	9669
11749	22	9973
11749	22	11116
11749	22	10157
10877	22	9725
10877	22	10284
10877	22	10131
10877	22	5655
10877	22	9724
10877	22	9991
10877	22	10107
10877	22	2157
1912	7	2180
1912	7	2180
1912	6	2050
1912	6	405
1912	6	171
1912	6	2179
1912	6	2179
1912	7	2181
1912	7	2181
1912	5	1914
1912	6	170
1912	6	170
1912	15	5024
1912	15	4977
1912	6	402
1912	6	259
11188	22	9600
11188	22	9593
11188	22	9873
11188	22	10371
11188	22	9589
11188	22	11189
11188	22	9615
11765	22	10904
11765	22	9831
11765	22	10111
11765	22	9829
11765	22	9728
6944	17	6947
6944	17	6946
6944	17	6945
6944	17	5868
12432	22	9808
12432	22	10417
12432	22	9653
12432	22	9653
12432	22	9712
12432	22	9712
12432	22	9749
10653	22	10657
10653	22	10373
10653	22	10654
10653	22	5478
10653	22	10655
10653	22	9804
10653	22	10656
12252	22	10449
12252	22	10373
12252	22	10252
12252	22	11059
12252	22	9829
2071	6	28
2071	6	32
2071	6	332
2071	6	31
2071	6	29
2071	6	26
2071	6	30
12067	22	9709
12067	22	9709
12067	22	9543
12067	22	10092
12067	22	9964
12067	22	10656
3113	14	3491
3113	14	3509
3113	17	5975
3113	14	3793
10176	22	5651
10176	22	9985
10176	22	10179
10176	22	9791
11645	22	10187
11645	22	10159
11645	22	10159
12492	22	9562
12492	22	10633
12492	22	10027
12492	22	9592
12492	22	9592
12492	22	10450
12492	22	11840
12492	22	9988
12492	22	10632
12492	22	9631
12492	22	11814
6100	23	12553
6100	23	12553
6100	17	6101
11609	22	10370
11609	22	9809
11609	22	9808
11609	22	9808
11609	22	9653
11609	22	10133
11609	22	9777
12038	22	9884
12038	22	9840
12038	22	10065
12038	22	5584
12038	22	9712
12038	22	10025
12309	22	9668
12309	22	9668
12309	22	9636
8372	17	5806
8372	17	5806
8372	20	9165
12487	22	9574
12487	22	9574
12487	22	10723
12487	22	10631
12487	22	10101
12487	22	10630
12487	22	10028
12487	22	10724
11464	22	10526
11464	22	10526
11464	22	10526
11464	22	10313
11464	22	10452
11464	22	10452
11890	22	10778
11890	22	10778
11890	22	5584
11890	22	9874
11890	22	9874
11890	22	9874
11890	22	9926
11890	22	10763
11890	22	9750
6250	17	6682
6250	17	5981
6250	17	5941
6250	17	5931
11729	22	9688
11729	22	9931
11729	22	10605
11729	22	5656
11729	22	9668
11056	22	9689
11056	22	9577
11056	22	9931
11056	22	10763
12276	22	9723
12276	22	9723
12276	22	10709
12276	22	9984
12276	22	10029
12276	22	9725
12276	22	11092
12276	22	10104
3903	14	3694
3903	14	3693
7547	20	6600
7547	20	6600
7547	20	6600
7547	20	6670
7547	20	6670
7547	17	6670
7547	17	6670
7547	17	6670
7547	20	6670
7547	20	6670
7547	20	6670
7547	20	6671
7547	20	6671
7547	20	6671
7547	20	6671
7547	20	6671
7547	20	6671
7547	20	6675
7547	20	6675
7547	17	6675
7547	17	6675
7547	20	6675
7547	17	6675
7547	20	6675
7547	20	6675
7547	20	6675
7547	20	5847
7547	20	5847
7547	20	5847
7547	20	5847
7547	17	5972
7547	17	7637
7547	20	7637
7547	20	7637
7547	20	7637
7547	17	6665
7547	20	6665
7547	20	6668
7547	20	6668
7547	20	6668
7547	20	9176
7547	20	8616
7547	20	8616
3243	17	5909
3243	17	5678
3243	17	5902
3243	17	5908
3243	17	5906
3243	17	5906
3243	17	5906
3243	17	5906
3243	17	5904
3243	17	5904
3243	17	5901
3243	17	5901
3243	17	5901
3243	17	5900
3243	17	5905
3243	12	2012
3243	17	5907
3243	22	5648
3243	19	1918
3243	17	5493
3243	22	9540
8238	17	5975
8238	17	5867
8587	17	6800
8587	17	6800
8587	17	6800
8587	17	6800
8587	17	6800
8587	17	6800
8587	17	6800
8587	17	6800
8587	17	6240
8587	17	6240
8587	17	6240
8587	17	6240
8587	17	6240
8587	17	6240
8587	17	6240
8587	17	6240
8587	17	6240
8587	17	6240
8587	20	6804
8587	20	6804
8587	17	6798
8587	17	6798
8587	17	6797
8587	17	6797
8587	17	6797
8587	17	6202
8587	17	8212
8587	17	6201
1104	1	815
1104	1	1001
1338	1	1210
1338	1	129
1338	1	129
7853	17	7020
7853	17	6603
7853	17	7058
7853	17	7848
7853	17	6262
7853	17	5821
8650	17	6514
8650	17	8642
3203	17	6262
3203	17	6603
3203	17	6188
3203	17	6714
3203	17	5821
3203	17	6606
3203	17	6708
3203	17	6596
3203	17	6410
3203	17	6709
3203	17	6408
3203	17	6296
3203	12	2155
3203	17	6712
3203	17	6635
3203	17	5838
3203	17	6706
3203	17	6713
3203	17	6711
3203	17	6707
8871	17	8248
8871	17	6813
8871	17	6809
8871	17	6115
8871	17	6008
8871	17	5916
7266	17	7226
7266	17	7028
7266	17	7267
7266	17	7268
7266	17	7140
3944	14	3696
3944	14	3696
3944	14	3901
3190	14	3429
3190	12	2082
3190	14	4363
3190	12	2083
3190	12	2084
3190	14	4350
3190	14	3427
3190	12	2120
268	9	2495
268	9	2601
268	15	4969
268	9	2490
268	9	2494
11607	22	9689
11607	22	10210
11607	22	10210
11607	22	10133
11607	22	9592
11607	22	9540
11607	22	9739
11607	22	9816
11607	22	5651
11607	22	5654
6613	17	6615
6613	17	6614
6613	17	6616
1861	19	3327
1861	20	9203
1861	11	3118
1861	11	3118
1861	11	3118
1861	14	3415
1861	4	1862
1861	14	3922
1861	17	6385
1861	11	3098
1861	11	3164
3327	13	3252
8395	17	8396
8395	17	7161
5314	15	5022
5314	15	5022
5314	15	5021
3349	13	3255
3349	13	3269
25	1	26
25	6	26
25	0	26
25	1	33
25	0	33
25	0	32
25	6	32
25	15	5024
25	6	332
25	1	28
25	0	28
25	6	28
25	15	4990
25	6	30
25	0	30
25	6	31
25	0	31
25	1	27
25	0	27
25	0	29
25	6	29
11234	22	10510
11234	22	10959
11234	22	9767
11234	22	10373
11234	22	10608
11234	22	9752
11234	22	9917
6663	17	6672
6663	20	6672
6663	20	6672
6663	20	6665
6663	17	6665
6663	20	6665
6663	20	6665
6663	20	6665
6663	20	6665
6663	20	6665
6663	20	6665
6663	20	6680
6663	20	6680
6663	20	6680
6663	17	6680
6663	20	6680
6663	20	6680
6663	17	6680
6663	17	6680
6663	20	6680
6663	20	6680
6663	20	6666
6663	20	6666
6663	20	6666
6663	20	6666
6663	20	6666
6663	20	6666
6663	17	6666
6663	17	6679
6663	20	6679
6663	20	6679
6663	20	6679
6663	17	6679
6663	20	6679
6663	20	6679
6663	17	6679
6663	20	6679
6663	20	6679
6663	20	6678
6663	17	6678
6663	20	6678
6663	20	6678
6663	20	6678
6663	20	6678
6663	20	6678
6663	17	6678
6663	20	6678
6663	20	6675
6663	20	6675
6663	20	6675
6663	20	6675
6663	20	6675
6663	17	6675
6663	20	9193
6663	20	9193
6663	20	9193
6663	20	9204
6663	20	9204
6663	20	9204
6663	20	9204
6663	20	6676
6663	20	6676
6663	20	6676
6663	17	6676
6663	20	6676
6663	20	6676
6663	17	6676
6663	20	6676
6663	20	6676
6663	20	6681
6663	17	6681
6663	20	6681
6663	20	6681
6663	20	6670
6663	20	6670
6663	20	6670
6663	17	6670
6663	20	6670
6663	17	6670
6663	20	6670
6663	17	6670
6663	20	6670
6663	20	6668
6663	20	6668
6663	20	6668
6663	20	6668
6663	20	6668
6663	17	6668
6663	17	6668
6663	17	6671
6663	20	6671
6663	20	6671
6663	20	6671
6663	20	6671
6663	20	6671
6663	20	6671
6663	17	6671
6663	20	6671
6663	20	5847
6663	17	5847
6663	20	5847
6663	17	5847
6663	20	5847
6663	20	5847
6663	20	5847
6663	20	5847
6663	20	5847
6663	20	9177
6663	20	9177
6663	20	9177
6663	20	7637
6663	20	7637
6663	20	9206
6663	20	9206
6663	20	9206
6663	20	9206
6663	20	5968
6663	17	5968
6663	20	9176
6663	20	9176
6663	20	9176
6663	20	6600
6663	17	5972
6663	17	5972
3159	17	6011
3159	17	6011
3159	17	6011
3159	17	5947
3159	17	5947
3159	17	5947
3159	17	5947
3159	17	5947
3159	17	5947
3159	17	7697
3159	17	7697
3159	17	7697
3159	17	6426
3159	17	7026
3159	17	7696
3159	23	3012
3159	17	6003
3159	11	3087
1592	6	29
1592	6	29
1592	6	2145
1592	1	299
1592	6	30
1592	6	2029
1592	6	592
6995	17	5948
6995	17	5948
6995	17	5948
6995	17	5948
6995	17	5948
6995	17	6304
6995	17	5947
6995	17	5947
6995	17	5947
6995	17	5947
6995	17	5947
6995	17	5947
6995	17	5947
6995	17	6003
6995	17	6996
6995	17	5950
6995	17	5950
6995	17	5953
6995	17	6997
6995	17	6601
6995	17	6601
3678	14	3513
3678	14	3504
3678	14	3544
3678	14	3512
3678	14	3437
11935	22	9593
11935	22	9615
11935	22	10183
11935	22	10365
5828	17	6175
5828	17	6782
5828	17	5829
5828	17	6224
5828	17	6556
12272	22	10311
12272	22	10307
12272	22	9812
6831	17	6287
6831	20	7092
6831	17	6832
6831	17	6780
6831	20	6780
6831	20	6780
6831	20	6780
6831	17	6833
12324	22	10650
12324	22	10321
12324	22	10321
12324	22	9959
3859	14	3861
3859	14	3860
11963	22	10724
11963	22	9994
11963	22	10029
11963	22	10633
11963	22	9988
11963	22	10632
11963	22	10723
11963	22	9574
11963	22	10631
11963	22	9756
2629	17	5872
2629	9	2520
11409	22	10959
11409	22	10350
11409	22	10350
11409	22	10350
11409	22	9767
11409	22	9918
11409	22	9787
11409	22	9787
11409	22	9916
11409	22	10339
11409	22	10349
11752	22	5477
11752	22	10742
11752	22	10741
11752	22	10115
11752	22	9952
11752	22	10153
11752	22	10141
11752	22	10289
10144	22	5585
10144	22	9590
10144	22	10146
10144	22	9735
4633	14	4123
4633	14	3902
11393	22	9859
11393	22	9556
11393	22	5590
11393	22	9564
11008	22	9797
11008	22	10808
11008	22	10808
11008	22	9866
11008	22	9934
12099	22	10045
12099	22	10044
12099	22	9727
12099	22	9708
12099	22	10041
5610	20	8233
5610	17	6766
10570	22	9643
10570	22	9643
10570	22	9641
10570	22	9641
10570	22	10571
10570	22	9648
10570	22	9693
10570	22	10572
12016	22	9630
12016	22	9630
12016	22	9574
12016	22	9574
12016	22	9574
12016	22	10956
12016	22	11832
12124	22	9959
12124	22	10161
12124	22	10950
12124	22	9560
12124	22	9590
12124	22	9551
12124	22	9743
11946	22	10812
11946	22	10812
11946	22	10627
11946	22	10813
11946	22	10628
11946	22	10628
11946	22	11012
11946	22	9792
1033	1	1035
1033	1	1034
1160	1	1142
1160	1	1161
1160	1	953
9211	20	6706
9211	20	6706
9211	20	6780
9211	20	6780
10443	22	10024
10443	22	10024
10443	22	10142
10443	22	10143
10443	22	9959
10443	22	9740
10443	22	9740
10443	22	9592
10443	22	10277
10443	22	10278
7744	17	6549
7744	17	7599
11981	22	10128
11981	22	10128
11981	22	9562
11981	22	9837
11981	22	9959
11981	22	9781
3242	23	3072
3242	23	3045
3242	12	2009
3242	23	12525
3242	12	115
11747	22	9789
11747	22	9789
11747	22	9789
11747	22	9562
11747	22	9562
11747	22	9785
11747	22	5649
11747	22	5649
11747	22	9794
34	1	35
34	0	35
9069	17	5982
9069	17	5982
9069	17	7861
9069	17	8765
9069	17	7090
9069	17	7090
9069	17	6764
9069	17	6764
9069	17	6341
851	1	681
851	1	679
8687	17	6120
8687	17	7026
1475	1	336
1475	1	155
7450	20	7092
7450	20	7092
7450	17	7451
7450	17	6566
4387	14	3473
4387	14	3437
4387	14	3458
2572	14	3431
2572	14	3431
2572	14	3431
2572	14	3431
2572	14	3431
2572	14	3431
2572	14	3431
2572	14	3431
2572	14	3431
2572	14	3431
2572	17	6366
2572	23	12504
2572	9	2476
11912	22	10349
11912	22	10349
11912	22	10349
11912	22	9766
11912	22	9790
11912	22	9790
11912	22	10229
11912	22	10229
11912	22	10337
11912	22	10959
11912	22	10122
11912	22	9744
11912	22	10673
11407	22	9766
11407	22	10261
11407	22	10261
11407	22	10230
11407	22	10826
11407	22	10708
11407	22	10472
11407	22	10619
11407	22	10959
11407	22	10959
1451	1	1452
1451	1	1450
11940	22	10224
11940	22	10431
11940	22	10578
11940	22	10572
11940	22	10430
7800	17	7471
7800	20	7471
7800	20	7471
7800	20	6180
7800	20	9301
7800	17	6826
7800	20	7805
7800	17	7805
7800	17	7805
7800	20	7805
7800	20	7805
7800	17	7805
7800	20	7918
7800	20	7770
7800	20	6393
7800	20	6393
7800	20	6393
7800	20	7801
7800	17	7801
7800	17	6156
7800	20	7803
7800	17	7803
7800	17	7769
7800	20	7808
7800	17	7808
7800	20	6825
7800	17	6825
7800	20	7807
7800	17	7807
7800	20	7807
7800	20	9273
7800	17	5983
7800	20	5983
7800	20	8328
7800	20	8328
7800	17	6148
7800	20	6148
7800	17	6827
7800	17	6198
7800	20	5848
7800	17	6153
7800	20	7478
7634	17	5835
7634	17	7323
7634	17	6795
7634	17	6067
12545	23	2952
12545	23	2951
9011	17	7064
9011	17	6331
9011	17	8432
9011	20	7092
9011	17	5836
9011	17	6639
7944	17	5829
7944	17	8625
7944	17	6752
7944	17	6288
7944	17	6175
7944	17	6556
7849	20	6122
7849	20	6385
7849	20	6386
7849	20	9190
7849	20	6387
7849	20	7646
7849	20	7939
9167	20	5762
9167	20	5762
8454	22	10253
8454	22	10253
8454	22	10253
8454	22	10093
8454	22	10256
8454	22	10252
8454	22	10257
8454	22	10255
8454	22	10258
8454	22	9926
8454	22	10032
8454	22	9614
1282	1	1210
1282	1	129
1282	1	129
11968	22	9834
11968	22	9834
11968	22	9625
11968	22	9540
11968	22	10105
11968	22	10210
11968	22	10210
11968	22	9816
11968	22	5648
3209	14	3985
3209	14	3985
3209	14	4174
3209	12	30
3209	17	6012
3209	12	2027
3209	14	3444
3209	14	4053
3209	14	4171
3053	10	3054
3053	17	5950
3053	17	5950
3053	17	6601
3053	17	6601
3053	17	5947
3053	17	5947
3053	11	3087
3053	17	7084
1304	1	411
1304	1	750
8689	17	8690
8689	17	8690
8689	17	8177
8689	17	8177
8689	17	8175
8689	17	6020
11516	22	10572
11516	22	10572
11516	22	9693
11516	22	10422
11516	22	10387
11516	22	9648
11516	22	9647
11516	22	10730
12009	22	9865
12009	22	9865
12009	22	10303
12009	22	11352
12009	22	10520
12009	22	11903
12009	22	10471
12009	22	10260
12009	22	10299
1333	1	1210
1333	1	129
1333	1	129
11827	22	10092
11827	22	10079
11827	22	10166
11827	22	5654
11827	22	10289
11827	22	10098
313	1	148
313	1	241
7950	20	8103
7950	20	8103
7950	20	8890
7950	20	8890
7950	17	8890
7950	17	5804
11114	22	9653
11114	22	9557
11114	22	9590
11114	22	9556
7710	17	7711
7710	20	7711
7710	20	7711
1043	1	125
1043	1	125
1043	1	126
12268	22	10100
12268	22	9613
12268	22	10334
12268	22	9777
11913	22	10826
11913	22	10826
11913	22	10827
11913	22	9783
11913	22	9791
11913	22	9766
11913	22	9787
11913	22	9685
5361	15	4971
5361	15	4973
11501	22	9583
11501	22	9580
11501	22	9584
11501	22	10442
12193	22	9550
12193	22	10518
12193	22	9889
12193	22	9707
12193	22	10654
12193	22	10654
12193	22	10681
12193	22	10417
11614	22	10483
11614	22	9800
11614	22	10482
11614	22	10240
11614	22	9807
11614	22	10093
5501	22	9766
5501	22	9789
5501	22	9592
5501	22	9785
5501	22	5650
5501	22	9787
5501	22	10349
5501	22	5648
5501	22	9918
5501	22	9794
5501	22	10233
12053	22	11591
12053	22	10524
12053	22	11611
12053	22	10597
12053	22	10597
12053	22	10522
1083	1	123
1083	1	129
5779	20	7340
5779	17	7074
5779	17	7074
5779	17	7074
5779	17	7074
5779	17	7074
5779	17	7074
5779	20	7605
8073	17	7536
8073	20	7536
8073	20	6290
8073	20	6547
8073	20	6547
8073	17	5479
8073	20	5479
8073	17	5479
8073	20	5479
8073	20	5479
8073	17	5479
8073	20	5479
8073	20	6392
8073	20	6392
8073	20	6392
8073	20	6392
8073	20	6393
8073	20	6393
8073	17	6393
8073	20	6391
8073	20	5970
1414	1	123
1414	1	122
4388	14	4366
4388	14	4011
11651	22	9804
11651	22	9952
11651	22	9590
11651	22	10545
11651	22	10146
11651	22	10567
11651	22	10191
11651	22	9727
6132	17	5815
6132	20	6717
6132	20	6717
6132	17	6717
6132	17	6717
6132	20	6717
6132	20	6717
6132	20	6717
6132	20	6717
6132	17	8199
6132	20	8199
6186	17	6023
6186	17	6061
6186	17	6188
6186	17	6187
5573	17	5572
5573	20	5572
5573	20	5572
5573	20	5572
5573	20	5572
5573	20	5572
5573	17	5572
5573	20	7551
5573	20	7482
5573	20	7482
5573	17	7315
5573	20	7315
5573	20	6159
5573	17	6159
12316	22	5478
12316	22	9952
12316	22	10116
12316	22	10741
2030	6	2086
2030	6	2045
2030	6	2045
2030	6	1085
2030	6	2009
2030	6	2087
2030	6	2032
2030	6	2032
2030	6	2008
4711	14	3441
4711	14	3442
10374	22	10083
10374	22	10083
10374	22	10377
10374	22	5648
10374	22	10378
10374	22	9597
10374	22	9999
10374	22	10077
10374	22	10077
10374	22	10376
10374	22	9589
12035	22	9823
12035	22	10077
12035	22	9822
12035	22	10462
12035	22	10686
12035	22	10445
12035	22	10037
12035	22	5109
12035	22	10735
6971	20	5984
6971	20	5984
6971	20	5984
6971	20	5984
6971	20	5984
6971	20	5984
6971	20	5984
6971	20	5984
6971	17	5984
6971	20	5984
6971	20	5984
6971	20	5984
6971	20	5984
6971	20	5984
6971	20	5984
6971	20	5984
6971	20	5984
6971	20	8295
6971	17	6972
6971	17	6362
6971	20	6362
6971	20	6362
6971	20	6362
6971	20	6963
6971	20	6363
6971	20	8984
6971	20	6763
6971	20	6763
6971	20	9182
11987	22	9668
11987	22	9668
11987	22	9668
11987	22	10789
11987	22	9979
11987	22	10450
2796	20	5762
2796	20	5762
2796	9	2505
9638	22	9648
9638	22	9640
9638	22	9640
9638	22	9647
9638	22	9600
9638	22	9600
9638	22	9643
9638	22	9639
9638	22	9646
9638	22	9641
2762	17	6066
2762	9	2763
2762	17	6426
2762	20	7092
2762	20	7092
2762	20	7092
2762	20	7092
2762	17	7092
2762	20	7092
2762	20	7092
2762	20	7092
2762	17	6466
2762	9	2733
2762	17	6752
11588	22	9973
11588	22	9709
11588	22	9999
11794	22	10022
11794	22	10022
11794	22	10022
11794	22	9743
11794	22	9551
11794	22	9551
11794	22	9964
11794	22	10094
11794	22	10166
7534	17	6780
7534	17	6262
7534	17	6707
7534	17	5836
64	0	65
64	1	65
64	0	66
64	1	66
10459	22	9580
10459	22	9587
10459	22	9583
10459	22	10121
10459	22	10121
10459	22	9584
8351	17	5915
8351	17	7565
11337	22	10981
11337	22	9789
11337	22	9917
11337	22	10340
11337	22	9791
11337	22	9791
2544	14	4244
2544	11	3083
2544	14	3450
2544	11	3085
2544	9	2766
2544	9	2766
11881	22	11141
11881	22	11599
11173	22	10044
11173	22	10044
11173	22	10045
11173	22	9871
11173	22	9871
11173	22	9708
11173	22	10445
11173	22	9548
7261	17	6993
7261	17	6115
7261	17	5915
7261	17	5844
7261	17	6809
6821	20	7791
6821	20	8095
6821	20	8088
6821	20	8088
6821	17	6823
6821	20	6823
10103	22	10105
10103	22	9630
10103	22	9630
10103	22	10106
10103	22	10107
10103	22	10104
10103	22	9754
10103	22	9754
3511	14	3504
3511	14	3513
3511	14	3437
3511	14	3512
3511	14	3462
3511	14	3514
12149	22	9921
12149	22	11142
12149	22	11142
12149	22	11421
3792	14	3473
3792	14	3544
3792	14	3793
3792	14	3794
3792	14	3526
3792	14	3509
3792	14	3438
3792	14	3437
3792	14	3512
1212	1	129
1212	1	122
1212	1	1210
8412	17	7164
8412	17	7164
8412	17	7165
8412	17	7163
9697	22	9698
9697	22	9698
9697	22	5649
9697	22	9592
9697	22	9701
9697	22	9703
9697	22	9704
9697	22	9699
9697	22	9702
12063	22	9936
12063	22	9936
12063	22	9936
12063	22	9600
12063	22	9937
12063	22	10185
12063	22	10639
10267	22	10271
10267	22	10270
10267	22	10270
10267	22	10121
10267	22	10121
10267	22	10146
10267	22	9587
10267	22	10268
10267	22	9561
10267	22	10269
11246	22	10081
11246	22	10505
11246	22	11247
11246	22	11247
11246	22	9716
11246	22	9808
11246	22	9646
11246	22	9647
2655	20	7092
2655	20	7092
2655	20	7092
2655	20	7092
2655	20	7092
2655	20	7092
2655	20	7092
2655	20	7092
2655	20	7092
2655	20	7092
2655	20	7092
2655	20	7092
2655	17	6719
2655	9	2482
2655	9	2482
2655	17	6987
2655	17	8343
2655	17	6685
2655	17	6109
4851	14	3498
4851	14	3431
4851	14	3431
4851	14	3431
4851	14	3431
4908	14	3455
4908	14	3456
11075	22	9583
11075	22	9759
11075	22	9587
1516	1	357
1516	1	353
1516	15	4973
1516	15	4971
521	1	522
521	1	427
11212	22	10426
11212	22	10426
11212	22	10695
11212	22	10085
11212	22	9775
10672	22	10233
10672	22	10340
10672	22	10673
10672	22	9766
9097	17	8580
9097	17	6324
9097	17	9098
10276	22	10142
10276	22	9597
10276	22	9589
10276	22	10143
10276	22	10278
10276	22	10277
10276	22	10277
10276	22	2157
10276	22	10037
11310	22	9606
11310	22	10599
11310	22	9959
11665	22	10258
11665	22	10102
11665	22	10102
11665	22	10102
11665	22	10646
11665	22	10645
11665	22	10644
11665	22	10926
1802	3	1776
1802	3	1784
11520	22	9687
11520	22	9687
11520	22	10838
11520	22	10362
11520	22	10195
11520	22	10198
11520	22	9767
3173	11	3095
3173	11	3152
6546	20	6547
6546	20	6547
6546	20	6547
6546	20	6547
6546	20	6547
6546	17	6547
6546	20	6547
6546	17	6547
6546	20	6850
6546	20	6850
6546	20	6850
6546	20	6850
6546	20	6850
6546	20	6392
6546	20	6392
6546	20	6392
6546	20	6392
6546	17	6391
6546	20	6391
6546	20	6391
6546	20	6851
6546	20	6851
6546	20	6851
6546	20	5479
6546	20	6675
4992	15	4971
4992	15	4973
7303	20	7304
7303	17	7304
7303	17	7122
7303	20	7122
7303	17	6366
10766	22	5653
10766	22	9996
10766	22	10362
10766	22	10362
10766	22	9981
10766	22	10767
10766	22	9991
10766	22	9858
10766	22	9858
10766	22	9988
10766	22	9990
10766	22	9994
4455	14	3458
4455	14	4894
4455	14	4894
4455	14	4894
4455	14	3658
4455	14	3551
4455	14	3437
4455	14	3457
4455	14	3456
4455	14	3552
4455	14	3455
4455	14	3454
4455	14	4893
10182	22	9650
10182	22	9650
10182	22	10186
10182	22	9605
10182	22	9605
10182	22	10187
10182	22	10183
10182	22	10185
12239	22	9728
12239	22	10656
12239	22	9709
12239	22	9709
12239	22	10920
12239	22	10920
12239	22	9727
12239	22	9906
12239	22	9949
10674	22	9741
10674	22	5648
10674	22	10676
10674	22	9663
10674	22	9540
10674	22	9853
11076	22	9630
11076	22	9668
11076	22	10003
11076	22	10723
11076	22	10746
11076	22	10746
11076	22	9574
11076	22	10633
11076	22	10631
11076	22	9994
11076	22	9989
9518	21	9519
9518	21	9519
11000	22	9592
11000	22	9592
11000	22	9858
11000	22	9546
11000	22	9990
11079	22	10265
11079	22	10313
11079	22	10472
11079	22	10243
11079	22	10407
11079	22	10580
7983	17	6017
7983	17	5934
7983	23	2966
7983	17	6780
7983	17	7866
11825	22	9800
11825	22	10393
11825	22	9615
11825	22	9589
11825	22	9937
11825	22	9807
11825	22	10639
2240	14	4076
11487	22	9727
11487	22	10073
11487	22	10256
11487	22	9710
11487	22	9570
11487	22	9732
11487	22	9728
11487	22	10191
4787	14	3456
4787	14	3473
4787	14	3458
4787	14	3457
4787	14	3455
4787	14	3437
375	1	370
375	1	369
1809	3	1778
1809	3	1776
10167	22	9837
10167	22	10171
10167	22	9758
11395	22	10480
11395	22	10480
11395	22	10246
11395	22	10472
11395	22	10472
11395	22	10260
6032	17	6033
6032	17	6038
6032	20	6038
6032	20	6038
6032	20	6038
6032	17	6038
6032	20	6038
6032	20	8260
6032	17	6039
6032	20	6039
6032	17	6036
6032	20	6037
6032	20	6037
6032	20	6037
6032	17	6037
6032	17	5939
6032	17	5939
6032	17	5924
6032	17	6034
6032	17	6035
6032	20	8268
6032	23	12520
6032	20	8810
6032	20	7473
6032	17	5946
6032	20	5921
2402	20	9180
2402	20	9180
2402	17	6039
2402	20	6039
2402	20	6039
2402	17	6039
2402	17	6039
2402	17	5924
2402	20	7473
2402	20	7473
2402	17	7473
2402	20	7473
2402	20	7473
2402	20	7473
2402	20	7473
2402	20	7473
2402	20	7473
2402	20	7473
2402	20	7473
2402	20	7473
2402	20	7473
2402	20	7473
2402	17	7473
2402	20	7473
2402	20	7473
2402	8	2403
2402	17	7423
2402	17	7423
2402	20	7423
2402	20	7423
2402	20	7423
2402	17	7423
2402	20	7423
2402	20	7471
2402	17	7471
2402	20	7478
2402	20	7478
2402	20	5967
2402	20	5967
2402	17	5967
2402	20	7475
2402	17	7475
2402	20	7475
2402	17	7475
2402	20	7472
2402	20	7472
2402	17	7472
2402	20	7472
2402	20	7472
2402	20	7472
2402	17	7472
2402	17	7472
2402	17	7470
2402	20	7470
2402	20	7470
2402	20	7132
2402	20	7132
2402	20	7132
2402	17	7132
2402	17	7132
2402	17	7132
2402	17	7132
2402	20	7132
2402	20	6180
2402	20	6180
2402	20	6180
2402	20	6038
2402	20	6038
2402	20	6038
2402	20	6038
2402	20	7474
2402	20	7474
2402	17	7474
2402	17	7474
2402	20	6626
11216	22	9605
11216	22	9597
11216	22	9598
11216	22	9598
5077	15	4973
5077	15	4971
7789	17	6601
7789	17	6601
7789	17	5948
7789	17	5948
7789	17	5948
7789	23	12532
7789	17	6304
7789	17	5950
7789	17	5950
7789	17	5947
7789	17	7524
11560	22	9595
11560	22	9589
11560	22	10599
11560	22	9800
11560	22	10041
11443	22	10069
11443	22	10069
11443	22	9986
11443	22	10713
11443	22	10713
11443	22	9893
12128	22	9590
12128	22	11357
12128	22	11476
12128	22	9580
12128	22	10022
12128	22	10367
12128	22	9964
12128	22	9550
12128	22	10350
1385	1	1210
1385	1	129
1385	1	129
8121	20	9334
8121	20	9334
8121	20	9334
8121	20	6166
8121	20	9335
8121	17	8122
8121	20	8122
7971	17	7627
7971	17	5870
7971	17	7226
880	1	866
880	1	865
829	15	5088
829	15	4987
11666	22	10782
11666	22	10782
11666	22	10230
11666	22	10231
11666	22	10664
11666	22	10637
11666	22	11334
11666	22	10561
8018	20	9327
8018	20	9327
8018	17	8019
8018	20	8019
8018	20	8019
8018	17	8020
8018	20	8020
8018	17	8020
8018	20	8020
8018	20	8020
8018	20	9328
8018	20	9328
8018	20	9328
5720	17	5722
5720	20	5722
5720	20	5548
5720	20	5548
5720	17	5548
5720	20	5548
5720	20	5548
5720	20	5548
5720	20	5548
5720	20	5548
5720	20	5548
5720	20	7839
5720	17	7839
5720	20	7837
5720	20	7837
5720	17	7837
5720	20	7837
5720	17	7837
5720	20	7887
5720	20	8495
5720	20	7792
5720	17	6766
5720	17	7838
5720	20	7838
5720	20	7926
5720	20	7926
5720	17	5815
5720	20	7301
5720	20	7119
5720	20	7791
5720	20	6852
5720	17	6733
8302	20	8303
8302	17	8303
8302	20	8303
10361	22	9766
10361	22	9918
10361	22	10362
10361	22	9790
10361	22	9839
10361	22	9553
12112	22	10539
12112	22	10527
12112	22	10893
12112	22	9799
12112	22	10952
1588	1	1589
1588	1	1589
1588	1	46
1588	6	46
1588	6	29
1588	6	29
1588	6	551
1588	1	263
1588	1	276
1588	6	45
1588	6	332
1588	6	30
1588	1	262
12322	22	10723
12322	22	9633
12322	22	9996
12322	22	10910
12322	22	9668
12322	22	10283
12322	22	10283
12322	22	10631
12322	22	10724
12322	22	9858
12322	22	10632
12322	22	10789
12322	22	10284
10902	22	10271
10902	22	10271
10902	22	10733
10287	22	10085
10287	22	10165
10287	22	10289
10287	22	10288
10287	22	10288
8739	17	6008
8739	17	6458
8739	17	5916
8288	17	7238
8288	17	6797
8288	17	6797
8288	17	6797
8288	17	6240
8288	17	6240
8288	17	6240
8288	17	6240
8288	17	6240
8288	17	6240
8288	17	6240
8288	17	6240
8288	17	6240
8288	20	8289
8288	17	8289
8288	17	6202
8288	17	6202
8288	17	6798
8288	17	6798
8288	17	6798
8288	17	6201
11899	22	9959
11899	22	9845
11899	22	9845
11899	22	11189
11899	22	10159
6953	17	6926
6953	17	8142
6953	17	8138
6953	17	8138
6953	17	8138
6849	20	6853
6849	17	6853
6849	20	6850
6849	17	6850
6849	20	6850
6849	17	6850
6849	20	6850
6849	20	6850
6849	17	6850
6849	20	6850
6849	17	6850
6849	20	6850
6849	20	6850
6849	20	6850
6849	17	6851
6849	20	6851
6849	20	6547
6849	20	6547
6849	20	6547
6849	20	6469
6849	20	6469
6849	20	6469
6849	20	7119
6849	20	8495
6849	20	6852
6849	17	6852
8166	17	7039
8166	17	7034
11681	22	10311
11681	22	10311
11681	22	10365
11681	22	10183
11681	22	10186
11681	22	9597
11681	22	9615
11681	22	10938
11681	22	10992
10726	22	9708
10726	22	9562
10726	22	9562
10726	22	9558
10726	22	9747
10726	22	10045
1314	1	1210
1314	1	122
1314	1	129
11399	22	10337
11399	22	10244
11399	22	10356
11399	22	10255
11399	22	11400
12471	22	10686
12471	22	9576
12471	22	10307
12471	22	10311
12471	22	10311
12471	22	10073
12471	22	5590
12471	22	10656
12471	22	9804
12471	22	10417
4905	14	3588
4905	14	4515
4905	14	3587
4905	14	3587
4905	14	3467
4905	14	4180
783	1	122
783	1	123
12344	22	10284
12344	22	10284
12344	22	10284
12344	22	10790
12344	22	11832
12344	22	11832
12344	22	10630
8028	17	5832
8028	17	5831
8028	17	5874
12144	22	10643
12144	22	10258
12144	22	10646
12144	22	10689
12144	22	9614
12144	22	10440
12144	22	10140
12144	22	10644
5554	17	5722
5554	17	7885
5554	17	5815
5554	17	7119
5554	20	7119
5554	17	7301
2068	6	173
2068	6	173
2068	6	2109
2068	6	171
2068	6	2027
2068	6	2027
2068	6	2029
2068	6	2108
2068	6	405
2068	6	2107
5337	15	5333
5337	15	5334
11061	22	10334
11061	22	11062
11061	22	5478
11061	22	10000
11061	22	10057
11061	22	9810
11061	22	9863
10423	22	9595
10423	22	9873
10423	22	9873
10423	22	9651
10423	22	9597
10423	22	9589
10423	22	10159
10423	22	9547
10423	22	9606
10423	22	10185
11083	22	10142
11083	22	10277
11083	22	2157
11083	22	2157
11083	22	10101
11083	22	11035
11083	22	10278
5543	17	6486
5543	17	5411
10859	22	10686
10859	22	10426
10859	22	10695
3310	13	3247
3310	13	3252
11044	22	11045
11044	22	10157
11044	22	9777
12077	22	10417
12077	22	10914
12077	22	9826
12077	22	9973
5178	15	5088
5178	15	4987
10554	22	9590
10554	22	9839
10554	22	9839
10554	22	9557
10554	22	10284
10554	22	9756
10554	22	9548
10554	22	9563
10554	22	9553
12470	22	11511
12470	22	10952
12470	22	11450
12470	22	11611
12470	22	10514
12470	22	10528
12470	22	10594
8761	17	8360
8761	17	6262
8761	17	6706
8761	17	6603
8761	17	6632
8761	17	7714
8761	17	5873
8761	17	7021
8761	17	7467
8761	17	7648
8761	17	6188
8761	17	6408
8761	17	7194
8761	17	7948
11417	22	10261
11417	22	10243
8522	20	9368
8522	20	9368
8522	20	9368
8522	20	9368
8522	20	9368
8522	20	9367
8522	20	9367
11432	22	10580
11432	22	10721
11432	22	10261
2261	8	2262
2262	8	2261
2262	14	3463
9039	17	8212
9039	17	6201
12264	22	10996
12264	22	10996
12264	22	10996
12264	22	12224
12264	22	10057
12264	22	5584
11156	22	10018
11156	22	10270
11156	22	10687
11156	22	10131
10239	22	10240
10239	22	9604
10239	22	9934
10239	22	9595
10239	22	10159
10239	22	10159
10239	22	9937
10239	22	9600
11549	22	9727
11549	22	9727
11549	22	10093
11549	22	10581
11549	22	9829
11549	22	9858
11549	22	9756
7819	17	7501
7819	20	7501
7819	20	7501
7819	17	7820
7819	20	7820
7819	17	7016
7819	17	7016
7819	20	7016
7819	20	7016
8717	20	7479
8717	20	6131
8717	17	6782
8717	20	6152
8717	17	6152
9472	21	9455
9472	21	9457
8866	17	8867
8866	17	7750
2730	17	6055
2730	14	3781
2730	9	2731
7320	20	7791
7320	17	7791
7320	20	6734
7320	17	6734
7320	17	7792
7320	20	7792
7320	20	7281
7320	20	7803
7320	17	7095
7320	20	7095
7320	20	6869
7320	17	7941
7320	20	7941
7320	17	5722
7320	20	7282
10049	22	10050
10049	22	9695
10049	22	5589
10049	22	9827
10049	22	9669
10049	22	10052
9429	20	5762
9429	20	5762
9429	20	5762
9429	20	5762
9429	20	5762
9429	20	5762
9429	20	5762
9429	20	5762
947	1	975
947	1	433
947	1	148
947	1	948
947	1	123
947	1	123
947	1	163
947	1	1033
947	1	129
947	1	129
2292	8	2293
2292	20	5722
2292	17	5815
12274	22	9592
12274	22	9592
12274	22	9996
12274	22	9859
12274	22	9994
12274	22	9994
12274	22	9858
12274	22	9630
11938	22	9797
11938	22	9564
11938	22	9548
11938	22	9590
11938	22	9544
11938	22	9556
12204	22	11386
12204	22	11386
12204	22	10545
12204	22	10545
12204	22	10545
12204	22	10545
12204	22	9882
12204	22	10223
12204	22	10223
12204	22	11136
8359	17	6173
8359	17	7734
8359	17	6408
8359	17	6606
8359	17	6262
8359	17	7194
8359	17	8360
8359	17	6708
8359	17	6706
8359	17	6603
8359	17	5873
11506	22	10552
11506	22	9829
11506	22	9698
11506	22	9674
11506	22	10057
10222	22	10224
10222	22	9991
10222	22	9630
10222	22	9630
10222	22	10223
10222	22	9994
1729	9	2562
1729	9	2562
1729	2	1671
1729	9	2561
1729	2	1672
10338	22	10341
10338	22	10342
10338	22	9785
10338	22	10340
10338	22	10340
10338	22	9787
10338	22	10339
10338	22	9784
11934	22	10640
11934	22	10640
11934	22	10713
11934	22	9716
6938	23	12543
6938	17	6066
6938	17	6939
11368	22	9992
11368	22	9668
11368	22	10029
11368	22	9562
11368	22	9756
11368	22	9756
11368	22	10808
11368	22	10116
11368	22	10789
11965	22	10870
11965	22	10676
11965	22	9984
11965	22	9548
11965	22	10217
11965	22	10289
11965	22	10289
11965	22	9560
11965	22	9560
11965	22	10767
4939	14	3455
4939	14	3456
4939	14	3454
8438	20	6780
8438	20	6780
8438	20	6780
8438	20	6780
8438	20	6780
8438	20	6780
8438	20	6780
8438	20	6780
8438	20	6780
8438	20	6780
8438	20	6780
8438	20	6780
8438	20	6780
8438	20	6780
8438	20	6780
8438	20	6780
8438	20	6780
8438	20	6780
8438	20	6780
8438	20	6780
8438	20	6780
8438	20	6780
8438	17	6406
5626	16	5628
5626	16	5634
5626	16	5456
5626	16	5633
5626	16	5437
5626	16	5629
5626	16	5630
5626	16	5627
3127	11	3112
3127	14	4732
8820	20	6875
8820	20	6823
8820	20	9362
8820	17	8510
8820	20	8510
8820	20	6131
8820	20	6131
8820	20	6131
8820	20	7926
12338	22	10383
12338	22	9672
12338	22	10463
12338	22	9675
7873	20	7609
7873	20	7609
7873	20	7605
7873	20	7605
7873	17	7605
7873	17	7605
7873	20	7605
7873	20	7605
7873	20	7400
7873	20	7400
7873	20	7400
7873	17	7051
7873	17	7051
7873	20	7150
7873	20	7150
7873	20	7150
7873	20	7097
8585	20	7092
8585	20	7092
8585	20	7092
8585	20	7092
8585	17	7092
8585	20	7092
8585	20	7092
8585	20	7092
8585	20	7092
8585	20	7092
8585	20	7092
8585	17	5836
8585	17	5992
2826	14	3450
2826	14	3450
2826	14	3450
2826	11	3095
2826	9	2654
11734	22	9890
11734	22	9685
11734	22	10340
11734	22	11064
11734	22	10450
11734	22	10003
11734	22	10003
11734	22	10285
11734	22	10285
11734	22	9749
11734	22	10020
11734	22	9752
11734	22	9791
11734	22	9790
11734	22	9790
11734	22	9789
11734	22	9794
11734	22	10273
11734	22	9783
4771	14	3457
4771	14	3456
4771	14	3458
4771	14	3437
4771	14	3455
4771	14	4509
4771	14	3454
4771	14	4773
4771	14	4772
4771	14	3473
11956	22	10231
11956	22	10231
11956	22	9723
11956	22	9723
11956	22	9736
1766	2	1672
1766	2	1671
11820	22	10687
11820	22	10687
11820	22	11136
11820	22	11136
11820	22	11180
11820	22	9806
11820	22	9912
11820	22	10077
11820	22	10546
11820	22	9576
10225	22	9543
10225	22	10226
10225	22	9791
10225	22	9727
10225	22	10229
10225	22	9785
11480	22	11161
11480	22	10494
11480	22	10475
11480	22	9857
11480	22	10370
11480	22	10664
6121	17	7646
6121	20	7646
6121	20	6385
6121	20	6387
6121	20	6122
6121	17	6122
6121	20	6386
6121	20	7981
12236	22	10956
12236	22	9992
12236	22	2157
12236	22	2157
12236	22	10284
12236	22	10723
12236	22	9859
12236	22	9995
12236	22	10632
12236	22	9996
12236	22	10724
12236	22	10633
12426	22	9633
12426	22	9633
12426	22	10692
12426	22	10692
12426	22	10692
12426	22	9558
12426	22	9558
12426	22	9926
8643	17	7597
8643	22	10456
98	5	1995
98	5	2004
98	0	99
98	5	1996
11793	22	9604
11793	22	10426
11793	22	10186
11793	22	10289
11793	22	10166
11793	22	10486
11793	22	9858
11793	22	9936
11422	22	10243
11422	22	10808
11422	22	9685
11422	22	10417
11422	22	9800
1371	1	129
1371	1	129
1371	1	1210
3374	13	3255
3374	13	3255
3374	13	3255
3374	13	3269
2265	17	6230
2265	23	2982
2265	17	6229
2265	8	2266
2265	8	2266
2265	17	6514
9914	22	9916
9914	22	9916
9914	22	9917
9914	22	9918
9914	22	9790
9914	22	9784
9914	22	9921
9389	20	6678
9389	20	6678
9389	20	9382
9389	20	6675
8078	17	7477
8078	17	6207
6748	17	6749
6748	20	6749
6748	20	6749
6748	17	6037
6748	20	6037
6748	20	6038
11330	22	10811
11330	22	10268
11330	22	10812
4527	14	4146
4527	14	4502
4527	14	3447
10304	22	10307
10304	22	9572
7045	17	7044
7045	20	7044
7045	20	7104
7045	17	7104
7045	20	7558
7045	17	7558
7045	17	7046
7045	20	7046
2879	17	7041
2879	17	6349
2879	17	6855
2879	9	2515
9283	20	6012
9283	20	6012
9283	20	6012
9795	22	9800
9795	22	9798
9795	22	9798
9795	22	9798
9795	22	9797
9795	22	9799
9977	22	9979
9977	22	9979
9977	22	9980
9977	22	2157
9977	22	9574
9977	22	9981
12042	22	9564
12042	22	9564
12042	22	9550
12042	22	9557
12042	22	9549
12042	22	9556
12042	22	9556
12042	22	10914
12042	22	9563
12042	22	9563
12042	22	12043
2214	15	4969
2214	7	2215
2214	9	2495
2214	9	2494
2214	9	2490
5177	15	5145
2750	15	4969
2750	9	2490
2750	9	2494
11610	22	9660
11610	22	9840
11610	22	9800
11610	22	11612
11610	22	10025
11610	22	10952
11610	22	10952
11610	22	11611
11610	22	9547
2077	6	2060
2077	6	2060
2077	6	2061
2077	6	2018
1248	1	129
1248	1	1210
1248	1	122
5505	22	9985
5505	22	9986
5505	22	5649
5505	22	9689
5505	17	5678
5505	17	5678
5505	17	5678
5505	17	5678
5505	17	5678
5505	22	10231
5505	22	10230
5505	17	5493
5505	17	5493
5505	22	10106
1805	3	1776
1805	3	1778
11174	22	9543
11174	22	9708
11174	22	9701
7970	20	6744
7970	17	6744
7970	20	9175
7970	17	5773
7970	20	5773
7970	17	5639
7970	20	5639
7970	20	5849
7970	17	6815
7970	20	6815
7970	20	6159
7970	20	7903
8678	17	6328
8678	20	6328
2538	9	2480
2538	9	2706
2538	9	2542
7237	17	6797
7237	17	7238
7237	17	6240
7237	17	6201
7237	17	6798
11221	22	10981
11221	22	10020
11221	22	11159
11221	22	10018
11221	22	10735
446	7	2235
446	1	170
446	1	404
446	1	405
446	1	259
446	1	171
446	1	401
446	1	402
446	1	400
949	1	159
949	1	148
3215	12	2048
3215	12	2048
3215	12	115
3215	17	5410
3215	12	2009
11972	22	9709
11972	22	10251
11972	22	10129
11972	22	9576
11972	22	10341
10493	22	9592
10493	22	5650
10493	22	5651
10493	22	10494
10493	22	9959
10493	22	10210
10493	22	9740
3584	14	3587
3584	14	3586
3584	14	3585
3584	14	3588
9930	22	9934
9930	22	9924
9930	22	9931
9930	22	9931
9930	22	9932
9930	22	9651
12023	22	10992
12023	22	9604
10513	22	9902
10513	22	10133
10513	22	10516
10513	22	10514
10727	22	10483
10727	22	9937
10727	22	9614
10727	22	9614
1231	1	1210
1231	1	122
1231	1	129
11982	22	11596
11982	22	11742
12142	22	10669
12142	22	10761
12142	22	10339
12142	22	10340
12142	22	10340
12142	22	10520
12142	22	10082
1670	2	1671
1670	2	1672
1670	22	2561
12022	22	9727
12022	22	10202
12022	22	9949
10419	22	10422
10419	22	9633
10419	22	9592
10419	22	10420
10419	22	10420
10419	22	9647
10419	22	9648
2805	12	2055
2805	14	3922
2805	9	2705
2805	17	4313
3889	14	3462
3889	14	3457
3889	14	3473
3889	14	3437
3889	14	3437
3889	14	3504
3889	14	3455
3889	14	3456
3889	14	3458
3889	14	3548
3889	14	3507
1825	3	1784
1825	3	1776
1825	3	1813
954	1	604
954	1	135
12410	22	10723
12410	22	9990
12410	22	10029
12410	22	9574
12410	22	9574
12410	22	10633
11482	22	9866
11482	22	9866
11482	22	9548
11482	22	10449
11482	22	10449
11482	22	10302
11307	22	10229
11307	22	10229
11307	22	10229
11307	22	10229
11307	22	10229
11307	22	10229
11307	22	10229
11307	22	10342
11307	22	10342
11307	22	9787
11307	22	10475
11307	22	9785
11307	22	9791
11307	22	10233
11307	22	10233
11307	22	9630
11307	22	10774
11307	22	9783
11307	22	9766
11412	22	10134
11412	22	10229
11412	22	9794
11412	22	9788
11412	22	9791
11412	22	9744
11412	22	9789
3892	14	3893
3892	14	3893
10948	22	10950
10948	22	10041
10948	22	10499
10948	22	9681
10948	22	9564
10948	22	9563
10948	22	9580
10948	22	5590
10948	22	9633
6206	17	6207
6206	20	6207
6206	20	6844
3207	14	4313
3207	17	6048
3207	17	7487
3207	14	4312
3420	14	3423
3420	14	3421
3420	14	3422
10036	22	9597
10036	22	9597
10036	22	10038
10036	22	9589
10036	22	10037
10036	22	9863
5664	17	5551
7516	17	7111
7516	17	7111
7516	17	7111
11771	22	11007
11771	22	11007
11771	22	10805
11771	22	11006
11771	22	11006
11771	22	10699
11771	22	10858
11771	22	10642
11771	22	10925
11771	22	10253
8658	20	7092
8658	20	7092
8658	20	7092
8658	20	7092
8658	20	7092
8658	20	7092
8658	20	7092
8658	20	7092
8658	17	6267
8658	17	6639
8658	17	6066
10095	22	10097
10095	22	10098
10095	22	9546
10095	22	5478
10095	22	5478
10095	22	9840
10095	22	10094
3913	14	3495
3913	14	3847
12001	22	9791
12001	22	9723
12001	22	9985
12001	22	10179
12001	22	5649
4778	14	3455
4778	14	3456
4778	14	3454
4378	14	4379
4378	14	4379
11974	22	10041
11974	22	10193
11974	22	10193
11974	22	10193
11974	22	10749
11974	22	9845
11974	22	9604
11974	22	9863
11974	22	9554
4278	14	4063
4278	14	4062
267	1	268
267	6	268
267	1	1144
267	6	29
11942	22	9660
11942	22	9589
11942	22	10345
11942	22	9937
11863	22	10111
11863	22	9775
11863	22	9701
11863	22	9829
11863	22	9831
11863	22	9715
11031	22	10853
11031	22	9572
11031	22	9572
11031	22	9846
11031	22	9546
11031	22	9845
11031	22	10159
11031	22	9604
4073	14	3431
4073	14	3431
4073	14	3431
4073	14	3431
4073	14	3431
4073	14	3431
1130	1	126
1130	1	125
1130	1	125
3600	14	3602
3600	14	3437
3600	14	3437
3600	14	3573
3600	14	3573
3600	14	3601
5581	16	5584
5581	16	5585
5581	16	5586
5581	16	5591
5581	16	5590
5581	16	5583
5581	16	5582
5581	16	5589
3178	17	6003
3178	17	5948
3178	17	5948
3178	17	5948
3178	17	5948
3178	17	5948
3178	17	6601
3178	17	6601
3178	17	5947
3178	17	5947
3178	17	5947
3178	17	5947
3178	17	5947
3178	17	5953
3178	17	5953
3178	17	5953
3178	11	3087
3178	17	5950
3178	17	5950
3178	17	5951
1499	1	122
1499	1	123
12031	22	9675
12031	22	9675
12031	22	9931
12031	22	9840
12031	22	9698
12031	22	9702
12031	22	9672
6383	20	6387
6383	17	6387
6383	20	7939
6383	17	6385
6383	20	6385
6383	20	9190
6383	17	6386
6383	20	6386
5667	20	6963
5667	20	6963
5667	17	6963
5667	20	6963
5667	20	5984
5667	20	5984
5667	20	6763
5667	20	6763
5667	17	6763
5667	17	6763
5667	20	6763
5667	20	6763
5667	17	5841
5667	20	5841
5667	20	6764
5667	20	6764
5667	20	6764
5667	17	8186
5667	17	6306
5667	20	6306
5667	20	6306
5667	20	8236
5667	20	7860
5667	20	7860
5667	20	7860
5667	17	6962
5667	20	9182
5667	20	9182
5667	17	5665
5667	20	5665
5667	20	7862
5667	20	7090
5667	20	7090
5667	20	7513
3082	11	3083
3082	14	4706
3082	14	4706
3082	23	3023
3082	14	4351
3082	17	6090
3082	14	3450
3082	17	6905
1294	1	1210
1294	1	129
1294	1	129
5266	15	4973
5266	15	4971
654	1	129
654	1	123
11633	22	9837
11633	22	10695
11633	22	10671
11633	22	9677
11633	22	9677
7162	17	7165
7162	17	7165
7162	17	7165
7162	17	7164
7162	17	7164
7162	17	7163
11911	22	11035
11911	22	11035
11911	22	11035
11911	22	10278
11911	22	11832
11911	22	10143
11911	22	10779
11911	22	10142
11911	22	10893
11150	22	9543
11150	22	9543
11150	22	10092
11150	22	10092
11150	22	9756
11150	22	10094
11150	22	10073
11150	22	10073
11150	22	10073
11738	22	9710
11738	22	9888
11738	22	10445
11738	22	10456
11738	22	10456
11738	22	10896
11738	22	10020
11080	22	9984
11080	22	9984
11080	22	9984
11080	22	11082
11080	22	9793
11080	22	10782
3193	17	6826
3193	17	6825
3193	20	6825
3193	20	5762
3193	20	5762
3193	20	5762
3193	17	5762
3193	20	5762
3193	17	6824
3193	17	6827
3193	20	7807
3193	12	2155
3193	12	115
6901	17	7292
6901	17	6736
5714	17	6068
5714	17	5836
5714	17	5712
5714	17	6065
5714	17	6066
5714	17	8186
5714	17	6985
5714	17	6062
5714	17	6962
5714	17	5875
2787	9	2490
2787	15	4969
2787	9	2610
2787	9	2494
11636	22	10256
11636	22	10256
11636	22	10252
11636	22	10102
11636	22	10102
11636	22	9973
11636	22	10019
10955	22	10767
10955	22	10789
10955	22	10746
10955	22	10029
10955	22	9992
10955	22	9992
10955	22	9992
10955	22	9592
10955	22	9994
10955	22	9996
10955	22	9668
10955	22	10956
11927	22	11525
11927	22	11525
11927	22	10284
11927	22	10284
11927	22	9996
11927	22	9980
11927	22	9980
11927	22	9592
11927	22	9858
11927	22	9572
11927	22	10003
11927	22	10724
11927	22	10633
11927	22	9833
10532	22	9562
10532	22	9562
10532	22	9750
10532	22	5648
10532	22	9590
10532	22	9557
10532	22	9544
10532	22	9556
2020	6	2028
2020	6	2160
2020	6	2018
2020	6	2018
2020	6	2008
2020	6	2025
2020	6	2009
2020	6	2087
2020	6	2087
2020	6	2045
2908	9	2533
2908	9	2801
2908	9	2480
9051	20	6131
9051	20	6131
9051	17	6131
9051	20	8115
9051	23	12508
9051	20	6150
9051	20	6151
4390	14	3983
4390	14	3971
4390	14	3481
10764	22	9684
10764	22	9684
10764	22	9734
10764	22	9735
10764	22	5649
11377	22	9810
11377	22	9810
11377	22	11378
12087	22	10122
12087	22	10404
12087	22	10342
12087	22	10960
12087	22	9766
12087	22	9766
12087	22	11257
12087	22	10509
12087	22	10229
12087	22	10265
12087	22	11553
12057	22	10519
12057	22	10767
12057	22	10514
12057	22	10952
12057	22	11948
12057	22	11948
12057	22	10524
2508	9	2509
2508	9	2509
2508	17	6614
7437	17	7234
7437	17	6653
7437	17	7332
7437	17	7196
7437	17	7398
7437	17	7192
7437	17	5410
11728	22	9689
11728	22	9632
11728	22	9632
11728	22	9834
11728	22	9834
11728	22	10605
11728	22	5648
11728	22	5656
11728	22	9870
11728	22	5655
11728	22	9986
1429	6	2111
1429	1	747
1429	1	746
1429	6	171
1429	6	173
1429	6	30
1429	6	30
1429	6	2027
1429	6	2027
1429	6	2108
1429	6	2107
1429	6	2109
1429	6	2029
324	1	327
324	1	326
5039	15	4973
5039	15	4971
4184	14	4185
4184	14	4185
4184	14	4186
9404	20	6706
9404	20	6706
9404	20	6706
532	15	4982
532	15	4983
532	1	533
532	1	491
7511	17	8368
7511	17	6417
9127	17	6368
9127	17	6920
9127	17	8310
9127	17	8049
12455	22	9685
12455	22	9969
12455	22	10735
12455	22	10738
12455	22	10897
292	1	119
292	1	119
292	1	120
11327	22	9992
11327	22	9992
11327	22	9992
11327	22	9992
11327	22	9992
11327	22	9756
11327	22	9996
11327	22	9735
11327	22	10767
11327	22	10417
1183	1	953
1183	1	953
1183	1	1142
11780	22	10707
11780	22	10750
11780	22	11781
11780	22	11782
3718	14	3496
3718	14	3762
3718	14	3714
3718	14	3433
3718	14	3719
3718	14	3495
3554	14	3545
3554	14	3555
4518	14	3496
4518	14	3496
4518	14	3496
3845	14	3495
3845	14	3847
3845	14	3846
3845	14	3496
11579	22	10887
11579	22	10000
11579	22	11556
11579	22	5584
6957	17	6888
6957	17	6941
10913	22	10159
10913	22	10914
10913	22	10373
10913	22	5590
10913	22	9560
10913	22	9563
10913	22	9564
10913	22	9747
12207	22	9945
12207	22	5649
12207	22	9737
12207	22	10930
12207	22	11027
12207	22	11027
12207	22	10665
12207	22	9771
12207	22	10076
12207	22	10007
12481	22	10325
12481	22	10069
12481	22	10069
12481	22	9687
12481	22	10326
12481	22	10326
12481	22	10326
12481	22	9669
12481	22	9891
12481	22	11263
12481	22	11263
12481	22	9698
959	1	210
959	1	148
959	1	312
959	1	948
959	1	163
7136	17	6512
7136	23	2955
7136	17	6530
9383	20	6675
9383	20	6678
9383	20	6678
12145	22	10838
12145	22	11012
12145	22	11263
12145	22	10809
12145	22	10564
12145	22	10327
11744	22	11383
11744	22	11383
11744	22	10377
11744	22	10173
5711	17	2106
5711	17	2106
5711	17	6854
1081	1	599
1081	1	135
1081	1	604
1081	1	535
4935	14	3458
4935	14	3559
4935	14	3456
4935	14	3454
4935	14	3457
4935	14	3472
4935	14	3453
4935	14	3473
4935	14	3455
4935	14	3437
3490	14	3491
3490	14	3439
7870	20	7871
7870	20	7871
7870	20	7871
7870	17	7871
7870	17	7871
7870	20	7871
7870	20	7568
7870	20	9184
7870	20	9184
7870	20	7872
7870	20	7872
7870	20	7872
7870	17	7872
7870	20	6722
7870	17	6722
7870	20	6722
7870	17	6039
7870	20	6039
7870	17	6198
11565	22	11366
11565	22	11366
11565	22	10321
11565	22	10546
11565	22	11180
11565	22	9871
11565	22	9554
626	1	45
626	6	45
626	1	46
626	6	46
12315	22	10076
12315	22	10076
12315	22	10342
12315	22	9790
12315	22	10520
12315	22	9723
12315	22	11003
10446	22	10387
10446	22	10387
10446	22	9685
10446	22	9590
10446	22	9866
10446	22	10301
10446	22	10302
10446	22	10303
10446	22	5651
10446	22	10299
2439	8	2438
2438	8	2439
1173	1	953
1173	1	953
1173	15	4971
1173	1	1142
1173	15	4973
7180	17	8457
7180	17	5817
12480	22	9912
12480	22	11136
12480	22	11136
12480	22	11136
12480	22	10650
12480	22	10650
12480	22	10650
12030	22	10960
12030	22	10960
12030	22	10960
12030	22	9784
12030	22	11257
12030	22	10959
12030	22	9744
12030	22	9918
4555	14	3824
4555	14	3825
4555	14	4439
4555	17	6093
8713	17	6429
8713	17	5990
8713	22	10540
9028	17	6310
9028	17	8665
9028	17	5856
9028	17	6105
9028	17	6990
11115	22	5470
11115	22	11116
11115	22	11116
11115	22	11116
11115	22	10171
7790	17	7792
7790	20	7792
7790	17	6156
7790	17	6937
7790	17	6937
7790	20	7791
7790	17	7791
7790	23	12511
7790	20	8495
7790	17	7066
7790	20	5722
7790	20	7838
7790	17	5799
11465	22	5467
11465	22	11466
11465	22	10146
6522	17	6528
6522	17	6002
6522	17	6023
1506	15	4983
1506	1	684
1506	15	4982
978	1	634
978	1	295
11372	22	9589
11372	22	9934
11372	22	10041
11372	22	9809
11372	22	9809
11372	22	10639
12223	22	9829
12223	22	9698
12223	22	12224
12223	22	9543
12223	22	5584
5429	17	5420
5429	17	7563
5420	16	5429
5420	16	5427
5420	16	5425
5420	16	5430
5420	16	5428
5420	16	5426
5420	16	5421
7271	17	7272
7271	17	8326
11238	22	9775
11238	22	10440
11238	22	10440
11238	22	10381
11238	22	10381
11238	22	10643
11238	22	10646
11238	22	10583
11238	22	10111
11238	22	10258
11238	22	9549
11238	22	10645
11238	22	10642
1860	4	1829
1860	4	1833
1860	23	3060
1860	23	3002
1860	9	2517
4131	14	4044
4131	14	4132
486	15	4982
486	15	4983
2709	14	4743
2709	14	4743
2709	9	2520
12018	22	10438
12018	22	10256
12018	22	10256
12018	22	9924
12018	22	10025
12018	22	10437
12018	22	9840
7458	17	5868
7458	20	5762
7458	17	6947
7458	17	6700
7458	17	6945
8793	17	6867
8793	17	6867
8793	20	6867
8894	17	8895
8894	20	8895
8894	20	6180
8894	20	6626
8969	17	6491
8969	17	5874
8969	17	7811
8969	17	5987
8126	20	7096
8126	17	7096
8126	20	7096
8126	20	7096
8126	20	7096
8126	20	7096
8126	17	7096
8126	17	7096
8126	17	7096
8126	17	7096
8126	20	7096
8126	20	7096
8126	17	6826
8126	20	6826
8126	17	6826
8126	20	6826
8126	20	6826
8126	20	6826
8126	17	6826
8126	20	6826
8126	20	6826
8126	20	5967
8126	20	5967
8126	20	5967
8126	17	7471
8126	20	7471
8126	20	7808
8126	20	7808
8126	20	7808
8126	20	7808
8126	17	7808
8126	20	7808
8126	17	7808
8126	17	7808
8126	20	6825
8126	17	6825
8126	20	6825
8126	20	6825
8126	20	6825
8126	20	6626
8126	20	6827
4619	14	3457
4619	14	3551
4619	14	3552
4619	14	3456
4619	14	3455
4013	14	4017
4013	17	6752
4013	17	6720
4013	14	4127
9503	21	9438
9503	21	9434
7476	22	10011
7476	22	10011
7476	17	7202
12222	22	9890
12222	22	9890
12222	22	10887
12222	22	5469
12222	22	9882
12222	22	2772
12333	22	10127
12333	22	10307
12333	22	11643
12333	22	11643
1500	1	162
1500	1	163
10822	22	9693
10822	22	9716
10822	22	9973
10822	22	10823
10822	22	9694
10822	22	10824
2473	12	2155
2473	12	2023
2473	12	574
2671	23	3072
2671	9	2672
2671	17	5817
2671	17	6171
2671	12	1990
10379	22	9986
10379	22	9986
10379	22	5650
10379	22	9870
10379	22	9854
10379	22	10381
10379	22	9580
10379	22	9740
10379	22	5651
10379	22	9689
3806	14	3715
3806	14	3715
3806	14	3416
11158	22	10686
11158	22	10686
11158	22	10378
11158	22	10735
11158	22	10735
11158	22	9967
11158	22	5589
11158	22	11159
4805	14	3711
4805	14	3711
4805	14	3711
4805	14	3498
11989	22	11450
11989	22	10527
11989	22	11612
11989	22	10522
11989	22	10522
11989	22	11591
11989	22	11591
11989	22	10442
11989	22	11611
714	15	4982
714	15	4983
6484	17	6202
6484	17	6240
6484	17	6240
6484	17	6240
6484	17	6201
10451	22	10453
10451	22	9777
10451	22	10440
10451	22	10157
10451	22	9964
10451	22	10452
6843	20	6207
6843	17	6207
6843	20	6207
6843	20	6207
6843	20	6207
6843	17	7477
6843	17	6582
6843	23	3023
6843	17	6844
10868	22	10107
10868	22	5653
10868	22	10234
10868	22	9959
10868	22	9723
10868	22	9735
10868	22	9871
10868	22	9562
10868	22	9725
10868	22	10604
351	1	122
351	1	123
2177	6	400
2177	6	170
2177	6	405
10747	22	9633
10747	22	9556
10747	22	9743
10747	22	10133
10747	22	9557
10747	22	9683
10747	22	9989
3617	14	3437
3617	14	3457
3617	14	3481
3617	14	3458
3617	14	3473
3617	14	3618
3617	14	3619
1374	1	1142
1374	1	953
1374	1	953
7093	20	6498
7093	20	8707
7093	20	7095
7093	17	7095
7093	20	9002
7093	20	9002
7093	20	9002
7093	20	6497
7093	17	8528
7093	20	8528
7093	20	9010
7093	17	7094
7093	20	7094
5111	15	4971
5111	15	4973
8699	17	6444
8699	17	8410
6693	20	6362
6693	17	6362
6693	20	6362
6693	20	6362
6693	20	6362
6693	17	6363
6693	20	6363
6693	20	6363
6693	20	9194
12312	22	10974
12312	22	11197
12312	22	9881
12312	22	10283
88	1	89
88	0	89
88	6	29
88	1	596
88	0	90
88	1	90
88	6	30
88	6	28
88	13	3245
88	6	26
88	6	332
6788	17	6565
6788	17	6564
6788	17	6789
12131	22	9988
12131	22	9991
12131	22	10746
12131	22	11202
12131	22	10027
12131	22	11564
12131	22	9881
12131	22	10283
12131	22	10283
12306	22	11155
12306	22	10153
4010	14	3791
4010	14	4011
11479	22	9842
11479	22	9653
11479	22	9557
11479	22	9562
11479	22	9808
11479	22	9990
9983	22	5654
9983	22	5654
9983	22	5654
9983	22	5651
9983	22	9985
9983	22	2157
9983	22	9759
9983	22	9759
9983	22	5649
9983	22	5649
9983	22	9734
9983	22	9986
9983	22	9984
9983	22	9747
11535	22	10426
11535	22	10073
11535	22	5470
11535	22	11536
2411	8	2412
2412	8	2411
11404	22	10407
11404	22	11405
11404	22	10342
12007	22	9969
12007	22	10978
12007	22	10018
12007	22	11159
12007	22	10896
12007	22	10131
12007	22	10131
12007	22	9823
12007	22	10077
12007	22	9685
4544	14	3710
4544	14	3446
4544	14	3447
7345	17	6331
7345	17	6292
7345	17	5836
7345	17	7101
7345	17	7063
7345	17	6187
609	1	419
609	1	420
12488	22	10956
12488	22	10450
12488	22	10450
12488	22	9881
12488	22	9859
12488	22	10588
12488	22	11064
12488	22	10283
1390	1	1210
1390	1	129
1390	1	129
4508	14	4509
4508	14	3481
4508	14	3458
4508	14	3473
3059	10	3060
3059	17	7042
3059	17	5897
3059	17	7172
3059	10	2924
3059	17	6229
12353	22	9725
12353	22	10359
12353	22	10359
12353	22	10359
12353	22	10300
12353	22	9736
12353	22	10104
12353	22	10997
8187	17	7504
8187	17	7361
8187	17	7738
2271	8	2272
2272	8	2271
12117	22	9589
12117	22	10453
12117	22	10140
12117	22	9874
12117	22	10252
12117	22	10805
3093	17	5947
3093	17	5947
3093	17	5947
3093	17	5947
3093	17	5947
3093	17	5947
3093	17	5947
3093	17	5947
3093	17	5947
3093	17	7697
3093	17	7697
3093	17	7697
3093	17	6426
3093	17	6120
3093	17	6304
3093	17	6003
3093	17	7696
3093	17	6011
3093	17	6011
3093	17	6011
3093	17	6011
3093	11	3087
3093	23	12538
3093	17	7026
657	1	210
657	1	148
1601	1	1596
1601	1	1597
10601	22	10116
10601	22	10116
10601	22	10602
10601	22	10602
10601	22	9829
10601	22	9827
10601	22	9568
409	1	125
7329	17	7330
7329	20	7330
7329	20	7330
7329	20	7330
7329	20	7330
7329	20	7330
7329	20	7330
7329	20	7330
7329	20	7330
7329	20	7330
7329	20	7330
7329	20	7330
7329	20	7330
7329	20	7330
7329	20	7330
2207	14	3949
2207	17	4313
2207	17	4313
2207	17	5888
2207	10	2983
2207	14	3937
2207	12	2155
3503	14	3462
3503	14	3455
3503	14	3458
3503	14	3504
3503	14	3439
3503	14	3507
3503	14	3473
3503	14	3506
3503	14	3456
3503	14	3505
3503	14	3491
3503	14	3457
3503	14	3437
6407	17	6603
6407	17	6264
6407	17	6410
6407	17	6408
5296	15	4971
5296	15	4973
2798	20	5762
2798	20	5762
2798	20	5762
2798	9	2505
2798	9	2505
2798	20	6012
5730	17	5849
5730	20	5849
5730	17	6583
5730	17	5848
5730	20	5848
5730	20	8255
5730	20	9243
5730	20	5729
5730	17	5729
8139	17	8140
8139	17	6213
8973	17	6988
8973	17	8830
8973	17	6685
8973	17	6782
8009	17	8061
8009	17	8010
7224	17	6909
7224	17	7225
7224	17	7226
458	1	125
458	1	125
458	15	4971
458	15	4973
458	1	126
2734	9	2520
2734	17	6566
2734	17	7467
11924	22	9660
11924	22	9660
11924	22	9597
11924	22	9546
11924	22	10257
12215	22	10504
12215	22	10504
12215	22	10578
12215	22	10430
12215	22	10224
12215	22	10449
12215	22	9926
12215	22	9926
12215	22	10234
12215	22	5468
12215	22	10269
4715	23	12510
4715	23	12504
4715	14	3431
4715	14	3431
4715	14	3431
4715	14	3431
4715	14	3431
4715	14	3431
4715	14	3431
4715	14	3431
4715	14	3431
4715	14	3498
4715	14	3649
2753	11	3089
2753	14	3450
2753	14	3450
2753	14	3450
2753	14	3450
2753	9	2657
2753	14	4272
2753	11	3110
2753	9	2591
2753	11	3111
1890	17	4313
1890	17	4313
1890	17	4313
1890	17	4313
1890	17	4313
1890	17	4313
1890	17	4313
1890	17	4313
1890	4	1831
1890	9	2478
1970	6	2084
1970	6	2084
1970	6	2082
1970	6	2055
1970	6	2085
1970	6	2040
1970	6	2083
8491	17	7251
8491	17	7021
8491	17	6262
10075	22	9693
10075	22	9643
10075	22	10079
10075	22	10076
10075	22	10077
11299	22	9647
11299	22	10750
2385	8	2386
12446	22	9710
12446	22	11574
12446	22	11574
12446	22	9716
12446	22	9622
12446	22	11903
12446	22	9633
2510	20	7092
2510	20	7092
2510	17	7456
2510	9	2505
6599	20	5722
6599	20	5722
6599	23	12547
6599	23	12547
6599	17	6600
12362	22	9701
12362	22	9701
12362	22	9949
8385	17	6514
8385	17	6512
8385	23	2981
8385	23	2982
8385	23	3023
7243	17	5453
7243	17	7244
3097	11	3118
3097	11	3098
9019	17	7155
9019	17	5836
11831	22	11315
11831	22	11315
11831	22	11315
11831	22	11315
11831	22	9887
11831	22	9979
11831	22	10749
11831	22	9639
11831	22	9994
11831	22	9893
11831	22	9710
11831	22	9710
11831	22	10715
11831	22	11832
7260	20	6780
7260	20	6780
7260	20	6780
7260	17	7126
8887	17	6068
8887	17	7633
3105	17	6125
3105	17	6126
3105	11	3087
11270	22	10105
11270	22	9859
11270	22	9677
11270	22	9679
11270	22	9756
11270	22	9639
11270	22	9994
12048	22	9766
12048	22	10244
12048	22	10959
12048	22	10229
12048	22	10229
12048	22	10229
12048	22	10340
12048	22	10340
12048	22	9783
12048	22	10233
11630	22	9554
11630	22	9554
11630	22	9606
11630	22	9606
11630	22	9605
11630	22	9846
12407	22	10995
12407	22	10995
12407	22	10995
12407	22	9866
12407	22	10211
12407	22	9900
12407	22	10045
10498	22	10500
10498	22	5649
10498	22	9735
10498	22	10499
10498	22	9590
10498	22	9630
10498	22	2157
10498	22	9546
10498	22	10264
10498	22	5653
8892	20	7860
8892	20	7513
8892	20	7513
8892	20	7513
8892	20	7513
8892	20	7513
8892	20	7513
8892	20	7513
8892	20	7513
8892	20	7513
8892	17	7513
8892	20	7513
8892	20	7513
8892	17	8236
8892	20	8236
8892	17	8236
8892	20	8236
8892	20	7090
8892	20	7862
8892	20	7862
8892	20	9182
8892	20	9182
8892	20	9182
8892	20	5665
8892	20	5665
8892	20	5665
8892	20	6983
8892	20	9165
8892	20	6306
8892	20	6763
6609	22	9839
6609	22	11175
6609	22	11175
6609	17	6526
6609	22	10646
6609	22	10392
6609	22	10258
6609	22	10028
9495	21	9442
9495	21	9457
9495	21	9451
5627	17	7298
5627	17	7298
5627	17	8370
5627	17	8370
5627	17	8370
5627	17	6543
5627	17	7189
10748	22	10750
10748	22	10749
10748	22	9712
8759	20	6706
8759	20	6706
8759	20	6706
8759	20	6706
8759	17	6706
8759	20	6706
8759	20	6706
8759	17	5873
8759	20	6780
8704	20	9318
8704	20	8705
8704	20	8705
8704	20	8705
8704	20	8705
8704	17	8705
8704	20	8705
8704	20	8705
8704	17	8705
8704	17	6156
8704	20	8706
8704	17	8706
8704	20	8706
8704	17	8289
8704	20	8289
8704	17	6582
8704	17	8313
8704	20	8313
8704	20	8313
8704	17	8313
8704	17	8313
8704	20	8313
8704	20	8257
8704	20	8257
1217	1	1142
1217	1	953
1217	1	953
11790	22	10307
11790	22	10307
11790	22	10251
11790	22	10251
11790	22	10251
11790	22	10129
11790	22	9779
11283	22	10721
11283	22	10849
11283	22	10083
11283	22	10824
11283	22	10362
11283	22	10730
11625	23	3073
11625	22	10012
9227	20	6875
9227	23	12508
142	6	29
142	6	29
142	6	143
142	1	143
142	1	1471
142	6	1471
142	6	30
8544	17	7092
8544	20	7092
8544	17	6064
3125	11	3118
3125	11	3118
3125	14	3496
9113	17	5806
9113	17	5806
9113	20	9165
9113	20	7513
9113	20	7513
9113	20	7513
9113	20	7513
9113	20	7513
9113	20	7862
9113	20	7862
9113	20	7862
9113	20	7862
9113	20	7862
9113	20	7090
9113	17	7090
9113	20	7090
9113	20	9182
9113	20	9182
9113	20	9182
9113	17	6341
9113	17	7861
1221	1	129
1221	1	122
1221	1	1210
2440	8	2318
2318	8	2317
2318	8	2440
4823	14	4044
4823	14	3785
7895	20	7017
7895	17	7017
7895	20	7017
7895	20	7016
7895	20	7016
7895	17	7016
3237	12	116
3237	12	117
2645	9	2505
2645	9	2505
2645	17	6933
2754	20	6706
2754	20	6706
2754	20	6706
2754	9	2505
19	6	2025
19	6	2008
19	6	2160
19	6	2087
19	0	20
19	0	20
19	6	2045
19	6	2018
19	6	625
19	6	2028
19	6	2009
10711	22	9986
10711	22	10210
10711	22	6517
10711	22	9703
10711	22	5648
10711	22	9870
10711	22	10153
1708	2	1671
1708	2	1672
7890	20	6467
7890	20	6467
7890	17	6467
7890	20	6467
7890	20	6467
7890	20	8897
7890	20	6853
7890	17	6853
7890	20	6853
7890	20	6853
7890	20	6469
7890	20	6469
7890	20	8444
7890	20	6678
7890	20	6678
7890	20	6678
7890	20	6678
7890	17	6678
7890	20	6675
7890	20	6675
7890	20	6675
7890	20	6675
7890	20	6675
7890	20	6675
7890	17	6675
7890	20	7887
7890	20	7792
7890	20	7301
7890	20	7301
7890	20	7301
7890	20	7301
7890	17	7301
7890	20	6937
7890	20	9310
7890	20	6679
7890	20	6679
7890	20	7119
7890	20	9267
7890	20	6867
7890	20	6850
7890	20	7095
7890	20	6600
7890	20	7885
11922	22	9576
11922	22	10786
11922	22	10106
11922	22	10106
11922	22	10619
11922	22	9553
11922	22	9553
11922	22	10348
11922	22	9562
7419	17	6543
7419	17	7080
7419	17	5811
9094	22	9701
9094	22	5584
9094	22	10858
9094	22	10858
9094	22	10157
9094	22	10157
9094	22	9622
9094	22	9827
9094	17	6570
9094	22	10857
12469	22	9756
12469	22	9756
12469	22	12297
12469	22	9990
12469	22	9990
12469	22	9858
12469	22	9636
12469	22	10285
12469	22	9833
12180	22	9556
12180	22	10795
12180	22	10917
12180	22	9681
12180	22	9549
12180	22	9553
12180	22	10273
12391	22	9636
12391	22	10284
12391	22	10344
12391	22	11064
12391	22	9858
12391	22	10789
12391	22	9996
12391	22	11564
12391	22	9991
12109	22	9554
12109	22	9871
12109	22	11578
12109	22	11578
12109	22	10093
12109	22	9810
12109	22	10381
12109	22	9807
12119	22	9898
12119	22	9713
12119	22	10930
12119	22	9758
12119	22	9693
12119	22	11591
4162	14	4163
4162	14	4164
4162	14	4165
4162	14	4165
4162	14	4165
7154	17	5999
7154	17	5836
7154	20	7092
7154	20	7092
7154	20	7092
7154	20	7092
7154	20	7092
7154	17	7155
7154	17	6357
7355	20	6780
7355	20	6780
7355	20	6780
7355	20	6780
7355	20	6780
7355	20	6780
7355	20	6780
7355	20	6780
7355	20	6780
7355	20	6780
7355	20	6780
7355	20	6780
7355	20	6780
7355	20	6780
7355	20	6780
7355	17	7356
7355	17	7199
7355	17	7142
12135	22	10605
12135	22	9816
12135	22	9540
12135	22	9986
12135	22	9834
3699	14	3724
3699	14	3700
3699	14	3573
3699	14	3912
7740	17	7618
7740	17	6399
7740	20	6780
7740	20	6780
7740	20	6780
7740	20	6780
7740	20	6780
7740	20	6780
7740	20	6780
7740	20	6780
7740	20	6780
7740	20	6780
7740	20	6780
7740	20	6780
7740	20	6780
7740	20	6780
8941	17	6240
8941	17	6240
8941	17	6240
8941	17	6240
8941	17	6240
8941	17	6240
8941	17	6800
8941	17	6800
8941	17	6800
8941	17	6800
8941	17	6800
8941	17	6201
8941	17	6797
8941	17	6797
8941	17	6798
8941	17	8703
8941	17	8703
8423	17	6606
8423	17	6413
8423	17	5821
8423	17	8875
8423	17	6711
8423	17	6707
8519	17	6331
8519	17	6008
8519	17	7092
8519	17	7064
8519	17	7063
8519	17	5916
10716	22	10365
10716	22	9546
10716	22	9547
10716	22	9606
10716	22	9615
2294	23	12511
2294	8	2295
2294	20	5722
2895	20	6706
2895	20	6706
2895	20	6706
2895	20	6706
2895	20	6706
2895	20	6706
2895	17	5873
2895	17	5912
2895	9	2517
7421	22	10440
7421	22	10805
7421	22	9887
7421	22	9863
1530	6	32
1530	1	32
1530	6	1530
1530	1	30
1530	6	30
2369	17	7868
2369	8	2370
1854	23	2921
1854	4	1839
11846	22	9543
11846	22	9568
11846	22	9831
11846	22	9728
12220	22	10940
12220	22	10767
12220	22	10767
12220	22	10767
12220	22	10786
12220	22	10786
12220	22	10417
12220	22	9774
7810	17	7811
7810	17	6782
6989	17	6991
6989	17	5856
6989	17	5857
6989	17	6990
11567	22	9912
11567	22	11366
11567	22	10651
11567	22	10650
10555	22	9900
10555	22	9709
10555	22	9727
10555	22	10044
10555	22	10044
4036	14	3498
4036	14	3431
4036	14	3431
4036	14	3431
4036	14	3431
4036	14	3431
4036	14	3431
9869	22	6517
9869	22	9689
9869	22	9853
9869	22	9572
9869	22	9816
9869	22	9871
9869	22	5648
9869	22	9870
9869	22	9540
12083	22	9712
12083	22	9712
12083	22	9543
12083	22	9827
10684	22	10388
10684	22	10234
10684	22	10505
10684	22	5468
10684	22	9756
10684	22	9759
10684	22	10041
1566	1	210
1566	1	148
742	1	748
742	1	748
742	15	4990
3905	14	3495
3905	14	3847
6544	17	7413
6544	17	6221
6544	17	6647
6544	17	6646
6544	17	6003
6544	17	2072
6544	17	6081
5528	17	5411
9151	22	11045
9151	22	9777
9151	22	10100
9151	22	10100
9151	22	10100
9151	22	9773
9151	22	9773
9151	22	10157
9151	22	10157
9151	22	10157
9151	19	205
9151	22	10073
9197	20	6012
9197	20	6012
9197	20	6012
9197	20	6012
9197	20	6012
9197	20	6012
9197	20	6012
9197	20	6012
7443	17	6256
7443	20	6256
7443	20	7400
7443	17	7444
7443	20	7444
7443	20	7605
7443	20	5700
7443	20	7607
7443	20	6257
2274	8	2273
2274	8	2279
2273	8	2274
2563	9	2482
2563	17	7750
9755	22	9759
9755	22	9663
9755	22	9756
9755	22	9587
9755	22	9758
9755	22	5651
9755	22	9580
9755	22	9580
11552	22	10016
11552	22	10510
11552	22	10509
11552	22	10082
11552	22	10082
11552	22	11427
11552	22	11553
11552	22	9790
12358	22	9639
12358	22	9639
12358	22	9858
12358	22	9668
12358	22	10767
12358	22	10284
12358	22	9989
12358	22	10790
12358	22	10910
12358	22	9994
4033	14	4035
4033	14	4035
4033	14	3882
4033	14	4034
4033	14	4064
2514	17	7041
2514	9	2515
2514	17	6349
2514	17	6855
8352	20	7926
8352	17	7926
1915	5	1926
1915	5	6
1915	5	1916
5889	17	5891
5889	17	5892
5889	17	5890
11446	22	11274
11446	22	11274
11446	22	10128
11446	22	11250
11446	22	9781
11446	22	10341
11446	22	10341
11446	22	9779
10943	22	10422
10943	22	10944
10943	22	9647
10943	22	9643
10943	22	9693
10108	22	10110
10108	22	10110
10108	22	9567
10108	22	9999
10108	22	10113
10108	22	9707
10108	22	10111
10108	22	9712
11430	22	10904
11430	22	10530
11430	22	11266
11430	22	11266
11430	22	11168
11430	22	10265
11430	22	10202
11430	22	10403
11675	22	9728
11675	22	9727
11675	22	10191
11675	22	10655
11675	22	9669
11675	22	9732
11675	22	9568
715	1	125
11179	22	11180
11179	22	5589
11179	22	10505
3459	14	3464
3459	14	3437
3459	14	3461
3459	14	3463
3459	14	3460
3459	14	3462
10120	22	10121
10120	22	9791
10120	22	10122
12460	22	9912
12460	22	5468
12460	22	5468
12460	22	11180
12460	22	10545
12460	22	9890
10841	22	9663
10841	22	9663
10841	22	9759
10841	22	5655
10841	22	5655
10841	22	9583
10841	22	9584
10841	22	9587
10841	22	10121
10841	22	10738
1433	15	4995
1433	9	2495
1433	9	2494
1433	9	2490
1433	9	2485
1433	15	4969
1433	9	2496
2388	20	5762
2388	20	5762
2388	20	5762
2388	20	5762
2388	20	5762
2388	20	5762
2388	17	5762
2388	8	2387
2388	17	5868
2388	17	6873
10525	22	10524
10525	22	9653
10525	22	10522
10525	22	10522
10525	22	10528
10525	22	10526
10525	22	10527
4850	14	3495
4850	17	7233
1356	1	1142
1356	1	953
1356	1	953
702	6	26
702	1	26
702	6	28
702	1	28
12280	22	9564
12280	22	10786
12280	22	9563
12280	22	5585
12280	22	9590
10175	22	9595
10175	22	9589
576	1	577
576	1	577
3629	14	3458
3629	14	3473
3629	14	3457
3629	14	3437
7517	17	6795
7517	17	5869
7517	17	6566
7517	17	7518
7517	17	5999
7517	17	6061
10409	22	9787
10409	22	9787
10409	22	9918
10409	22	9918
10409	22	9752
10409	22	9752
10409	22	10337
10409	22	10294
10409	22	9683
10409	22	9766
10409	22	9783
2427	8	2426
8903	20	6867
8903	17	7301
9922	22	9568
9922	22	9728
9922	22	9729
9922	22	5653
9922	22	9831
9922	22	9924
9922	22	9926
9922	22	9701
9922	22	9570
9922	22	9663
12301	22	9944
12301	22	9944
12301	22	9567
12301	22	11556
12301	22	10778
12301	22	10142
12301	22	10583
12301	22	10689
12301	22	9976
12301	22	10143
10722	22	10724
10722	22	10633
10722	22	9996
10722	22	9959
10722	22	9639
10722	22	9756
10722	22	9756
10722	22	10723
9960	22	9544
9960	22	9961
9960	22	9961
9960	22	9961
9960	22	9871
9960	22	9804
9960	22	9804
2080	6	117
2080	6	115
2080	6	2081
2080	6	116
5661	16	5663
5661	16	5663
5661	16	5663
5661	16	5663
2959	10	2924
2959	17	5817
9975	22	9976
9975	22	9568
9975	22	9543
9975	22	9570
9975	22	9827
9975	22	9728
4542	20	6012
4542	20	6012
4542	14	3731
3352	13	3245
3352	21	9473
8209	17	5873
8209	17	6372
8209	20	6780
3049	10	3001
3049	17	6389
3049	17	7092
4717	21	9443
4717	20	6012
4717	20	6012
4717	20	6012
4717	20	6012
4717	20	6012
4717	20	6012
4717	20	6012
4717	20	6012
4717	20	6012
4717	20	6012
4717	20	6012
4717	17	6012
4717	14	3711
12311	22	11225
12311	22	10767
12311	22	11202
12311	22	11175
12311	22	9668
9068	20	7605
9068	20	7605
9068	17	7605
9068	20	7605
9068	20	7400
9068	20	7400
9068	17	7400
9068	17	7051
9068	20	7150
9068	20	7150
9068	20	7150
9068	20	7150
9068	21	9443
1781	3	1776
1781	3	1778
7753	20	7282
7753	17	7282
7753	20	7282
7753	20	7754
7753	17	7754
2619	17	6408
2619	9	2520
2619	17	8252
2643	20	6780
2643	20	6780
2643	20	6780
2643	20	6780
2643	20	6780
2643	17	6780
2643	20	6780
2643	20	6780
2643	9	2520
2643	9	2593
2643	10	2965
2643	17	6606
2643	17	6262
2643	17	8409
2643	10	2951
549	1	539
549	1	540
4843	14	4470
4843	17	6506
4843	14	4469
5256	15	4973
5256	15	4971
5403	17	5798
5403	17	5815
5403	17	6198
5403	20	6028
5403	17	5402
6523	17	6715
6523	17	6362
1285	1	129
1285	1	129
1285	1	1210
7673	17	5838
7673	17	6974
4751	14	4505
4751	14	3937
11169	22	9880
11169	22	9880
11169	22	9880
11169	22	10134
11169	22	5473
11169	22	10243
11169	22	10692
11169	22	9784
11169	22	10244
11169	22	10388
11169	22	10510
11169	22	10673
1852	14	4244
1852	14	3450
1852	4	1833
1852	11	3085
7762	17	7029
7762	17	7326
3998	14	3454
3998	14	3457
3998	14	3456
3998	14	3455
11988	22	11126
11988	22	9648
11988	22	10007
11988	22	9643
11988	22	9643
11988	22	9829
11988	22	10417
11988	22	9630
4629	14	4362
4629	14	4537
4629	14	4537
11959	22	10449
11959	22	10569
11959	22	10569
11959	22	10569
3662	17	6059
3662	14	3441
3662	14	3645
12186	22	10217
12186	22	11495
12186	22	11495
12186	22	11276
8872	17	6201
8872	17	6202
8872	17	6800
8872	17	6798
8353	20	5762
8353	20	5762
8353	20	5762
8353	20	5762
8353	20	5762
8353	20	5762
8353	20	5762
8353	20	5762
8353	20	5762
8353	17	6653
8353	17	5853
8353	17	6486
8154	20	7092
8154	20	7092
8154	20	7092
8154	20	7092
8154	17	7092
8154	20	7092
8154	20	7092
8154	20	7092
8154	20	7092
8154	20	7092
8154	17	5935
8154	17	5817
12070	22	10932
12070	22	9669
12070	22	9893
12070	22	9891
12070	22	10069
11470	22	10101
11470	22	10047
11470	22	9988
11470	22	9853
11470	22	10763
11470	22	5655
11470	22	10853
3064	17	5947
3064	17	5947
3064	17	5947
3064	17	5947
3064	17	6601
3064	17	6601
3064	10	3054
3064	11	3087
3064	17	5950
3064	17	5950
3064	17	6617
6108	20	7092
6108	20	7092
6108	20	7092
6108	20	7092
6108	20	7092
6108	20	7092
6108	17	6110
6108	17	6109
1453	15	4973
1453	15	4971
1453	1	420
1453	1	419
2519	9	2520
2519	17	6495
12206	22	9822
12206	22	9970
12206	22	9970
12206	22	9576
12206	22	9576
12206	22	10686
12206	22	9683
12206	22	10018
12206	22	9823
11865	22	9549
11865	22	10518
11865	22	9934
11865	22	9550
11865	22	9590
11865	22	9590
11865	22	9683
11865	22	9756
11865	22	10047
11865	22	9548
11865	22	9556
12392	22	9633
12392	22	9980
12392	22	9871
12392	22	10786
12392	22	10786
12392	22	10786
12392	22	10549
12392	22	10549
7353	17	7254
7353	17	7354
7353	20	7354
2797	17	7319
2797	9	2482
7250	17	5821
7250	20	6706
7250	20	6706
7250	20	6706
7250	17	7251
7250	20	6780
7250	17	7732
7250	17	5874
4145	14	4146
4145	14	4011
6784	17	5927
6784	20	5927
6784	20	5927
6784	20	5983
6784	20	5983
6784	17	5972
6784	20	6131
6784	17	6785
6784	20	9177
12277	22	10720
12277	22	9696
12277	22	11662
12277	22	11662
12277	22	10040
12277	22	10300
12277	22	10153
12277	22	10834
2735	9	2494
2735	9	2490
2735	15	4969
4728	14	3861
4728	14	3861
4728	14	4044
4728	14	4132
4750	17	6078
4750	14	4399
9940	22	9789
9940	22	9789
9940	22	9794
9940	22	9785
9940	22	9937
9940	22	9934
2817	17	6067
2817	17	5875
2817	17	5836
2817	17	5896
2817	17	6812
2817	17	6066
2817	17	6065
2817	17	6267
2817	9	2520
2817	17	6068
5503	22	2157
5503	22	9985
5503	17	5493
3218	19	948
3218	12	2055
3218	23	2920
3218	17	8377
3218	12	2018
2888	9	2505
2888	17	7848
6994	17	6921
6994	17	6368
629	1	332
629	1	28
629	1	30
6477	17	6324
6477	17	6479
10965	22	10631
10965	22	9994
10965	22	9994
10965	22	9994
10965	22	10789
10965	22	9592
10965	22	9981
10965	22	9996
10965	22	5648
10965	22	9756
2126	6	2088
2126	6	2066
2126	6	2045
2126	6	2009
2126	6	2008
2126	6	2025
2126	6	625
2126	6	2036
1740	2	1671
1740	2	1672
12036	22	9823
12036	22	9823
12036	22	10735
12036	22	10669
12036	22	9822
12036	22	10897
12036	22	10445
12036	22	10065
12036	22	10686
12036	22	10719
12036	22	10077
12036	22	10738
12036	22	9829
12036	22	10092
12036	22	10707
3372	13	3263
3372	13	3308
11286	22	9846
11286	22	9846
11286	22	10583
11286	22	9894
11286	22	10253
11286	22	10069
11286	22	10714
11286	22	9895
11286	22	9891
6199	17	6201
6199	17	6202
2822	17	6706
2822	20	6706
2822	20	6706
2822	20	6706
2822	20	6706
2822	20	6706
2822	20	6706
2822	20	6706
2822	9	2529
2822	14	3475
662	15	4982
662	1	671
662	15	4983
662	1	663
2744	10	2924
2744	9	2593
9229	20	6233
9229	20	8226
10973	22	10666
10973	22	9833
10973	22	10974
10973	22	9859
7650	17	7047
7650	17	7651
482	1	497
482	1	497
482	1	483
12167	22	10301
12167	22	9756
12167	22	11276
12167	22	10302
12167	22	10299
12167	22	9994
12167	22	10003
12167	22	9574
7216	20	7217
7216	17	7217
7216	17	7219
7216	20	7219
7216	17	7423
7216	20	7423
7216	20	5921
7216	20	5923
7430	17	7428
7430	17	6725
2195	14	4693
2195	14	4693
6589	20	8558
6589	20	8558
6589	17	8558
6589	17	6591
6589	17	6590
10547	22	10153
10547	22	9696
10547	22	9887
10547	22	10549
5084	15	4971
5084	15	4973
4257	14	4258
4257	14	4258
4257	14	3696
4257	14	3901
5070	15	5010
5070	15	4973
9381	20	5762
9381	20	5762
9381	20	5762
9381	20	5762
9381	21	9471
1746	2	1672
1746	2	1671
1746	12	26
349	18	670
349	18	348
349	18	623
670	1	349
670	15	4983
670	15	4982
11743	22	11386
11743	22	9898
11743	22	10274
1247	1	1210
1247	1	129
1247	1	129
2049	6	28
2049	6	332
2049	6	30
9084	20	6706
9084	20	6706
9084	20	6706
9084	20	6706
9084	17	5816
3772	17	5975
3772	14	3690
3117	11	3098
3117	11	3118
10875	22	10157
10875	22	10157
10875	22	9777
10875	22	10217
10875	22	10037
10875	22	10499
10875	22	9597
10875	22	9934
10875	22	9698
9222	20	5762
9222	20	5762
9222	20	5762
9222	20	5762
9222	20	5762
9222	20	5762
2632	21	9443
2632	9	2476
2632	9	2517
7777	17	7092
7777	20	7092
7777	20	7092
7777	17	6001
11232	22	9984
11232	22	9785
11232	22	5649
11232	22	10229
11232	22	9663
11232	22	9783
11232	22	9791
2919	17	7235
2919	17	7192
2919	17	6593
2919	17	6026
2919	17	6213
2919	9	2505
2919	17	5874
2919	17	7234
2919	17	7233
5068	15	4973
5068	15	4971
9742	22	9744
9742	22	9744
9742	22	9743
9742	22	9747
9742	22	9653
0	1	625
0	0	1
0	1	1
0	1	46
9897	22	9900
9897	22	9902
9897	22	9884
9897	22	9829
9897	22	9901
9897	22	9898
2309	8	2310
2309	8	2310
2309	17	6826
2309	20	6826
2309	19	9157
2309	20	6825
2309	20	7096
2309	17	7096
2309	20	7808
2309	20	7808
2310	20	5722
2310	19	9157
2310	19	1991
2310	20	6937
2310	19	169
2310	19	1992
10416	22	9679
10416	22	10417
10416	22	10418
10918	22	9728
10918	22	9701
10918	22	9884
10918	22	9570
10918	22	10088
10918	22	9707
10918	22	10919
10918	22	10919
10918	22	10920
3227	12	46
3227	17	6259
9431	20	5762
9431	20	5762
9431	20	5762
9431	20	5762
9431	20	5762
9431	20	5762
9431	20	5762
9431	20	5762
9431	20	5762
9431	20	5762
9431	20	5762
9431	20	5762
9431	20	5762
9431	20	5762
11104	22	9858
11104	22	9858
11104	22	9863
3383	13	3384
3383	13	3263
5250	15	4973
5250	15	4971
12192	22	11226
12192	22	9736
12192	22	9736
12192	22	10626
12192	22	9723
12192	22	9723
12192	22	5589
12192	22	5589
7184	20	6706
7184	20	6706
7184	20	6706
7184	20	6706
7184	20	6706
7184	20	6706
7184	17	7185
7184	17	7186
11919	22	10645
11919	22	10642
11919	22	10583
11919	22	10858
10137	22	9926
10137	22	9794
10137	22	9789
10137	22	9651
10137	22	9561
10137	22	9788
5196	15	5185
5196	15	5113
11178	22	9547
11178	22	9672
11178	22	5109
11178	22	9666
11178	22	9674
2625	20	5762
2625	20	5762
2625	9	2505
3068	10	2929
3068	23	2922
3068	23	3027
1100	6	26
1100	6	28
1100	1	1093
1100	1	578
2881	9	2779
2881	9	2505
2976	10	2912
2976	10	2977
6567	22	10583
6567	17	6570
6567	17	6276
6567	17	6275
6567	17	6569
6567	22	10258
12258	22	9592
12258	22	9636
12258	22	9716
12258	22	9574
12258	22	11832
12258	22	10587
12258	22	11064
10511	22	9994
10511	22	10340
10511	22	10340
10511	22	9789
10511	22	9663
10511	22	9871
10511	22	9871
10511	22	9788
10511	22	9785
10511	22	9791
10511	22	9592
11240	22	9911
11240	22	11180
6562	17	6465
6562	17	7454
801	1	601
801	15	5088
801	15	4987
11291	22	10914
11291	22	10605
11291	22	9545
11291	22	5589
11291	22	9590
11291	22	10808
11291	22	10230
4277	14	3496
4277	17	6417
273	1	125
273	1	125
273	1	126
12273	22	10040
12273	22	10040
12273	22	10720
12273	22	11662
12273	22	10834
8904	20	9182
8904	20	9182
8904	20	9165
8904	20	9165
8904	20	6763
8904	20	6763
8904	20	6763
8904	20	9112
8904	20	6764
8904	20	7513
8904	20	7513
8904	20	6983
8904	17	6983
8904	20	7862
8904	17	6342
8904	20	5984
8904	20	5984
5993	17	5995
5993	17	5996
5993	17	5994
5993	17	5997
9280	20	8444
9280	20	6852
4514	14	3587
4514	14	3466
4514	14	4515
4514	14	4017
4514	14	4127
1526	1	30
1526	6	30
1526	1	32
1526	6	32
1225	1	129
1225	1	129
1225	1	1210
1454	1	1455
1454	15	5048
4623	14	3473
4623	14	3458
4623	14	3619
4623	14	3618
4623	14	3463
4623	14	3457
4623	14	3685
4623	14	3455
4623	14	3472
4623	14	3437
4623	14	3456
11555	22	11556
11555	22	11556
11555	22	10904
11555	22	9567
11555	22	11041
11555	22	10689
11555	22	10079
10909	22	9881
10909	22	9988
10909	22	9994
10909	22	9756
10909	22	10285
10909	22	9833
10909	22	9992
10909	22	9992
10909	22	10910
5435	16	5436
5435	16	5437
5435	16	5437
5435	16	5437
5435	16	5438
5435	16	5439
7986	20	8805
7986	17	8805
7986	17	8805
7986	20	8805
7986	20	8805
7986	20	8805
7986	17	8805
7986	20	7770
3894	14	3895
3894	14	3896
3894	14	3721
7759	17	7613
7759	17	6782
11500	22	10230
11500	22	10359
11500	22	10359
11500	22	10359
11500	22	10359
11500	22	10029
11500	22	9780
11500	22	9723
11500	22	9724
11500	22	9725
7826	17	6412
7826	17	6985
7826	17	5836
7826	17	6216
7893	17	6706
7893	20	6706
7893	20	6706
7893	20	6706
7893	20	6706
7893	20	6706
7893	20	6706
7893	20	6706
7893	20	6706
7893	20	6706
3076	23	3077
3076	10	3077
3076	23	12551
4899	14	3500
4899	14	3500
4899	14	3623
4899	14	4900
4899	14	4900
5440	16	5443
5440	16	5441
5440	16	5444
5440	16	5442
7446	20	6780
7446	20	6780
7446	20	6780
7446	20	6780
7446	20	6780
7446	20	6780
7446	20	6780
7446	20	6780
7446	20	6780
7446	20	6780
7446	20	6780
7446	20	6780
7446	20	6780
7446	20	6780
7446	20	6780
7446	20	6780
7446	17	7126
7446	17	7197
12062	22	10885
12062	22	10278
12062	22	10278
12062	22	10278
12062	22	9553
12062	22	10277
12062	22	10277
12062	22	10143
12062	22	10142
12062	22	11034
10566	22	10113
10566	22	9884
10566	22	9906
10566	22	10052
10566	22	10313
10566	22	10567
10566	22	10567
8106	20	5967
8106	20	8895
8106	17	7473
8106	20	7473
8106	17	7473
8106	20	7473
8106	20	7480
8106	17	7480
8106	20	7903
8106	20	8676
8106	17	5921
8106	20	5921
8106	20	8260
4637	14	4638
1673	2	1672
1673	17	6754
1673	2	1671
3990	14	3458
3990	14	3457
3990	14	3456
3990	14	3473
3990	14	3437
9904	22	9908
9904	22	9820
9904	22	9907
9904	22	9728
9904	22	9906
9904	22	9840
10907	22	10215
10907	22	9827
10907	22	10045
10907	22	9701
10907	22	10323
10907	22	10044
4418	14	3496
4418	14	3495
7439	17	6909
7439	17	6952
7439	17	6520
7439	17	6653
7439	17	7268
7439	17	6700
2927	10	2931
2927	10	2930
2927	10	2920
2927	17	5912
2927	10	2928
2927	10	2929
3706	14	3708
3706	14	3708
3706	14	3708
3706	14	3708
3706	14	3707
10682	22	9926
10682	22	9570
10682	22	9701
10682	22	9701
10682	22	9730
10682	22	9728
10682	22	9732
3121	14	3450
3121	14	3450
3121	14	3450
3121	23	2947
3121	11	3081
11254	22	10445
11254	22	10265
11254	22	10265
11254	22	9685
11254	22	9823
11254	22	9822
11254	22	10475
2349	20	8102
2349	17	8102
2349	20	8102
2349	20	8102
2349	17	8102
2349	20	8102
2349	20	8101
2349	20	8101
2349	20	8101
2349	20	8101
2349	20	8101
2349	20	8101
2349	17	8101
2349	17	8101
2349	20	8101
2349	17	8101
2349	20	8101
2349	17	8101
2349	20	8101
2349	20	8101
2349	17	8101
2349	20	8101
2349	20	8101
2349	17	8101
2349	20	8101
2349	20	8101
2349	20	8101
2349	20	8101
2349	20	8100
2349	20	8100
2349	17	8100
2349	17	8104
2349	20	8104
2349	20	8104
2349	17	8103
2349	20	8103
2349	17	6034
2349	8	2348
10818	22	9945
10818	22	9810
10818	22	9885
10818	22	9885
10818	22	9623
10818	22	9947
10818	22	10074
10818	22	10018
10818	22	9946
10818	22	9880
10818	22	9880
11418	22	5177
11418	22	2024
9288	20	5762
9288	20	5762
9288	20	5762
9288	20	5762
9288	20	5762
1868	4	1833
1868	4	1888
1868	23	2921
12464	22	9901
12464	22	9901
12464	22	9722
12464	22	9973
12464	22	9973
1847	4	1839
1847	17	6566
1847	17	7866
1847	17	6188
1847	17	7456
1847	17	5874
1847	17	6288
3354	13	3255
3354	13	3269
466	1	125
466	1	125
466	1	126
12210	22	9890
12210	22	10321
12210	22	10321
12210	22	10546
12210	22	10283
12210	22	9912
12210	22	9882
11387	22	9695
11387	22	10321
11387	22	10652
11108	22	10417
11108	22	9797
11108	22	9829
11108	22	10094
11108	22	10115
10788	22	10767
10788	22	10767
10788	22	9663
10788	22	9799
10788	22	9858
10788	22	9858
10788	22	10539
10788	22	2157
10788	22	10789
10788	22	9630
10788	22	10101
10788	22	10299
10788	22	10790
1824	3	1776
1824	3	1778
1894	23	2920
1894	17	5836
1894	17	6566
1894	9	2598
1894	12	2155
1894	4	1839
1894	17	7142
1894	11	3107
1894	19	1993
1894	17	7143
630	6	29
630	1	632
630	6	45
630	6	30
630	6	46
630	1	46
630	6	332
1394	1	230
1394	6	115
1394	6	86
230	1	179
1019	1	287
1019	1	863
1473	1	114
1473	1	114
1473	1	1474
114	1	117
114	1	116
114	1	115
1	1	45
1	1	46
12078	22	9570
12078	22	9829
12078	22	10111
12078	22	9728
12078	22	9552
12078	22	9709
12078	22	9730
12078	22	9729
9315	20	7092
9315	20	7092
9315	20	7092
9315	20	7092
9315	20	7092
9315	20	7092
9315	20	7092
9315	20	7092
9315	20	7092
9315	20	7092
9315	20	7092
9315	20	7092
9315	20	7092
9315	20	7092
8983	17	5818
8983	17	5816
8983	17	5817
8983	17	6005
8983	17	6791
4904	14	3437
4904	14	3457
4904	14	3456
4904	14	4893
4904	14	4893
4904	14	3551
4904	14	3455
4904	14	3552
11834	22	10229
11834	22	9790
11834	22	9916
11834	22	9916
11834	22	9783
11834	22	11427
11834	22	10349
11834	22	9752
1171	1	953
1171	1	953
1171	1	1142
1171	15	4973
1171	15	4971
1865	4	1839
1865	20	6706
1865	20	6706
1865	20	6706
1865	20	6706
1865	20	6706
1865	20	6706
1865	20	6706
1865	17	6706
1865	20	6706
1865	20	6706
1865	20	6706
1865	17	6897
1865	20	6780
1865	17	6979
824	1	247
824	15	4982
824	1	243
824	15	4983
2298	8	2299
2298	8	2300
2298	12	2155
2298	17	6153
2299	8	2298
2299	20	7119
7339	20	7278
7339	20	9178
7339	20	7342
7339	17	7342
7339	17	7161
7339	17	7343
7339	20	7343
7339	20	9250
7339	20	6159
7339	20	7803
7339	20	5453
7339	17	7244
7339	20	5848
7339	20	6815
7339	17	7340
5121	15	4973
5121	15	4971
7598	17	6793
7598	17	7600
7598	17	7599
10414	22	5589
10414	22	10415
10414	22	10295
10414	22	10388
10414	22	9545
11847	22	10323
11847	22	9953
11847	22	9953
11847	22	11442
11847	22	9893
11847	22	9889
11847	22	10714
11847	22	9894
11847	22	10729
2651	9	2652
2651	9	2752
10586	22	10589
10586	22	9592
10586	22	9979
10586	22	10524
10586	22	10027
10586	22	10522
10586	22	9756
10586	22	10588
10586	22	9574
10586	22	9574
10586	22	10587
10586	22	10518
6246	17	5947
6246	17	5947
6246	17	5947
6246	17	5947
6246	17	5947
6246	17	5947
6246	17	5947
6246	17	5947
6246	17	6304
6246	17	5954
6246	17	8358
6246	17	7697
6246	17	7697
6246	17	7697
7187	17	6543
7187	17	7191
7187	17	7191
7187	17	7191
7187	17	7191
7187	17	7191
7187	17	7191
7187	17	7189
7187	17	7188
7187	17	5980
10775	22	9562
10775	22	9562
10775	22	10278
10775	22	10778
10775	22	10143
10775	22	10142
8893	20	7371
8893	17	7371
6731	17	5873
6731	17	5829
11628	22	9926
11628	22	10079
11628	22	9901
12313	22	11857
12313	22	10187
12313	22	10183
3784	14	3785
3784	14	3757
3784	14	3786
3784	14	3764
4181	14	4182
4181	14	4182
4181	14	4183
728	1	405
728	15	4988
728	1	259
7539	20	6039
7539	17	6039
7539	17	6198
7089	20	5665
7089	20	7862
7089	20	7862
7089	20	7862
7089	20	7862
7089	20	6764
7089	20	6764
7089	17	6972
7089	17	5841
7089	20	5841
7089	17	6903
7089	17	6306
7089	20	6306
7089	20	6306
7089	17	7090
7089	20	7090
7089	20	7513
7089	20	7513
7089	20	7860
1025	1	821
1025	1	820
8327	20	7887
8327	17	8328
8327	20	8328
11415	22	10229
11415	22	10388
11415	22	10785
11415	22	10608
11415	22	10510
11415	22	9900
11415	22	9788
11415	22	9752
11415	22	10027
5871	17	5875
5871	17	5876
5871	17	5862
5871	17	5873
5871	17	5872
5871	17	5874
12275	22	9789
12275	22	9789
12275	22	9787
12275	22	9788
12275	22	10233
12275	22	10774
12275	22	9766
5409	17	6328
5409	17	5815
5409	17	6028
5409	20	5798
5144	15	5145
5144	15	5075
5144	15	5076
5144	15	5124
4427	14	4425
4427	14	4424
4427	14	3822
5171	15	4971
5171	15	4973
6239	17	6202
6239	17	6240
6239	17	6240
6239	17	6240
6239	17	6240
6239	17	6240
4161	14	3891
4161	14	3495
4161	14	4032
4354	14	3810
4354	14	3810
4354	20	6012
4354	17	5887
859	1	681
859	1	679
10830	22	9858
10830	22	9592
10830	22	9592
10830	22	10143
10830	22	10831
10830	22	10142
10830	22	10278
10830	22	10101
3201	17	6064
3201	12	2155
3201	17	8531
3201	17	6169
3201	17	7092
3201	20	7092
3201	23	2966
3201	17	5836
10725	22	9589
10725	22	9600
10725	22	9600
10725	22	9546
10725	22	9809
10725	22	5654
10725	22	10041
10725	22	9606
10725	22	9606
10725	22	9660
10725	22	9597
10725	22	9597
9607	22	9600
9607	22	9595
9607	22	6517
7269	20	7092
7269	20	7092
7269	20	7092
7269	20	7092
7269	17	7092
7269	20	7092
7269	20	7092
7269	20	7092
7269	20	7092
7269	20	7092
7269	20	7092
7269	17	6566
7269	17	6465
1408	1	411
1408	1	750
11020	22	9709
11020	22	9810
11020	22	9553
11020	22	11021
11020	22	11021
11020	22	9839
10842	22	9709
10842	22	10211
10842	22	10417
10842	22	9991
10842	22	10412
7252	17	7253
7252	17	7253
7252	17	7253
7252	20	9106
7252	20	9106
7252	17	7256
7252	20	7256
7252	20	7097
7252	20	9235
7252	17	7254
6787	20	5762
6787	20	5762
6787	20	5762
6787	20	5762
6787	20	5762
6787	20	5762
6787	17	5762
6787	20	5762
11314	22	10069
11314	22	10069
11314	22	10069
11314	22	10069
11314	22	10069
11314	22	9893
11314	22	10729
11314	22	11315
8854	22	9597
8854	17	6526
8854	22	10047
8854	22	10646
8854	22	10258
6300	17	5832
6300	17	5831
6300	17	6301
6422	20	6396
6422	17	6396
6422	20	9193
6422	17	5972
6914	17	6917
6914	17	6916
6914	17	6095
6914	17	6918
6914	17	6915
3219	12	2027
3219	12	2155
3219	17	6444
11843	22	9829
11843	22	9783
11843	22	9783
11843	22	5473
11843	22	5473
11843	22	5473
11843	22	9767
11843	22	10243
11843	22	10243
11843	22	2772
11843	22	2772
11843	22	9727
11843	22	9568
8806	17	6538
8806	17	8403
8806	17	6915
9349	20	5762
9349	20	6012
10739	22	10741
10739	22	10020
10739	22	10092
10739	22	10115
10739	22	10115
10739	22	10735
10739	22	10735
10739	22	10271
10739	22	10141
10739	22	10742
10739	22	10165
10739	22	10733
5926	20	6131
5926	17	6131
5926	17	5927
5926	20	5927
2454	20	6150
2454	8	2455
11244	22	9653
11244	22	9567
11244	22	9590
11244	22	10303
11244	22	9548
11244	22	10426
11244	22	9798
11229	22	9556
11229	22	9743
11229	22	10426
11229	22	10914
11229	22	10499
11229	22	9754
11063	22	10450
11063	22	11064
11063	22	9863
11063	22	9574
11063	22	10003
4397	17	7868
4397	14	4398
4397	14	4399
9366	20	6780
9366	20	6780
9366	20	6780
9366	20	6780
8543	20	7092
8543	20	7092
8543	20	7092
8543	20	7092
8543	20	7092
8543	17	7092
8543	20	7092
8543	17	6465
7922	17	7905
7922	17	6311
1792	3	1778
1792	3	1776
10330	22	9563
10330	22	9589
10330	22	9556
10330	22	9750
10330	22	9564
10330	22	9554
229	15	4988
12447	22	9949
12447	22	9829
12447	22	9775
12447	22	9906
12447	22	9701
11933	22	9679
11933	22	9995
11933	22	10910
11933	22	10695
11933	22	10974
11933	22	10029
11933	22	10029
11933	22	9630
11933	22	10450
11933	22	10956
1290	1	129
1290	1	129
1290	1	1210
9395	20	6012
9395	20	6012
9395	20	5762
3278	13	3245
3278	13	3255
4837	14	4838
4837	14	4838
11507	22	10546
11507	22	9912
11507	22	9698
11507	22	10651
11507	22	10651
2743	9	2482
2743	9	2482
2743	9	2540
12294	22	10962
12294	22	12066
12294	22	11489
12294	22	10588
12294	22	9881
12294	22	10910
12294	22	10027
12294	22	9988
12294	22	9756
12294	22	10767
12294	22	11175
12294	22	9979
11429	22	11378
11429	22	9589
11429	22	9589
11429	22	9839
11429	22	9839
11429	22	10065
11429	22	10073
11429	22	9651
10888	22	9847
10888	22	9849
10888	22	9606
10888	22	9650
10888	22	9650
6746	17	6747
6746	17	7058
2123	7	2207
2123	9	2494
2123	9	2618
2123	15	4969
2123	9	2490
7465	17	7425
7465	17	6102
9611	22	9613
9611	22	9558
9611	22	9600
9611	22	9612
9611	22	9612
9611	22	9615
9611	22	9614
5324	15	5088
5324	15	4987
11213	22	10087
11213	22	10087
11213	22	10087
11213	22	10089
827	15	4987
827	1	828
827	15	5088
11538	22	5651
11538	22	9853
11538	22	9623
11538	22	9623
11538	22	9684
11538	22	5654
11538	22	10665
11538	22	10604
11538	22	5656
2420	17	6643
2420	17	6081
2420	17	6645
2420	8	2421
2420	17	7413
2420	17	6702
2420	17	2072
11598	22	9711
11598	22	9866
11598	22	9866
11598	22	10302
11598	22	10381
11598	22	10538
11598	22	11599
11598	22	10289
12378	22	9573
12378	22	10101
12378	22	9558
12378	22	9668
12378	22	10231
12378	22	10231
12378	22	11092
12378	22	9793
3640	14	3641
3640	14	3636
4121	14	4122
4121	14	4122
4121	14	3697
4121	14	3696
4121	14	4123
11408	22	10708
11408	22	10708
11408	22	10708
11408	22	10708
11408	22	11236
11408	22	11357
11408	22	10086
11408	22	10230
1513	1	766
1513	1	767
1513	1	773
11914	22	9934
11914	22	10159
11914	22	9558
11914	22	9558
11914	22	10370
1264	1	129
1264	1	122
1264	1	1210
2987	17	5874
2987	10	2924
2987	17	7868
2987	17	7332
8684	17	6706
8684	17	6264
8684	17	6262
8684	17	8278
8684	17	6603
8684	17	7021
8684	17	6708
10982	22	9540
10982	22	9870
10982	22	10811
10982	22	10196
10982	22	9741
10982	22	5648
10982	22	5648
10982	22	9544
10982	22	9810
11951	22	11004
11951	22	11003
11951	22	10426
11951	22	10115
11951	22	10997
11951	22	10997
11951	22	5468
4360	14	3446
4360	14	3447
10922	22	9728
10922	22	9952
10922	22	9829
10922	22	9732
10922	22	9924
5444	17	5440
5444	20	5440
5444	20	5440
5444	16	5550
5444	20	5808
4860	14	4861
4860	14	4861
10670	22	10671
10670	22	9931
10670	22	10146
10670	22	10121
10670	22	9797
10670	22	9797
10670	22	9587
4709	14	4705
4709	14	4704
6597	20	6362
6597	20	6362
6597	17	6363
6597	20	6363
12303	22	10307
12303	22	10129
12303	22	9696
12303	22	10251
12303	22	10127
7896	20	7501
7896	17	7501
7896	20	7016
7896	17	7016
4873	20	6012
4873	14	3869
4873	14	3869
4114	14	3495
4114	14	3797
4114	14	3835
11105	22	10782
11105	22	10359
11105	22	5653
11105	22	10047
11105	22	9723
11105	22	9723
11105	22	9734
11105	22	9725
11105	22	9724
11105	22	10785
11828	22	9952
11828	22	10166
6149	20	6151
6149	17	6151
6149	20	6151
6149	20	6385
6149	17	6156
6149	17	6161
6149	20	6161
6149	17	6163
6149	17	6153
6149	17	6159
6149	20	6159
6149	20	6159
6149	17	6157
6149	20	6157
6149	20	6152
6149	17	6152
6149	17	6150
6149	17	6158
6149	20	7939
6149	20	7405
6149	17	6162
6149	20	6162
6149	20	9175
11099	22	9632
11099	22	9632
11099	22	9587
11099	22	10387
11099	22	10578
11099	22	10430
11099	22	10430
11099	22	10057
11099	22	10666
8526	20	7822
8526	17	7822
5802	17	5804
5802	17	5803
11389	22	10919
11389	22	10919
11389	22	10052
11389	22	9709
11389	22	10894
11389	22	9829
4927	14	3433
4927	14	4132
4927	14	3729
4748	14	3788
4748	14	3789
1238	1	122
1238	1	1210
1238	1	129
11688	22	10153
11688	22	11154
12439	22	11427
12439	22	10412
12439	22	9789
12439	22	10339
12439	22	10340
11724	22	9593
11724	22	6517
11724	22	6517
11724	22	10430
11593	22	9743
11593	22	9743
11593	22	11334
11593	22	10637
11593	22	10637
11593	22	9857
11593	22	9625
12019	22	9822
12019	22	9823
12019	22	9736
12019	22	10018
12019	22	10018
12019	22	10274
12019	22	10733
12019	22	9685
12019	22	9829
12019	22	10735
12019	22	10719
12019	22	10719
12019	22	9969
12019	22	10445
9963	22	9747
9963	22	9964
9963	22	9653
9963	22	9804
11976	22	10079
11976	22	10995
11976	22	10695
11976	22	9827
1555	1	123
1555	1	129
1555	15	4971
1555	15	4973
3620	14	3423
3620	14	3609
3620	14	3421
7449	17	6566
7449	17	6287
7449	17	6399
7449	20	6780
12044	22	11611
12044	22	11611
12044	22	11612
12044	22	9747
12044	22	10524
12044	22	9808
12136	22	10779
12136	22	10779
12136	22	10779
12136	22	9727
12136	22	10885
12136	22	11436
12136	22	10143
12136	22	10278
12136	22	10278
12136	22	10142
12136	22	10073
5708	16	5461
5708	16	5461
5708	16	5462
5708	16	5710
5708	16	5710
5708	16	5710
5708	16	5709
5708	16	5460
5708	16	5460
5708	16	5633
8777	17	8707
8777	20	8707
8777	20	8707
8777	20	8707
8777	20	6678
8777	20	6678
8777	20	9317
8777	20	5722
8777	20	6471
8777	17	6471
8777	17	6471
8777	20	6471
8777	17	6471
8777	20	6471
8777	20	6471
8777	20	6471
8777	20	6471
8777	20	9267
8777	20	7925
8777	20	6497
8777	20	6497
8777	17	7094
8777	20	7094
8777	20	8088
8777	20	6469
8777	20	7926
8777	20	7926
8777	20	7792
8777	20	6498
8777	17	6468
8777	20	6468
8777	20	8095
7447	20	6780
7447	20	6780
7447	20	6780
7447	20	6780
7447	17	6780
7447	20	6780
7447	20	6780
7447	17	6399
10814	22	9866
10814	22	9866
10814	22	9866
10814	22	10387
10814	22	10303
10814	22	9633
10814	22	9633
11095	22	9580
11095	22	9587
11095	22	9663
11095	22	10146
11095	22	9623
12404	22	9992
12404	22	10974
12404	22	10790
12404	22	11530
12404	22	9996
12404	22	9562
9350	20	7301
9350	20	5722
1891	4	1892
1891	4	1892
1891	17	6433
1891	17	5838
1891	17	8596
1891	17	6415
1891	17	6217
8976	17	5986
8976	17	6569
8976	17	8370
8976	17	8370
8976	17	8561
11998	22	10342
11998	22	10413
11998	22	10413
11998	22	10475
11998	22	10015
11750	22	9775
11750	22	9840
11750	22	9826
11750	22	9568
11750	22	9709
11750	22	9871
11750	22	9871
11750	22	9825
12428	22	9937
12428	22	6517
12428	22	10307
12428	22	9959
12428	22	10061
12428	22	11596
2970	17	5972
2970	17	5972
2970	17	5972
2970	20	6127
2970	17	6127
2970	20	6127
2970	20	6127
2970	20	6127
2970	17	6127
2970	20	6127
2970	20	6127
2970	20	6127
2970	17	6127
2970	20	6127
2970	17	6127
11739	22	10834
11739	22	11003
11739	22	10720
11739	22	10040
11739	22	10997
1632	1	1596
1632	1	1597
7560	17	6635
7560	17	7561
1245	1	1210
1245	1	122
1245	1	129
6810	17	6811
6810	17	6812
11955	22	10373
11955	22	9623
11955	22	9853
11955	22	9622
11955	22	9741
11955	22	10234
11955	22	9740
11955	22	5654
11955	22	9816
11955	22	9854
11699	22	10604
11699	22	9725
11699	22	5656
11699	22	5656
11699	22	5653
11699	22	5651
11699	22	9561
10363	22	10154
10363	22	9698
10363	22	9698
10363	22	9702
10363	22	9704
10363	22	9703
10363	22	9924
10363	22	9967
10363	22	5650
10363	22	9546
4111	14	3496
4111	14	4112
4111	14	4112
3150	11	3095
3150	14	3450
3150	14	3450
3150	14	3450
3150	14	3450
11085	22	10742
11085	22	10742
11085	22	10417
11085	22	10417
11085	22	10417
11085	22	10116
11085	22	10116
11085	22	9774
11085	22	10289
11085	22	10289
11085	22	5478
7938	17	7939
7938	20	7939
7938	20	7328
2701	17	6603
2701	17	5821
2701	17	6299
2701	17	6262
2701	17	5838
2701	9	2520
2701	17	6596
2701	17	7714
2701	17	6706
2701	17	6593
2701	17	5836
2701	17	6606
2701	17	7194
10753	22	10193
10753	22	10193
10753	22	10689
10966	22	10422
10966	22	10967
10966	22	10967
10966	22	10967
10966	22	9648
10966	22	9647
10966	22	9693
10966	22	10223
2059	6	2018
2059	6	2018
2059	6	2053
2059	6	2060
2059	6	2060
2059	6	2060
2059	6	2062
2059	6	2061
2059	6	553
10382	22	9703
10382	22	10024
10382	22	5655
10382	22	9702
10382	22	9567
10382	22	9663
10382	22	10383
10382	22	10140
3970	14	3707
3970	14	3707
3970	14	3971
3970	14	3973
11325	22	11293
11325	22	11293
11325	22	10348
11325	22	5591
11325	22	9562
11325	22	10445
759	1	26
759	1	28
8408	17	8410
8408	23	12519
8408	23	12518
8408	17	6415
8408	17	8409
8408	17	6458
8408	17	8379
8408	17	6357
3170	17	6011
3170	17	6011
3170	17	6011
3170	17	6011
3170	11	3087
3170	17	5947
3170	17	5947
3170	17	5947
3170	17	5953
4808	14	3454
4808	14	3456
4808	14	3455
11770	22	9857
11770	22	9857
11770	22	9857
11770	22	10562
11770	22	10562
11770	22	10494
2760	20	6780
2760	20	6780
2760	20	6780
2760	20	6780
2760	20	6780
2760	17	7197
2760	20	7092
2760	17	7199
2760	9	2482
2760	17	6566
9341	20	6780
9341	20	6780
10017	22	9901
10017	22	10018
10017	22	9552
10017	22	9822
10017	22	9806
10017	22	9824
10017	22	9973
10017	22	10020
10017	22	9970
10017	22	10019
10017	22	9969
6451	17	6047
6451	20	6047
6451	20	6047
6451	17	6047
6451	20	9171
11641	22	9846
11641	22	9599
11641	22	9598
11641	22	9606
11641	22	9807
1145	1	953
1145	1	953
1145	1	1142
12321	22	9647
12321	22	9693
12321	22	10323
12230	22	11159
12230	22	10018
12230	22	10018
12230	22	9825
12230	22	9967
12230	22	10735
12230	22	9950
12230	22	9709
12230	22	10897
8535	17	7899
8535	17	6144
8462	17	8463
8462	17	7254
8462	17	7254
8462	20	7400
8462	20	7605
12064	22	10587
12064	22	10789
12064	22	10588
12064	22	10910
12064	22	10910
1170	1	1142
1170	1	953
1170	1	1161
4719	14	4358
4719	23	12549
12326	22	10760
12326	22	10760
12326	22	10686
12326	22	10686
12326	22	10378
12326	22	10378
12326	22	10896
12326	22	10077
11869	22	10671
11869	22	10671
11869	22	10376
11869	22	9858
11869	22	5654
11033	22	10143
11033	22	10142
11033	22	11034
11033	22	10278
11033	22	10057
11033	22	10277
11033	22	11035
11033	22	10885
11033	22	9612
238	1	379
238	1	239
5096	15	5097
5096	15	5097
10055	22	10011
10055	22	10013
10055	22	10012
9733	22	9737
9733	22	9740
9733	22	9740
9733	22	9739
9733	22	9739
9733	22	9739
9733	22	9739
9733	22	9735
9733	22	5654
9733	22	5655
9733	22	9625
9733	22	9625
9733	22	9734
9733	22	9741
9733	22	9622
9733	22	9736
2422	20	8088
2422	8	2423
2422	20	7926
12181	22	10370
12181	22	9810
12181	22	10967
12181	22	9598
12181	22	9646
12181	22	10730
5141	15	5088
5141	15	4987
4326	14	4327
9357	20	6012
9357	20	6012
9357	20	6012
9357	20	6012
9357	20	6012
9357	20	6012
9357	20	6012
9357	20	6012
9357	20	6012
9357	20	6012
9357	20	6012
9357	20	6012
11575	22	10723
11575	22	10723
11575	22	9630
11575	22	9858
11575	22	10632
11575	22	10632
11575	22	10632
11575	22	9668
11575	22	9631
11575	22	10589
11575	22	10631
11575	22	10283
7178	17	5815
7178	23	12511
7178	20	6875
7178	17	6358
11640	22	9849
11640	22	9660
11640	22	9660
11640	22	9847
11640	22	9612
11640	22	10599
11640	22	10599
11640	22	9848
11640	22	10093
11640	22	10093
1420	1	126
1420	1	125
1420	1	125
12334	22	10350
12334	22	9918
12334	22	9752
12334	22	9752
12334	22	9759
12334	22	10509
12334	22	10082
12334	22	10082
12334	22	10082
12334	22	10510
12334	22	10673
12334	22	5650
6231	20	8001
6231	20	6233
6231	17	6233
6231	20	6233
6231	20	9178
6231	17	6232
6231	20	9034
6231	20	7279
12534	23	2954
12534	23	2966
771	1	629
771	1	773
771	1	774
771	6	26
771	6	332
771	6	30
771	6	28
771	6	29
4659	14	3512
4659	14	3509
4659	14	3491
4659	14	3793
4659	14	3793
8617	17	6240
8617	17	6240
8617	17	6240
8617	17	6240
8617	17	6240
8617	17	6240
8617	17	6240
8617	17	6240
8617	17	6240
8617	17	6240
8617	17	6240
8617	17	6201
8617	17	6798
8617	17	6798
8617	17	6800
8617	17	6800
8617	17	6800
8617	17	6202
8617	17	6202
12054	22	11574
12054	22	11574
12054	22	11591
3743	14	3737
3743	14	3495
2874	14	3493
2874	9	2476
4667	14	4490
4667	14	4650
494	1	28
494	1	26
11475	22	9635
11475	22	9635
11475	22	9871
11475	22	11476
11475	22	10549
3106	17	6506
3106	11	3087
3527	14	3458
3527	14	3457
3527	14	3460
3527	14	3462
3527	14	3437
3527	14	3473
3527	14	3526
11882	22	9871
11882	22	9871
11882	22	10793
11882	22	9550
11882	22	9550
11882	22	10073
11882	22	9827
11882	22	10111
2795	17	6605
2795	9	2520
2795	17	8277
2795	17	6707
2795	17	6596
2795	17	6410
2795	17	6262
2795	17	5836
8074	17	8075
8074	17	8075
8074	17	8075
8074	17	6692
10384	22	5655
10384	22	9549
10384	22	9785
10384	22	9759
10207	22	10209
10207	22	5650
10207	22	5648
10207	22	10211
10207	22	5651
10207	22	10210
10207	22	9689
10207	22	10208
11690	22	5653
11690	22	5653
11690	22	11457
11690	22	10105
11690	22	9739
8974	20	7473
8974	20	7473
8974	20	7473
8974	17	7473
8974	20	7473
8974	17	7473
8974	20	7473
8974	20	7473
8974	20	7473
8974	20	7473
8974	20	7473
8974	20	7473
8974	17	7473
8974	20	7472
8974	17	5924
7507	17	7433
7507	17	7323
7507	17	7432
7507	17	6288
7507	17	7508
7507	17	7196
4582	14	3544
4582	14	3793
4582	14	3793
4582	14	3793
4582	14	3794
4582	14	3519
4582	14	3512
4582	14	3523
2530	9	2517
2530	14	3431
2530	14	3431
2530	14	3711
2530	14	3711
2530	14	3712
2530	9	2476
1884	9	2591
1884	14	3450
1884	14	3450
1884	14	3450
1884	14	3450
1884	4	1859
12336	22	10037
12336	22	10037
12336	22	10037
12336	22	10061
12336	22	10061
12336	22	10061
12336	22	9846
12336	22	10795
12336	22	10133
12336	22	9959
12336	22	9593
12417	22	10087
12417	22	10087
12417	22	10087
12417	22	10089
12417	22	11236
12417	22	10047
12417	22	9621
10837	22	10838
10837	22	10838
10837	22	10196
10837	22	10007
10837	22	10807
10837	22	10813
11944	22	11336
11944	22	9653
11944	22	11386
11944	22	11386
11796	22	10116
11796	22	10165
11796	22	10166
12247	22	10077
12247	22	5585
12247	22	11476
12247	22	10978
12247	22	10978
4218	14	3496
4218	17	7181
8851	20	5722
8851	17	8853
8851	17	8852
8851	20	8852
8851	20	8852
8851	17	7791
8851	20	7791
8851	20	7885
5917	17	5816
5917	17	5918
12255	22	10995
12255	22	10205
12394	22	10127
12394	22	10127
12394	22	10127
12394	22	10127
12394	22	10127
12394	22	10129
12394	22	9779
459	1	126
459	1	125
459	1	125
12416	22	10746
12416	22	10746
12416	22	11489
12416	22	11489
12416	22	10159
12416	22	10855
12416	22	9994
12416	22	9994
12416	22	10450
60	1	61
60	0	61
1502	1	416
1502	1	304
2821	9	2505
2821	9	2505
11730	22	10622
11730	22	10762
11730	22	10762
8550	17	5873
8550	17	6436
8550	17	5872
8550	17	6556
8550	17	5862
8550	17	6175
11526	22	9840
11526	22	9787
11526	22	9986
11526	22	5654
11526	22	9785
11526	22	10016
11526	22	10016
11526	22	10122
11526	22	10233
11526	22	10233
11526	22	10824
17	0	18
17	1	18
17	6	29
17	6	30
17	1	1471
12281	22	10171
12281	22	9921
12281	22	9921
12281	22	9921
12281	22	11116
5105	15	4971
5105	15	4973
10221	22	9730
10221	22	10111
10221	22	10111
10221	22	9568
10221	22	9732
10221	22	9570
10221	22	5648
10221	22	9728
8958	17	8959
8958	20	8959
8958	20	8959
8958	20	8959
8958	17	8959
8958	20	8959
8958	20	8959
8958	20	8959
11050	22	5650
11050	22	5650
11050	22	5651
11050	22	5651
11050	22	9789
11050	22	9698
11050	22	10774
11050	22	9785
11050	22	5649
11647	22	9693
11647	22	9964
11647	22	9964
11647	22	10165
11647	22	10165
11647	22	10165
11647	22	9774
11647	22	9774
11647	22	10094
335	1	155
335	1	336
10867	22	5651
10867	22	9985
10867	22	10494
10867	22	9756
10867	22	9984
10867	22	5649
7891	20	6780
7891	20	6780
7891	20	6780
7891	17	6284
7891	17	6606
7891	17	6603
7891	17	6262
7891	17	6706
7891	17	5836
4809	14	3437
4809	14	3456
10357	22	10359
10357	22	10360
10357	22	10358
11635	22	9728
11635	22	9570
11635	22	9732
11635	22	9924
11635	22	10655
11635	22	9669
11109	22	10159
11109	22	9812
11109	22	10640
11109	22	10992
11109	22	10393
439	1	440
439	1	440
439	1	1560
439	1	31
412	1	148
412	1	159
6874	20	6875
6874	17	6875
6874	17	6875
6874	17	5815
6874	20	5798
6874	17	6153
6874	17	5799
3900	17	6545
3900	14	3902
3900	14	3697
3900	14	3696
3900	14	3901
12162	22	10250
12162	22	10250
12162	22	10250
12162	22	9880
12162	22	9880
12162	22	9839
12162	22	10499
86	15	4988
86	15	4988
1731	2	1671
1731	2	1672
2978	20	6706
2978	20	6706
2978	10	2924
10899	22	10724
10899	22	10723
10899	22	10723
10899	22	10632
10899	22	9996
10899	22	5655
10899	22	9561
10899	22	10631
10899	22	9630
10899	22	9833
10899	22	10003
10899	22	10633
10899	22	2157
7857	17	7858
7857	20	8086
7857	20	8086
7857	20	5848
12114	22	10161
12114	22	10161
12114	22	5584
8477	17	6811
8477	17	6292
11545	22	9615
11545	22	9849
11545	22	10462
11545	22	10257
11545	22	9612
11545	22	10365
11545	22	9589
3274	13	3247
3274	13	3252
3274	13	3249
8185	20	7478
8185	17	7478
8185	17	6626
8185	20	6626
11926	22	10042
11926	22	10042
11926	22	10044
11926	22	9992
7380	17	6213
7380	17	7381
11117	22	9713
11117	22	10081
11117	22	9647
11406	22	9929
11406	22	10265
11406	22	10650
11406	22	9722
11406	22	10545
9279	20	7104
9279	20	7046
9279	20	7044
12093	22	9842
12093	22	10862
12093	22	10862
12093	22	9560
12093	22	10417
12093	22	9804
12093	22	10781
8251	17	7467
8251	17	8252
8251	17	7194
12393	22	9866
12393	22	10415
12393	22	11574
12393	22	9865
12393	22	11168
3799	14	3800
3799	14	3800
3799	14	3800
4067	14	3431
4067	14	3431
4067	14	3431
4067	14	3431
4067	14	3431
4067	14	3431
4067	14	3431
4067	14	3431
4067	14	3498
4653	17	6012
4653	14	3657
4653	14	3657
4653	14	3552
4653	14	3437
4653	14	3656
4653	14	3458
4653	14	3473
4653	14	3551
1156	1	1142
1156	1	953
1156	1	953
10863	22	9592
10863	22	9783
10863	22	9783
10863	22	9783
10863	22	10161
10863	22	10161
10863	22	5654
10863	22	5654
10863	22	10339
10863	22	5653
10863	22	9785
3571	14	3454
3571	14	3573
3571	14	3457
3571	14	3437
3571	14	3568
3571	14	3572
3571	14	3456
3571	14	3455
3571	14	3574
4317	17	6051
4317	14	4318
4317	14	3542
305	1	148
305	1	210
12270	22	10562
12270	22	10986
12270	22	10986
12270	22	10986
12270	22	10708
12270	22	10708
12270	22	9725
12270	22	11082
12270	22	10195
2119	6	2104
2119	6	2055
2119	6	2008
2119	6	2120
2119	6	2045
2119	6	2045
2119	6	2103
2119	6	2095
2119	6	2040
11459	22	9912
11459	22	10546
11459	22	9756
11459	22	11180
11459	22	10549
4631	14	3757
4631	14	3495
1885	17	6064
1885	17	5836
1885	17	6013
1885	4	1833
1885	17	6001
1885	17	6169
1885	17	7092
1885	17	5992
12055	22	10052
12055	22	9840
12055	22	9840
12055	22	9994
12055	22	9989
12055	22	9827
12055	22	9568
12055	22	10285
5488	17	6028
5488	20	6028
5488	17	6328
5488	20	5798
5488	20	5798
5488	20	5798
5488	20	6150
7015	17	7016
7015	17	7016
7015	17	7016
7015	17	7016
7015	20	7016
7015	20	7016
7015	17	7016
7015	17	7016
7015	20	7016
7015	20	7016
7015	20	7016
7015	20	7016
7015	17	5972
7015	17	5972
7015	17	5972
7015	17	5972
7015	17	5972
7015	17	7017
7015	20	7017
7015	17	6127
7015	20	6127
7015	20	6127
11125	22	10196
11125	22	10938
11125	22	11126
11125	22	11126
11125	22	10326
11125	22	10807
8319	20	8320
8319	17	8320
258	1	259
258	15	4969
11344	22	9625
11344	22	10763
11344	22	10121
11344	22	10121
11344	22	5651
11344	22	5651
11344	22	9689
11344	22	9785
5441	17	6045
5441	20	6045
5441	20	6045
5441	20	6045
5441	20	6045
5441	17	6280
5441	20	6280
5441	20	6280
5441	20	6280
5441	17	6280
5441	20	6280
5441	20	6280
5441	20	6280
5441	20	6280
5441	20	6280
5441	20	6280
5441	20	6280
5441	17	6281
5441	20	6281
5441	17	5440
5441	20	5440
5441	17	5907
5441	20	6804
5441	17	6278
5498	22	6517
5498	22	10187
5498	22	9994
11746	22	9790
11746	22	9790
11746	22	9787
11746	22	11553
11746	22	11553
11746	22	9785
11746	22	9767
11746	22	9810
11746	22	9744
8472	17	6465
8472	20	7092
8472	17	7092
8472	20	7092
8472	20	7092
8472	17	6637
8472	17	6640
2857	17	7323
2857	17	7194
2857	17	6706
2857	17	7196
2857	17	6410
2857	17	6408
2857	17	7489
2857	17	5853
2857	9	2505
2857	9	2520
2857	17	7020
2857	17	6283
2857	17	6606
2857	17	6603
2857	17	6708
4200	14	4085
4200	17	6970
4200	14	3805
4200	14	3481
4200	14	4201
4200	17	6293
9156	19	170
9156	19	2048
7160	17	7558
7160	20	7558
7160	20	7046
7160	20	7104
7160	20	7044
7160	17	7161
10854	22	10633
10854	22	10633
10854	22	10855
10854	22	9574
10854	22	9668
10854	22	9996
10854	22	9756
10854	22	9756
10854	22	9833
2925	19	1926
2925	10	2926
2925	10	2926
2925	17	6470
2925	23	2996
2925	17	6124
8107	17	5869
8107	17	6833
12218	22	11455
12218	22	9926
12218	22	5590
12218	22	10088
12218	22	10073
12218	22	9973
2984	14	3500
2984	14	4897
2984	10	2946
9033	20	9034
9033	17	9034
5162	15	5000
5162	15	5002
5162	15	5001
6255	20	6256
6255	17	6256
6255	20	8226
6255	20	7444
6255	20	7607
6255	20	6257
6255	17	6257
6255	20	5572
6255	20	6233
6255	17	5548
6255	20	5548
6255	20	7119
6255	17	7400
6255	20	7400
6255	20	5700
8131	17	6702
8131	17	2072
10432	22	9735
10432	22	9926
10432	22	9775
10432	22	9775
10432	22	10224
10432	22	10378
10432	22	10041
10432	22	10434
10432	22	10434
10432	22	10289
10432	22	10430
10432	22	9727
6332	17	6333
6332	17	6333
6332	20	6333
6332	17	6333
6332	17	6333
6332	17	6333
6332	20	6333
6332	20	6333
6332	20	6333
6332	20	6333
6332	20	6333
6332	17	6333
3813	14	3599
3813	14	3573
3813	14	3455
3813	14	3700
3813	14	3458
3813	14	3457
3813	14	3724
3813	14	3473
133	1	125
133	1	125
133	1	126
803	1	122
803	1	123
7708	17	7709
7708	20	9240
12095	22	10538
12095	22	11476
12095	22	11353
12095	22	10153
12095	22	10362
12095	22	10302
12095	22	10523
4525	14	3636
11071	22	9873
11071	22	9873
11071	22	9606
11071	22	9606
11071	22	9660
11071	22	9809
11071	22	9845
9657	22	9589
9657	22	9660
11510	22	10522
11510	22	10522
11510	22	10952
11510	22	9643
11510	22	11512
11510	22	10442
11510	22	11511
11715	22	10174
11715	22	11274
1278	1	1210
1278	1	129
1278	1	122
899	1	222
899	1	223
12361	22	9950
12361	22	9825
12361	22	9825
12361	22	10946
4154	14	4156
4154	14	4155
4154	20	6012
10710	22	9859
10710	22	9833
10710	22	10303
10710	22	9866
10710	22	10538
10710	22	9756
10331	22	10335
10331	22	10332
10331	22	10332
10331	22	5583
10331	22	10077
10331	22	9900
10331	22	10334
946	1	163
946	1	433
888	1	865
888	1	866
12442	22	10348
12442	22	11336
12442	22	10786
12442	22	10295
11947	22	10524
11947	22	10516
11947	22	11948
11947	22	10599
11947	22	10599
11947	22	10257
11947	22	10528
11947	22	10442
11947	22	11611
7574	17	6987
7574	17	6752
8559	17	6476
8559	20	5762
8559	20	5762
4147	17	7097
4147	19	1935
4147	17	5800
4147	14	3865
11977	22	9547
11977	22	10599
11977	22	10599
11977	22	10186
11977	22	10938
11977	22	10041
452	6	2152
452	1	454
452	1	453
452	6	453
9559	22	9563
9559	22	9563
9559	22	9563
9559	22	9562
9559	22	9564
9559	22	9564
9559	22	9544
9559	22	9556
9559	22	9561
9559	22	9557
9559	22	9560
11379	22	10829
11379	22	11059
11379	22	11247
10495	22	9595
10495	22	9615
10495	22	9809
5421	17	5420
5421	17	5813
6534	17	6001
6534	17	5836
6534	17	6230
10768	22	9554
10768	22	9589
10768	22	5584
10768	22	9809
10768	22	9615
10768	22	10365
11462	22	10504
11462	22	10153
11462	22	10980
11462	22	10980
680	18	9131
680	18	9132
680	18	9130
680	1	136
680	1	137
6419	17	5916
6419	17	6420
6419	17	6404
2782	9	2490
2782	15	4969
2782	9	2494
10023	22	9840
10023	22	9840
10023	22	9840
10023	22	10025
10023	22	9546
10023	22	10024
10023	22	9970
10023	22	9822
10023	22	5649
10023	22	9969
10023	22	9823
928	1	865
928	1	866
6400	17	6375
6400	23	2989
6400	17	6288
6400	17	5836
6400	17	6376
6400	17	6374
6400	19	9159
570	1	125
11392	22	9808
11392	22	10393
11392	22	10393
11392	22	10938
11392	22	10313
11382	22	10520
11382	22	10264
11382	22	10376
11382	22	10092
11382	22	9999
11382	22	10088
11382	22	11383
11382	22	9567
11382	22	10665
11382	22	10377
4807	14	4772
4807	14	3456
4807	14	3457
4807	14	3458
4807	14	3437
4807	14	3473
8190	20	6387
8190	17	6387
8190	17	6387
8190	20	6387
8190	20	7770
2819	9	2526
2819	9	2527
6580	20	6581
6580	17	6581
6580	20	6581
6580	17	6581
6580	20	6581
6580	17	6582
6580	17	6583
6580	17	6083
6580	20	8368
6580	23	2935
6580	17	6324
12288	22	10003
12288	22	9991
12288	22	9991
12288	22	9668
12288	22	11832
12288	22	9630
12288	22	9881
2682	17	6782
2682	17	6781
2682	17	5819
5140	15	4971
5140	15	4973
1927	5	1928
1927	5	717
2741	14	3690
2741	9	2476
980	1	917
980	1	357
2768	17	7713
2768	17	6603
2768	17	6706
2768	17	6713
2768	12	2155
2768	17	5988
2768	17	7714
2768	12	170
2768	12	170
2768	9	2520
2768	17	7467
2830	17	5853
2830	17	6933
2830	9	2505
2830	17	7226
2830	17	7750
11388	22	11180
11388	22	11180
11388	22	9912
1054	1	123
1054	1	129
4770	14	3455
4770	14	3456
4770	14	3437
8635	20	6151
8635	20	9297
8635	20	6744
8635	20	8115
8635	20	6823
8635	20	9106
8635	20	6150
11390	22	11007
11390	22	11062
11390	22	10024
11390	22	10388
11390	22	9863
11390	22	9780
11390	22	10334
11390	22	10334
11390	22	11006
2815	11	3087
2815	17	7026
2815	19	358
2815	19	25
2815	23	2922
2815	17	8422
2815	17	6011
5712	16	5637
5712	16	5636
5712	16	5715
5712	16	5713
5712	16	5714
5712	16	2697
8929	20	7092
8929	20	7092
8929	20	7092
8929	20	7092
8929	17	5873
8929	17	6752
8929	17	6066
8929	17	6939
1544	1	210
1544	1	148
1855	9	2505
1855	4	1856
1855	4	1828
1855	10	3002
7277	17	7278
7277	17	6869
7277	17	7279
7277	17	5722
7277	17	7281
7277	17	6760
7277	17	5453
7277	17	7282
6129	17	6131
6129	20	6131
6129	20	6131
6129	20	8510
6129	23	12508
6129	20	7315
6129	17	5815
5852	17	5853
5852	20	5762
5852	20	5762
5852	20	5762
5852	20	5762
5852	20	5762
5852	20	5762
9691	22	9695
9691	22	9694
9691	22	9696
9691	22	9693
2022	6	2023
2022	6	2123
11806	22	9563
11806	22	10499
11806	22	10499
11806	22	10499
11806	22	10499
11806	22	9564
11806	22	9556
11806	22	9798
11806	22	9798
11806	22	9681
11508	22	9799
11508	22	10392
11508	22	10392
12370	22	9789
12370	22	10510
12370	22	9783
12370	22	9785
12370	22	9785
12370	22	9766
8738	17	6638
8738	17	6640
10624	22	10626
10624	22	10626
10624	22	10628
10624	22	10627
11162	22	10546
11162	22	9912
11162	22	9882
11162	22	10580
11162	22	9758
8567	17	6274
8567	17	6272
9060	22	9934
9060	22	9809
9060	22	10645
9060	22	10583
9060	22	10643
9060	17	6526
9060	22	10646
9060	22	10258
6965	17	6966
6965	17	6966
11572	22	9590
11572	22	9684
11572	22	9549
6550	17	6553
6550	17	6552
6550	17	6554
8180	20	5849
8180	17	7926
8180	20	7926
8180	20	8819
8180	20	9319
8180	20	6162
8180	20	8328
10916	22	10741
10916	22	10917
10916	22	9820
10916	22	9820
10916	22	9829
10916	22	10749
10916	22	10713
9844	22	9847
9844	22	9848
9844	22	9846
9844	22	9846
9844	22	9846
9844	22	6517
9844	22	9845
9844	22	9849
7336	17	5853
7336	17	6520
7336	17	7034
7336	17	7242
7336	17	7338
7336	17	5870
7336	17	5868
7336	17	6912
7336	17	7226
7336	17	7039
12138	22	10106
12138	22	10807
12138	22	11012
12138	22	11012
12138	22	10809
12138	22	10809
12138	22	10809
12182	22	10704
12182	22	10704
12182	22	10666
12182	22	9560
11757	22	10153
11757	22	9587
11757	22	5472
11245	22	9774
11245	22	9774
11245	22	9774
11245	22	9774
11245	22	10022
11245	22	10742
11245	22	10289
11245	22	10289
11245	22	10289
10147	22	9630
10147	22	9991
10147	22	9858
10147	22	10148
10147	22	10150
10147	22	10133
10147	22	10149
10147	22	10151
8818	17	8819
8818	20	8819
8818	20	7836
8818	17	7680
8818	20	7680
462	1	126
462	1	125
462	1	125
4581	14	4457
4581	14	3810
11267	22	11168
11267	22	11168
11267	22	10756
11267	22	10202
7550	17	7551
7550	20	7551
7550	20	7074
7550	17	5774
7550	20	5774
8799	20	6112
8799	17	6112
8799	17	5899
4500	14	4412
4500	14	3639
4500	14	4100
1204	1	953
1204	1	953
1204	1	1142
11695	22	9604
11695	22	9604
11695	22	10159
11695	22	9597
1468	1	604
1468	1	135
11227	22	9890
11227	22	9890
11227	22	9890
11227	22	10274
11227	22	10651
5233	15	4973
5233	15	4971
8021	17	6707
8021	17	6299
8021	17	6298
8021	17	5836
8021	17	6714
8021	17	6296
8021	17	7021
8021	17	6410
8021	17	6596
5846	20	5847
5846	20	5847
5846	17	5847
5846	17	7680
5846	20	7680
5846	20	6665
5846	20	6665
5846	17	6665
5846	20	6671
9680	22	9556
9680	22	9564
9680	22	9563
9680	22	9681
9680	22	1919
9680	22	9544
9680	22	9557
8686	22	11098
8686	17	6457
11206	22	10767
11206	22	9991
11206	22	9992
11206	22	10589
11206	22	10855
6900	17	6143
6900	22	9825
6900	22	9827
6900	22	9568
6900	22	9727
6900	22	9728
6900	22	9826
1080	1	123
1080	1	122
11544	22	10003
11544	22	10724
11544	22	9574
11544	22	9574
11544	22	9996
11544	22	9990
11544	22	9990
11544	22	10631
11544	22	9989
11544	22	9810
11544	22	9994
11544	22	9858
11544	22	10101
11544	22	9833
11544	22	9592
11544	22	10633
11983	22	10417
11983	22	10417
11983	22	9545
11983	22	11302
11983	22	9839
11983	22	10022
11983	22	9557
11983	22	9774
11983	22	9590
600	15	5088
600	15	4987
600	15	4990
600	1	601
610	1	416
610	1	304
3140	14	3481
3140	11	3095
12122	22	10388
12122	22	10388
12122	22	10853
12122	22	5655
12122	22	5655
12122	22	9816
12122	22	9741
12122	22	9734
12122	22	9734
12122	22	11591
12122	22	5650
12122	22	9684
8340	17	5831
8340	17	5836
8340	17	5832
8340	17	8341
8340	17	6657
8340	17	6102
1787	3	1778
1787	3	1776
10496	22	10179
10496	22	10179
10496	22	10179
10496	22	10179
10496	22	10494
10496	22	10198
10496	22	5654
10496	22	9653
913	1	914
913	1	914
2363	17	7174
2363	8	2364
2363	17	6249
11554	22	10288
11554	22	10785
11554	22	10930
11554	22	10426
1758	2	1672
1758	2	1671
5698	22	9986
5698	22	5656
5698	22	5656
5698	22	9837
5698	22	9756
5698	22	10707
5698	22	5648
5698	22	5649
5698	22	5589
5698	22	9833
9803	22	9804
9803	22	9564
9803	22	9556
9803	22	9563
9803	22	9563
9803	22	9553
12141	22	10527
12141	22	10524
12141	22	2772
8124	20	6362
8124	20	6362
8124	20	6362
8124	20	6362
8124	20	6362
8124	20	6362
8124	17	6362
8124	20	6363
8124	20	6363
8124	20	6363
8124	20	6363
8124	20	8984
8124	17	8984
8124	20	9194
9263	20	6780
9263	20	6780
9263	20	6780
11818	22	5653
11818	22	11457
11818	22	10288
11818	22	9623
11818	22	10604
11818	22	9741
11818	22	9622
2774	11	3107
2774	9	2748
8489	20	6328
8489	17	5815
4609	14	3458
4609	14	3456
4609	14	3473
4609	14	3437
4609	14	3457
11513	22	9598
11513	22	9934
11513	22	9595
11513	22	9937
11513	22	9650
919	1	920
919	1	921
11065	22	10456
11065	22	9643
11065	22	9643
11065	22	9648
11065	22	9893
11065	22	10069
5442	17	5440
5442	20	5440
5442	20	5440
5442	16	5550
5442	20	5808
5442	20	5808
1263	1	122
1263	1	1210
1263	1	129
10736	22	10707
10736	22	10707
10736	22	9823
10736	22	10131
10736	22	10445
10736	22	9822
10736	22	10256
10736	22	10378
10736	22	9971
138	1	125
138	1	125
138	1	126
138	15	4973
138	15	4971
11014	22	9822
11014	22	10686
11014	22	9576
11014	22	9970
11014	22	10735
11014	22	10980
11014	22	9969
11014	22	10270
11014	22	10981
11014	22	10131
11014	22	10271
11025	22	9825
11025	22	10296
11025	22	10261
11025	22	10261
11025	22	10246
11025	22	10134
11025	22	10243
11025	22	9572
6223	17	6782
6223	17	6224
10454	22	9790
10454	22	10233
10454	22	10233
10454	22	10233
10454	22	9791
10454	22	9791
10454	22	9785
10454	22	10294
10454	22	9766
10985	22	10870
10985	22	10870
10985	22	10562
10985	22	10562
10985	22	10986
10985	22	10637
10985	22	10131
9024	17	6781
9024	20	7092
9024	17	6465
9024	17	6635
9024	17	6074
12402	22	9833
12402	22	9833
12402	22	9630
12402	22	9549
12402	22	9858
12402	22	9774
12402	22	5591
11345	22	11251
11345	22	9590
12163	22	10303
12163	22	9580
12163	22	11903
12163	22	10299
12163	22	9759
8626	17	5798
8626	20	6328
8626	17	6328
8626	20	6875
8626	17	6150
11605	22	10779
11605	22	11606
11605	22	9704
11605	22	10452
11605	22	9810
11605	22	10334
11605	22	10334
11605	22	10334
11605	22	9780
11605	22	9780
11605	22	9713
11605	22	9713
11605	22	10057
11605	22	9845
11605	22	9845
9264	20	6706
9264	20	6706
9264	20	6706
8507	17	8510
8507	20	8510
8507	20	8510
8507	20	9362
5154	15	4973
5154	15	4971
9432	21	9433
9432	21	9433
9432	21	9433
9432	21	9433
9432	21	9461
9432	21	9465
2592	9	2593
2592	17	6268
10878	22	9775
10878	22	9639
10878	22	10094
10878	22	9668
10878	22	9964
10878	22	10003
11187	22	9808
11187	22	9808
11187	22	10580
11187	22	9597
11187	22	10671
4530	14	3726
4530	14	3726
4530	14	3726
3413	13	3252
3413	13	3247
7677	17	7678
7677	17	6213
7677	17	7671
7677	17	6144
4279	17	6012
4279	14	4044
4279	17	6359
4279	17	7221
4279	14	4089
4279	17	6981
4279	17	6360
4279	17	6093
9058	17	6262
9058	17	6009
9058	17	5934
506	15	4982
506	15	4983
1732	2	1672
1732	22	2869
1732	9	2869
1732	2	1671
1732	9	2546
8195	17	6465
8195	20	7092
8195	20	7092
8195	17	7092
8195	20	7092
8195	17	7636
153	1	126
153	1	125
153	1	125
8915	17	8916
8915	20	8916
8915	17	7238
11786	22	11154
11786	22	10377
11786	22	9758
11786	22	10848
11786	22	10376
11786	22	10893
11786	22	10580
11786	22	9669
11786	22	10215
11786	22	11180
12267	22	10193
12267	22	10778
12267	22	10334
12267	22	11250
10994	22	10995
10994	22	10300
10994	22	10996
10994	22	10996
10994	22	10997
10994	22	10045
10994	22	9708
3235	12	2041
3235	17	5868
3235	17	5869
3235	17	5870
3235	17	5867
5305	15	5022
6878	17	4313
6878	23	12520
6878	23	12520
6878	17	6357
6878	23	2966
9474	21	9475
9474	21	9475
9474	21	9475
8455	17	5866
8455	17	6288
8455	17	5933
8455	17	6287
1531	1	519
1531	1	1532
12331	22	10101
12331	22	9988
12331	22	10632
12331	22	10632
12331	22	10767
12331	22	11586
12331	22	9992
12331	22	10790
12331	22	10631
12331	22	9630
12331	22	10630
12331	22	10723
1151	1	953
1151	1	953
1151	1	1142
6289	20	6290
6289	20	6290
6289	20	6290
6289	17	6290
6289	20	6290
6289	20	6290
6289	20	6290
6289	20	6290
6289	20	6290
6289	20	6290
6289	20	6391
6289	20	7536
1291	1	129
1291	1	129
1291	1	1210
2901	9	2505
2901	9	2505
8889	20	5722
8889	17	6488
8889	20	7301
1216	1	953
1216	1	953
1216	1	1142
6769	17	6771
6769	20	6771
6769	17	6770
6769	20	6770
7193	17	7194
7193	17	6780
4141	14	4142
4141	14	4142
7881	20	6706
7881	20	6706
7881	20	6706
7881	20	6706
7881	20	6706
7881	20	6706
7881	20	6780
7881	20	6780
7881	17	6780
7881	20	6780
7881	20	6780
11084	22	10564
11084	22	10047
11084	22	10179
11084	22	10813
6104	17	6105
6104	17	5856
10428	22	10224
10428	22	10373
10428	22	10430
10428	22	10431
8814	17	7301
8814	17	6488
8814	20	7119
2639	9	2542
2639	9	2706
2639	9	2480
2268	17	6445
2268	14	3495
2268	17	6820
11171	22	9858
11171	22	9858
11171	22	10045
11171	22	10101
11171	22	9859
11171	22	10896
11171	22	9708
11171	22	9708
11171	22	10285
11171	22	10445
11171	22	10445
11171	22	10430
11171	22	10044
5179	15	4971
5179	15	4973
7975	23	3023
7975	17	6780
7975	23	2951
11233	22	9693
11233	22	9643
894	1	865
894	1	866
965	1	241
965	1	148
12440	22	10142
12440	22	10140
12440	22	10140
12440	22	11034
12440	22	11034
12440	22	9707
12440	22	10088
12440	22	10278
12440	22	9775
12440	22	11035
12440	22	11035
12440	22	10778
12440	22	9944
12440	22	10277
12440	22	9712
717	1	636
7590	17	7591
7590	17	6606
7590	17	5836
4641	14	3896
4641	14	3896
3567	14	3473
3567	14	3437
3567	14	3437
3567	14	3568
3567	14	3457
3567	14	3519
3567	14	3518
3567	14	3458
3567	14	3491
3567	14	3439
3567	14	3561
3410	13	3384
3410	13	3263
3116	14	3850
3116	11	3095
9935	22	9937
9935	22	9936
9935	22	9934
9935	22	9595
8441	20	7092
8441	20	7092
8441	20	7092
8441	20	7092
8441	20	7092
8441	20	7092
8441	20	7092
8441	20	7092
8441	20	7092
8441	20	7092
8441	20	7092
8441	20	7092
8441	20	7092
8441	17	6794
8441	17	5836
11603	22	10657
11603	22	9743
11603	22	9743
11603	22	9653
11603	22	9750
11603	22	5590
11603	22	9544
2463	8	2464
2463	17	6772
2463	17	5596
12164	22	10539
12164	22	9716
12164	22	9716
12164	22	9829
3411	13	3269
3411	13	3255
9416	20	6875
9416	20	6815
12143	22	10157
12143	22	10157
12143	22	10157
12143	22	10157
12143	22	10157
12143	22	10307
12143	22	10795
12143	22	9777
12143	22	10165
11243	22	9822
11243	22	9822
11243	22	9969
11243	22	10735
11243	22	9824
11243	22	10897
11243	22	9970
11243	22	9576
3124	14	3450
3124	14	3450
3124	14	3450
3124	11	3081
11680	22	9574
11680	22	9833
11680	22	9833
11680	22	9994
11680	22	9991
12414	22	5589
12414	22	5589
12414	22	10894
12414	22	9687
12414	22	11857
12414	22	9901
12414	22	10919
8568	20	8570
8568	20	8570
8568	20	8570
8568	20	8570
8568	17	8570
8568	20	8570
8568	20	8570
8568	20	8570
8568	17	8570
8568	17	8569
8568	20	8569
8568	17	8537
8568	20	7513
8568	20	6086
8568	20	6086
8568	17	7122
8541	17	7092
8541	20	7092
8541	20	7092
8541	20	7092
8541	20	7092
8541	17	6461
8541	17	6747
8541	17	5836
2729	23	2935
2729	17	6417
2729	17	5836
2729	9	2850
2729	10	2939
2729	14	3781
2729	23	2966
2729	10	2989
2729	9	2502
4046	14	3495
4046	14	3496
4046	14	3847
8060	17	8061
8060	17	5916
8060	17	6115
8060	17	6809
8060	17	6008
8060	17	8010
12412	22	10686
12412	22	10686
12412	22	10686
12412	22	10738
12412	22	10897
12412	22	10269
8390	17	6985
8390	17	7750
8390	17	6653
8390	17	5410
8390	17	6083
8390	17	6211
8390	17	6026
12004	22	11145
12004	22	10531
12004	22	10531
12004	22	11782
12004	22	9660
12004	22	9660
12004	22	9660
12004	22	10202
12004	22	9846
11642	22	11643
11642	22	9597
11642	22	9931
11642	22	10074
11642	22	10186
8128	17	8129
8128	20	8129
6618	17	7727
6618	17	6619
4664	14	4034
4664	20	6012
2953	10	2955
2953	10	2939
2953	10	2954
11999	22	10149
11999	22	10149
11999	22	10149
11999	22	10150
11999	22	10211
10905	22	9572
10905	22	9572
10905	22	9572
10905	22	9810
10905	22	5651
10905	22	9791
10905	22	9791
10905	22	9791
10905	22	10673
10905	22	10673
10905	22	10233
10905	22	9785
10905	22	10795
10905	22	10229
11773	22	9790
11773	22	11427
11773	22	11427
11773	22	10350
11773	22	9791
11773	22	10608
5695	22	10358
5695	22	10358
5695	22	10358
5695	22	9759
5695	22	9689
5695	22	5653
5695	22	9740
5695	22	9985
5695	22	5648
5695	22	10781
1075	15	4973
1075	1	1076
1075	1	1077
1075	15	4971
12496	22	9799
12496	22	9799
12496	22	10392
1377	1	1142
1377	1	953
1377	1	953
11577	22	10133
11577	22	10599
11577	22	9650
11577	22	11578
11577	22	9558
8518	17	7301
8518	20	7301
8518	20	7301
8518	17	7301
8518	20	5722
9044	17	6855
9044	17	8054
9044	17	8376
9044	17	7868
1319	1	122
1319	1	129
1032	1	666
1032	1	528
6174	17	5873
6174	17	6175
2914	9	2505
2914	17	7196
8571	17	6791
8571	17	6005
8571	17	5818
8571	23	12518
8681	17	6272
8681	17	6276
8681	17	6273
8681	17	6274
9954	22	9756
9954	22	9557
9954	22	9550
9954	22	9804
9954	22	9955
9954	22	9544
5187	15	5113
5187	15	5185
5122	15	4971
5122	15	4973
5133	15	5088
5133	15	4987
11705	22	10196
11705	22	10231
11705	22	10195
11705	22	10786
11705	22	10494
11705	22	10695
11705	22	10862
9596	22	9600
9596	22	9600
9596	22	9606
9596	22	9598
9596	22	9605
9596	22	9604
9596	22	9599
9596	22	9597
11347	22	9816
11347	22	5654
11347	22	5654
11347	22	9689
11347	22	9854
11347	22	5649
11347	22	10807
9962	22	9804
9962	22	9804
9962	22	9556
9962	22	9563
9962	22	9839
9962	22	9562
9962	22	9743
9962	22	9681
8775	17	8399
8775	17	6538
8004	20	7097
8004	17	7097
8004	20	7097
8004	17	7097
8004	20	7097
8004	20	7097
8004	20	7097
8004	20	7609
8004	20	7609
612	15	4983
612	15	4982
612	1	515
1111	1	1113
1111	1	1112
4950	14	3639
4950	20	6012
4950	17	8517
8557	17	6590
8557	20	8558
8557	17	8558
8557	17	6591
4473	14	4474
4473	14	4475
8025	17	7016
8025	20	7016
8025	20	7354
8025	17	7640
8025	20	7097
8025	17	6144
12260	22	9674
12260	22	9597
12260	22	9702
12260	22	9704
12260	22	9873
12260	22	11247
12260	22	10464
12260	22	9931
12260	22	10383
477	1	122
477	1	123
3812	14	3431
3812	14	3431
3812	14	3431
3812	14	3431
3812	14	3431
3812	14	3431
3812	14	3431
3812	14	3431
3812	14	3431
3812	14	3431
3812	14	3481
3812	14	4087
3812	14	3498
12166	22	10140
12166	22	10787
12166	22	10032
12166	22	9630
12166	22	10926
12166	22	10779
12166	22	10885
12166	22	10885
12166	22	10278
12166	22	10142
12166	22	9807
12166	22	10277
1384	1	1210
1384	1	122
1384	1	129
1466	1	155
1466	1	336
7085	17	6324
7085	17	7077
7085	17	6357
7085	22	9913
3332	13	3247
3332	13	3333
3332	13	3252
4449	14	3724
4449	14	3912
4449	14	3700
11230	22	11180
11230	22	11180
11230	22	11180
11230	22	9911
11230	22	9911
11230	22	9911
11230	22	9911
11230	22	10686
11230	22	10686
11230	22	10686
11230	22	9912
11230	22	10545
11230	22	10545
11230	22	9576
3650	14	3437
3650	14	3601
3650	14	3601
733	1	731
733	1	429
733	1	730
7043	17	7104
7043	20	7104
7043	20	7104
7043	20	7105
7043	20	7044
7043	20	7044
7043	17	7044
11437	22	10083
11437	22	9672
11437	22	10730
11437	22	9622
4952	14	4546
4952	14	4546
10683	22	9921
10683	22	10083
1547	1	268
1547	6	268
1547	6	29
1547	1	1144
380	6	332
380	6	71
380	6	26
380	6	29
380	6	28
380	6	30
380	6	32
380	6	31
380	1	1363
380	1	119
2962	23	2963
2962	10	2963
2962	23	3072
8430	17	6990
8430	17	6655
8430	17	7905
8430	17	6653
7647	17	7648
7647	17	7276
7647	17	7047
7647	17	7649
7647	17	7274
9041	17	6570
9041	22	10779
9041	22	10258
9041	22	10453
9041	22	10646
2456	17	6357
2456	20	6706
2456	17	6706
2456	20	6706
2456	17	6216
10031	22	10032
10031	22	9822
12289	22	11209
12289	22	11209
12289	22	9713
9158	19	1914
9158	19	25
1396	1	510
1396	1	991
2512	17	6055
2512	9	2513
11491	22	9560
11491	22	10808
11491	22	10808
11491	22	10369
11491	22	5468
4253	14	4254
4253	14	4254
7382	17	5819
7382	17	6012
7382	20	6012
7382	20	6012
7382	17	7383
7382	17	6988
7382	17	6782
7382	17	6685
3828	14	3811
3828	14	3811
3828	14	3811
8947	17	7503
8947	17	7350
8947	17	7386
8947	17	7338
8947	17	7351
3233	12	2009
3233	20	5762
3233	20	5762
3233	17	5762
3233	20	5762
3233	20	5762
3233	23	2977
3233	23	12521
4359	23	3048
4359	23	3048
4359	14	3726
9751	22	9754
9751	22	9553
9751	22	9753
9751	22	9752
8962	20	8152
8962	20	8152
8962	20	8152
8962	20	8152
8962	17	8152
8962	20	8152
8962	20	8152
8962	17	8152
8962	17	7111
8962	17	7111
8962	20	8452
8962	20	7579
8337	20	6150
8337	17	6150
9056	17	6706
9056	17	6712
9056	17	6603
9056	17	6262
9056	17	5836
9056	17	6708
9056	17	6596
1110	1	820
1110	7	2208
3698	14	3456
3698	14	3454
3698	14	3455
8524	20	8369
8524	17	8369
8524	17	7913
8524	20	7913
8524	20	9296
11909	22	9646
11909	22	9693
11909	22	9693
11909	22	9926
11909	22	9647
11909	22	9648
11812	22	10094
11812	22	10767
11812	22	10022
11812	22	10141
11812	22	11586
12074	22	9827
12074	22	9829
12074	22	10162
12074	22	9732
12074	22	10892
12074	22	10088
8256	20	8257
8256	17	8257
8256	20	8706
6532	17	6533
6532	17	6533
8822	17	5827
8822	20	6706
8822	17	8791
8822	17	5836
8050	17	8051
8050	17	8051
8050	20	8051
8050	20	8051
8050	17	8051
8050	20	9329
8050	20	9329
3079	23	3014
3079	10	3014
3079	14	3802
4596	17	6093
4596	14	3587
4596	14	3853
5786	20	9252
5786	20	5774
5786	20	5774
5786	17	5774
5786	20	5774
5786	20	7074
5786	20	7074
5786	20	7074
5786	17	7074
5786	20	7097
10213	22	9576
10213	22	10205
10213	22	9829
10213	22	9758
10213	22	9543
2172	6	2018
2172	6	2009
2172	6	2008
12387	22	9694
12387	22	9694
12387	22	10028
12387	22	9639
12387	22	10930
12387	22	10204
12387	22	10767
6269	20	9180
6269	17	5924
7305	20	6012
7305	20	6012
7305	20	6012
7305	17	6700
7305	17	6873
7305	17	5853
5355	15	4973
5355	15	4971
9260	20	9261
9260	20	9261
8108	22	10058
8108	22	9949
8108	22	10741
8108	22	9976
8108	17	6213
8108	22	9568
7424	17	5870
7424	17	6909
7424	17	7425
6540	17	6543
6540	17	6276
6540	17	6504
410	1	750
410	1	411
9391	20	9192
9391	20	6678
11822	22	10111
11822	22	9999
11822	22	10893
11822	22	10445
11822	22	9884
11822	22	9926
11192	22	9858
11192	22	9858
11192	22	9789
11192	22	10285
11192	22	10285
11192	22	10101
11192	22	9788
11192	22	9774
11192	22	10362
11192	22	9859
11192	22	9668
11192	22	5654
5919	17	5921
5919	17	5921
5919	20	5921
5919	17	5921
5919	20	5921
5919	20	5921
5919	20	5921
5919	20	5923
5919	20	5923
5919	17	5923
5919	20	5922
5919	17	5922
5919	20	5922
5919	20	5922
5919	17	5922
5919	20	5922
5919	17	5924
1606	1	1596
1606	1	1597
8628	17	6564
8628	17	5874
8628	17	7332
8628	17	6593
6686	17	6687
6686	17	6687
6686	17	6687
6686	17	6687
6686	17	6687
6686	17	6687
6686	17	6687
6686	17	6688
6686	17	6688
10232	22	10233
10232	22	10233
10232	22	10233
10232	22	10233
10232	22	10234
10232	22	5650
10232	22	9759
10232	22	5651
10869	22	9723
10869	22	9723
10869	22	9723
10869	22	10849
10869	22	10826
10869	22	10807
10869	22	10807
10869	22	10870
10869	22	10870
10869	22	10360
10869	22	10360
10869	22	9725
10869	22	10359
10869	22	10627
3597	14	3437
3597	14	3573
3597	14	3599
3597	14	3599
3597	14	3574
3597	14	3473
4872	14	3431
4872	14	3431
4872	14	3431
2433	8	2432
2433	20	7057
2432	8	2433
3099	11	3100
3099	11	3083
1050	1	125
7505	17	5853
7505	17	7034
7505	17	7226
7505	17	5868
7505	17	7506
11461	22	10356
11461	22	10721
11461	22	10771
11461	22	9986
11461	22	10024
11461	22	5648
6876	17	5873
6876	20	6706
6876	20	6706
6876	20	6706
6876	20	6706
6876	20	6706
6876	17	6706
6876	20	6706
6876	20	6706
6876	20	6706
6876	17	5912
5253	15	4973
5253	15	4971
11670	22	2157
11670	22	2157
11670	22	2157
11670	22	9858
11670	22	9639
12438	22	10262
12438	22	10340
12438	22	10340
12438	22	9791
12438	22	9791
12438	22	10226
7894	17	6476
7894	17	7204
7894	17	5931
11664	22	5478
11664	22	11302
11664	22	11304
11664	22	9712
11664	22	10057
11664	22	10057
8634	17	6284
8634	17	6420
1895	4	1839
1895	4	1833
7638	17	7494
7638	20	5762
7638	17	7230
4297	17	6358
4297	14	3612
9394	20	6867
9394	20	5722
9394	20	7301
647	1	125
647	1	125
647	1	126
10731	22	9547
10731	22	9934
10731	22	9595
10731	22	9592
11885	22	9668
11885	22	11886
11885	22	9992
11885	22	9990
11885	22	10003
11885	22	9859
11885	22	10746
11885	22	10746
11885	22	9995
11885	22	9995
11885	22	9980
11152	22	9944
11152	22	11153
11152	22	10076
11152	22	11155
11152	22	11154
8234	17	7887
8234	17	8093
613	1	416
613	1	304
11897	22	11145
11897	22	11145
11897	22	11145
11897	22	10530
8778	17	6706
8778	20	6706
8778	20	6706
8778	17	6897
2481	9	2482
2481	9	2482
2481	9	2482
1593	1	1594
1593	1	766
5252	15	4987
5252	15	5088
12216	22	11543
12216	22	11543
12216	22	10984
9786	22	9785
9786	22	9789
9786	22	9789
9786	22	9787
9786	22	9787
9786	22	9590
9786	22	9788
9786	22	9788
11228	22	10418
11228	22	9674
11228	22	10311
11228	22	5472
11228	22	10463
1656	1	357
1656	1	639
8530	17	6811
8530	17	6292
8530	17	6187
11845	22	9710
11845	22	9710
11845	22	9709
11845	22	9775
11845	22	10942
11845	22	9992
11845	22	10715
11845	22	9893
2386	14	3865
2386	8	2385
11616	22	9820
11616	22	9552
11616	22	9728
11616	22	9543
11616	22	9712
10784	22	10234
10784	22	10431
10784	22	10224
10784	22	10785
10784	22	10786
10784	22	10578
10784	22	10787
5506	20	5808
5506	20	5808
5506	22	6517
5506	22	9595
11672	22	9688
11672	22	9625
456	1	126
456	1	125
456	1	125
10659	22	9885
10659	22	9885
10659	22	10426
10659	22	10604
11499	22	5478
11499	22	9871
11499	22	9568
11499	22	10111
11499	22	10787
11100	22	10131
11100	22	10571
11100	22	10571
11100	22	10076
11100	22	11102
11100	22	9647
11100	22	9640
11100	22	9640
11100	22	11101
11100	22	9643
11100	22	9643
11100	22	10572
11100	22	5472
7008	20	6780
7008	20	6780
7008	17	6780
7008	20	6780
7008	20	6706
7008	20	6706
3000	10	3001
3000	14	3482
3000	14	3906
3000	14	3704
1417	1	778
1417	15	4987
1417	15	5088
1577	1	750
1577	1	411
11696	22	5648
11696	22	10807
11696	22	9577
11696	22	9577
11696	22	5651
11696	22	10105
11696	22	9689
11696	22	9734
11696	22	10604
12418	22	9994
12418	22	9994
12418	22	10630
12418	22	10284
12418	22	9858
12418	22	10233
4760	14	3473
4760	14	3456
4760	14	3457
4760	14	3458
4760	14	3437
12058	22	10523
12058	22	9912
12058	22	10069
12058	22	11366
5064	15	4973
5064	15	4971
1690	2	1672
1690	2	1671
6167	17	5818
6167	17	5817
10354	22	9702
10354	22	9702
10354	22	9699
10354	22	9672
10354	22	9704
10354	22	9754
10354	22	9674
10354	22	9698
10354	22	10356
279	15	4971
279	1	125
279	1	125
279	1	126
279	15	4973
4461	14	4462
4461	14	4462
192	1	193
192	1	99
1830	10	2920
1830	23	2921
1830	10	2921
1830	10	2921
1830	4	1831
1830	10	2922
11795	22	9734
11795	22	10604
11795	22	9740
11795	22	9735
11795	22	9741
11795	22	9739
12536	23	2935
12536	23	2951
4381	14	3431
4381	14	3431
4381	14	3431
4381	14	3431
4381	14	3431
4381	14	3431
4381	14	3431
4381	14	3431
4381	14	3498
11850	22	10464
11850	22	9831
11850	22	10057
11850	22	10057
11850	22	9674
11850	22	9887
11850	22	9701
11850	22	9675
1722	2	1671
1722	2	1672
12453	22	2603
12453	22	10092
12453	22	10092
12453	22	9708
12453	22	9741
12453	22	5472
12453	22	5472
12453	22	5649
12453	22	9736
2603	9	2604
11355	22	10246
11355	22	10246
11355	22	10261
11355	22	10243
11355	22	10480
11355	22	10244
11355	22	9719
11358	22	9823
11358	22	9685
11358	22	9824
11358	22	9576
11358	22	9576
11358	22	10719
11358	22	10445
11358	22	9822
2972	17	6623
2972	17	6622
2972	10	2924
2972	17	5897
11087	22	9986
11087	22	10210
11087	22	5656
11087	22	9854
11087	22	5648
11087	22	9689
5234	15	5059
5234	15	5060
1988	5	588
1988	5	40
1988	5	100
1988	5	1989
588	6	589
588	1	589
588	6	589
588	1	589
588	6	589
588	6	30
588	7	2240
588	6	2145
588	6	1560
588	1	591
588	1	591
588	1	590
588	6	592
588	1	592
5807	17	5808
5807	20	5808
5807	20	6281
1863	4	1829
1863	9	2672
1863	9	2560
1863	17	7399
1863	17	7399
1863	4	1839
1863	9	2518
1863	17	1856
1863	23	3060
1863	10	3027
11904	22	9643
11904	22	9694
11904	22	10387
11904	22	5467
5291	15	4973
5291	15	4971
1961	6	2009
1961	6	2045
1961	6	2027
1961	6	2027
1961	6	2008
1961	6	2008
1961	6	2029
1961	5	1963
1961	6	2108
1961	6	2107
1961	6	2109
1961	5	44
1961	15	4977
11294	22	10376
11294	22	10377
11294	22	11295
11294	22	10671
11294	22	11154
11294	22	11153
11294	22	10174
42	0	43
42	1	43
42	0	102
42	1	102
42	1	108
42	0	108
42	1	103
42	0	103
42	0	112
42	1	112
3866	17	6066
3866	17	6268
3866	17	5873
3866	17	5873
3866	14	3487
1348	1	1161
1348	1	953
1348	1	1142
10487	22	9589
10487	22	9937
10487	22	9597
10487	22	9595
3250	13	3247
3250	21	9434
1696	2	1672
1696	2	1671
1696	2	1697
10290	22	9646
10290	22	10102
10290	22	9693
10290	22	9641
10290	22	9643
10290	22	9643
1207	1	953
1207	1	953
1207	1	1142
11198	22	9834
11198	22	10853
11198	22	9854
11198	22	5651
11198	22	5651
11198	22	9816
11198	22	9592
11198	22	5655
11198	22	5655
11198	22	9686
11198	22	9740
11198	22	9689
11198	22	10161
7660	20	7822
7660	17	7822
7660	20	7103
7660	17	7661
7660	20	7661
11788	22	10339
11788	22	10081
11788	22	10367
11788	22	9740
11788	22	10016
11471	22	10689
11471	22	10143
11471	22	10278
11471	22	10277
11471	22	10779
11471	22	10142
11471	22	10605
11471	22	10605
11471	22	11034
11471	22	10252
3341	13	3252
3341	13	3267
11078	22	9810
11078	22	10531
11078	22	9572
11078	22	10520
11078	22	10257
11078	22	9808
11078	22	9845
4702	14	3948
4702	14	4422
12382	22	9775
12382	22	9727
12382	22	10073
12382	22	10567
12382	22	9701
10386	22	10029
10386	22	9587
10386	22	9558
10386	22	9759
10386	22	10387
10386	22	9685
10386	22	10388
11754	22	5589
11754	22	9839
11754	22	10270
11754	22	10131
11754	22	9780
11754	22	10073
1477	1	155
1477	1	336
11118	22	5648
11118	22	9854
11118	22	9689
11118	22	5651
808	1	666
808	1	1097
808	1	528
11186	22	9994
11186	22	9668
11186	22	9756
11186	22	10632
11186	22	10029
11186	22	10029
11186	22	9990
11186	22	10633
11186	22	10723
11186	22	9735
11186	22	9996
11186	22	10631
11186	22	10028
368	1	370
368	1	369
10861	22	9775
10861	22	10810
10861	22	10810
10861	22	9562
10861	22	9900
10861	22	10862
10861	22	10862
4756	14	3793
4756	14	3544
5958	20	5762
5958	20	5762
5958	20	5762
5958	20	5762
5958	20	5762
5958	20	5762
5958	20	5762
5958	20	5762
5958	20	5762
5958	20	5762
5958	17	5959
11356	22	9549
11356	22	10445
11356	22	10445
11356	22	10393
11356	22	10393
11356	22	9839
11356	22	9959
11356	22	9683
11356	22	9544
11356	22	11247
11356	22	10917
11356	22	11357
11763	22	10111
11763	22	9728
11763	22	9831
11763	22	9712
11763	22	10073
11763	22	9973
11763	22	9976
11835	22	9884
11835	22	9728
11835	22	10050
11835	22	9570
11835	22	10940
11835	22	9732
5356	15	4973
5356	15	4971
2659	20	6780
2659	20	6780
2659	17	6399
2659	9	2505
9086	17	6660
9086	17	6229
9086	17	6527
9086	17	5836
5540	17	5411
1864	14	3450
1864	14	3450
1864	14	3450
1864	14	3450
1864	14	3450
1864	14	3450
1864	14	4289
1864	4	1833
1864	23	3060
1864	11	3095
11678	22	10708
11678	22	10708
11678	22	10637
11678	22	11180
11678	22	11161
11678	22	10230
11678	22	9576
11678	22	10358
11678	22	10106
10623	22	9694
10623	22	9694
10623	22	9693
5699	22	9685
5699	22	9623
5699	22	9623
5699	22	9684
5699	22	9684
5699	22	9689
5699	22	9688
5699	22	9686
5699	22	5656
5699	22	5656
5699	22	9687
1886	17	7649
1886	17	5988
1886	4	1839
4724	14	3441
4724	14	3442
11783	22	10224
11783	22	9727
11783	22	9906
11783	22	10666
12244	22	9921
12244	22	10171
1370	1	1210
1370	1	129
1370	1	129
5098	15	4986
5098	15	4985
12201	22	9698
12201	22	9698
12201	22	5109
12201	22	10381
12201	22	9703
12201	22	9550
12201	22	9550
6735	17	5983
6735	20	7103
3756	14	3741
3756	14	3495
3756	14	3433
3756	14	3757
3756	14	3496
7027	17	6026
7027	17	7028
7027	17	7029
7027	17	6700
7027	17	7030
8787	20	6392
8787	17	6392
8787	20	6392
8787	20	6392
8787	20	6392
8787	20	6392
8787	20	6392
8787	23	2975
8787	20	6393
8787	20	7808
9057	17	7204
9057	17	5931
9057	17	6578
9057	17	6476
9057	17	6789
9057	17	6628
5772	17	2106
10968	22	9758
10968	22	9775
10968	22	10093
10968	22	10093
10968	22	9937
10968	22	9837
10968	22	9837
10968	22	10914
10968	22	10914
10968	22	5586
845	1	28
845	1	26
10192	22	9863
10192	22	10038
10192	22	10038
10192	22	10003
10192	22	10193
3259	13	3245
3259	13	3263
5200	15	4971
5200	15	4973
1082	1	528
1082	1	666
3541	14	3542
3541	14	3543
3541	17	6029
9399	20	5762
9399	20	5762
9399	20	5762
4859	14	3877
4859	14	3877
4859	14	3877
4859	14	3877
4859	14	3877
10324	22	10065
10324	22	10325
10324	22	10325
10324	22	10326
10324	22	10327
10324	22	10327
7436	17	5818
7436	17	4313
7436	17	5817
7436	17	5816
7436	17	5935
2117	6	2032
2117	6	2032
2117	6	2086
2117	6	1085
3022	14	3493
3022	10	2924
11140	22	10420
11140	22	9716
11140	22	9716
11140	22	10007
11140	22	11142
11140	22	10217
11140	22	11141
4792	14	3719
4792	14	3719
4792	14	3495
5174	15	4971
5174	15	4973
3047	10	3017
3047	10	3048
3047	23	3039
10638	22	10187
10638	22	10187
10638	22	9572
10638	22	9780
10638	22	9809
10638	22	10640
10638	22	9546
10638	22	10639
10945	22	5478
10945	22	10274
10945	22	10274
10945	22	10947
10945	22	10947
10945	22	10946
10945	22	10022
10945	22	10735
3200	17	5816
3200	21	9443
3200	17	5818
3200	17	5819
3200	12	2055
3200	17	5817
2759	9	2515
2759	20	5762
11656	22	10952
11656	22	10952
11656	22	10952
11656	22	10952
11656	22	10499
11656	22	10524
11656	22	9754
11656	22	5469
11656	22	10463
2379	8	2380
2379	20	5722
12433	22	10003
12433	22	10587
12433	22	10283
12433	22	11564
12433	22	9631
12433	22	10633
12433	22	10789
12433	22	11489
12433	22	10588
12433	22	10767
3223	17	5987
3223	12	86
3223	12	117
12445	22	9985
12445	22	10003
12445	22	5654
12445	22	10196
12445	22	9723
9166	20	6012
9166	20	6012
9166	20	6012
9166	20	6012
9166	20	6012
9166	20	6012
11581	22	10362
11581	22	9758
11581	22	10721
11581	22	11383
11581	22	10387
11581	22	10387
11581	22	10671
7121	17	7122
7121	20	7122
2447	8	2448
2447	23	12501
8804	20	6780
8804	20	6780
8804	20	6780
8804	20	6780
8804	17	6832
11505	22	10826
11505	22	11334
11505	22	11334
11505	22	10827
11505	22	10627
9482	21	9484
9482	21	9483
2726	20	6012
2726	20	6012
2726	20	6012
2726	20	6012
2726	20	6012
2726	20	6012
2726	20	6012
2726	20	6012
2726	20	6012
2726	20	6012
2726	20	6706
2726	17	6706
2726	20	6706
2726	20	6706
2726	20	6706
2726	20	6706
2726	20	6706
2726	9	2593
8849	20	6780
8849	17	6415
8849	17	5836
8849	17	6433
1133	6	1134
1133	1	1134
1133	6	30
1133	6	592
1133	15	4990
10099	22	10102
10099	22	10102
10099	22	10100
10099	22	10100
10099	22	9777
10099	22	9773
10099	22	10101
10099	22	9633
11876	22	9621
11876	22	10161
11876	22	10763
7882	17	5874
7882	17	8098
7882	17	6985
7882	17	6632
9015	20	7513
9015	20	7513
9015	20	6983
9015	17	7862
9015	20	7862
9015	17	7862
9015	20	7862
9015	20	7862
9015	20	7862
9015	20	7862
9015	17	7862
9015	17	7862
9015	20	7862
9015	20	7862
9015	20	5842
9015	17	5842
9015	17	6984
9015	20	6763
9015	20	6764
9015	20	6764
9015	20	6764
9015	20	6764
9015	17	6764
9015	20	8236
9015	17	6903
9015	17	8694
9015	20	8295
9015	17	8295
9015	20	5984
4919	14	4920
4919	14	4920
4919	14	4920
4919	14	3963
3995	14	3473
3995	14	3455
3995	14	3454
3995	14	3458
3995	14	3457
3995	14	3437
3995	14	3456
9748	22	9560
9748	22	9749
9748	22	9600
9748	22	9635
9748	22	9747
9748	22	9750
9748	22	5656
9764	22	9766
9764	22	9767
9764	22	5655
9764	22	9550
224	1	122
224	1	123
8602	17	6073
8602	17	6706
8602	17	6604
8602	17	6603
8602	17	5829
8602	17	5873
8602	17	6074
1637	1	912
1637	17	6360
8008	20	7092
8008	20	7092
8008	20	7092
8008	17	6719
8008	17	5912
4788	14	3455
4788	14	3456
4788	14	3437
4788	14	3454
11854	22	9797
11854	22	11059
11854	22	5469
11854	22	10760
11854	22	10418
11854	22	10686
3018	10	2954
3018	23	2977
11776	22	9635
11776	22	10767
11776	22	10767
11776	22	9560
11776	22	10418
11776	22	10518
11776	22	9798
11776	22	9871
11776	22	10687
11776	22	10047
12240	22	10808
12240	22	9767
12240	22	10471
12240	22	10233
12240	22	10233
12240	22	9752
12240	22	9791
12240	22	10122
2081	15	4988
11361	22	11062
11361	22	10334
11361	22	10332
11361	22	10332
11361	22	10332
11361	22	10332
12286	22	10858
12286	22	10858
12286	22	10858
12286	22	9874
12286	22	10583
11423	22	9752
11423	22	9789
11423	22	9767
11423	22	10016
5565	20	6867
5565	20	6867
5565	20	5722
2033	6	29
2033	6	45
2276	8	2275
2275	8	2276
10606	22	5650
10606	22	9741
10606	22	5654
10606	22	9546
10606	22	9547
10606	22	9737
10606	22	5649
10606	22	5649
10606	22	9689
4876	14	3454
4876	14	3455
4876	14	3456
1312	1	1210
1312	1	129
1312	1	129
1524	1	750
1524	1	411
9987	22	9990
9987	22	9992
9987	22	9995
9987	22	9833
9987	22	9996
9987	22	9994
9987	22	9858
9987	22	9991
9987	22	9991
9987	22	9991
9987	22	9980
9987	22	9988
9987	22	9989
9987	22	2157
2	0	3
2	1	3
2	6	30
2	1	276
2	6	2061
2	6	29
2	6	29
2	6	45
2	6	2018
2	6	2018
2	6	332
5090	15	4973
5090	15	4971
2889	9	2505
2889	17	7468
8948	17	6895
8948	17	7288
7239	17	7226
7239	17	7240
7239	17	7242
7239	17	7039
7239	17	7140
7239	17	7241
7239	17	6943
4233	17	6088
4233	14	4234
11038	22	10159
11038	22	10159
11038	22	9873
11038	22	9873
11038	22	9873
11038	22	9973
11038	22	10827
11038	22	10826
2319	8	2248
2248	8	2247
2248	8	2319
11131	22	10944
11131	22	10204
11131	22	10204
11131	22	9643
11131	22	9647
11131	22	9646
11131	22	10453
10080	22	9799
10080	22	10082
10080	22	9643
10080	22	9898
10080	22	9783
10080	22	5656
10080	22	10081
10080	22	10083
10066	22	9568
10066	22	9701
10066	22	9701
8041	20	7150
8041	17	7150
8041	20	7607
8041	17	7607
8041	17	5572
8041	20	5572
8041	20	7605
8041	20	7400
8041	20	6257
8041	20	7444
2834	9	2533
2834	9	2835
1639	1	125
1639	1	125
1639	1	126
11338	22	9809
11338	22	10526
11338	22	9604
11338	22	9604
11338	22	6517
11338	22	10093
3279	13	3280
3279	13	3261
3279	21	9434
2065	6	2055
2065	6	2040
7712	17	7504
7712	17	7037
7712	17	5825
8826	17	6538
8826	17	6193
8826	17	6915
788	1	789
788	18	1505
788	1	636
788	1	444
12183	22	10202
12183	22	11168
12183	22	10925
12183	22	10795
1645	1	126
1645	1	125
1645	1	125
8718	20	8719
8718	17	8719
8718	17	8720
8718	20	8720
11447	22	11059
11447	22	11226
11447	22	10779
11447	22	10599
10071	22	9945
10071	22	9945
10071	22	10074
10071	22	9946
10071	22	9947
10071	22	10073
11396	22	9647
11396	22	9640
11396	22	9693
11396	22	10422
11396	22	9549
11396	22	9648
11396	22	9589
11396	22	9646
2135	6	29
2135	6	29
2135	6	2008
2135	6	2008
2135	6	2108
2135	6	2045
2135	6	45
2135	6	2029
2135	6	2145
2135	6	2009
2135	6	30
1426	1	535
1426	1	599
1426	1	135
4198	14	4199
4198	14	4199
4198	14	3623
7310	20	5927
7310	17	5927
7310	20	6770
7310	20	5983
7310	20	5983
7310	20	9243
11810	22	9964
11810	22	9964
11810	22	10098
11810	22	10098
11810	22	9825
11810	22	9950
11810	22	10094
8928	17	5815
8928	20	6867
8928	20	5722
11529	22	10111
11529	22	10111
11529	22	9728
11529	22	9908
11529	22	11530
11529	22	9825
11529	22	9568
10836	22	10224
10836	22	9991
10836	22	10431
10836	22	5468
10836	22	10785
7056	20	7057
7056	17	7057
7056	20	7057
7056	17	7057
7056	17	7057
7056	20	7057
7056	17	7057
7056	17	7057
7056	17	7057
7056	17	7058
7056	17	6253
7056	20	6253
7056	17	6153
11582	22	9970
11582	22	9576
11582	22	9822
11582	22	9823
11582	22	9971
11582	22	10981
11582	22	10897
11582	22	10719
11582	22	10733
11582	22	9685
11582	22	10445
11582	22	10077
1129	15	4983
1129	15	4982
4495	14	4079
4495	14	4079
6636	17	6639
6636	17	6292
6636	17	5836
6636	17	6640
6636	20	7092
6636	17	6637
6636	17	6415
6636	17	6638
2697	17	5712
2697	17	6068
2697	17	6071
2697	17	6066
2697	9	2520
8347	23	2947
8347	17	6144
5241	15	4971
5241	15	4973
8221	17	5572
8221	20	5572
8221	20	7150
8221	20	7605
8221	17	7051
8221	20	5548
8221	20	7400
8221	20	8233
441	15	4982
441	15	4983
441	1	184
1507	1	223
1507	1	1508
413	1	414
413	1	414
413	1	603
11200	22	10735
11200	22	10735
11200	22	10378
11200	22	10378
5687	22	9689
5687	22	5650
5687	22	10105
5687	22	10105
365	15	4982
365	1	366
365	15	4983
2698	15	4969
2698	9	2537
2698	9	2490
2698	9	2495
2698	9	2618
228	1	229
228	6	229
228	6	2053
228	6	2040
9371	20	5762
9371	20	5762
9371	20	5762
9371	20	5762
9371	20	5762
11146	22	5467
11146	22	5467
11146	22	10073
11146	22	10652
1329	1	129
1329	1	129
8037	17	6066
8037	20	7092
3154	14	3897
3154	14	3899
3154	11	3146
3154	14	3898
1948	15	5094
12421	22	11266
12421	22	10509
12421	22	9744
12421	22	10442
12421	22	10442
12421	22	10057
12421	22	10057
11231	22	9845
11231	22	9845
11231	22	10972
11231	22	10257
11231	22	9846
12080	22	10715
12080	22	10456
12080	22	10596
12080	22	9893
12080	22	10713
12080	22	10077
12304	22	10627
12304	22	10813
3126	14	3450
3126	14	4289
3126	11	3095
12029	22	10704
12029	22	11782
12029	22	11782
12029	22	10371
2364	8	2363
11879	22	10464
11879	22	9759
11879	22	10383
11879	22	10499
11879	22	10269
1686	2	1671
1686	2	1672
1003	1	1004
1003	1	1005
1003	1	589
1003	1	956
1003	1	956
4504	14	3937
4504	14	4505
11652	22	9689
11652	22	10105
11652	22	10208
2339	17	6150
2339	20	6150
2339	8	2338
1393	6	592
1393	1	592
1393	1	589
1393	6	29
9832	22	9833
9832	22	9633
9832	22	9834
9832	22	9835
9832	22	9686
9832	22	5584
3050	20	6706
3050	10	2924
12010	22	9556
12010	22	9681
12010	22	9630
12010	22	9563
12010	22	10914
12010	22	9548
11945	22	9639
11945	22	10101
11945	22	9668
11945	22	9668
11945	22	10917
11945	22	10917
11945	22	9630
11945	22	9780
11945	22	10767
11945	22	10588
12257	22	9780
12257	22	10639
12257	22	9595
12257	22	9595
12257	22	9589
12257	22	9600
688	1	502
688	15	4983
915	1	1503
915	1	1503
915	1	589
915	1	591
915	1	591
915	1	1004
915	1	590
8937	17	6169
8937	17	6001
8937	17	6472
4812	14	3437
4812	14	3456
4812	14	3457
4812	14	3458
9363	20	6706
9363	20	6706
9363	20	6706
9363	20	6706
9363	20	6706
9363	20	6706
7798	17	5873
7798	17	7735
7798	17	6465
7798	17	6125
7798	17	7092
7798	17	7799
4654	14	4655
4654	14	4655
4654	14	4655
4654	14	3786
4654	14	3786
6103	17	5798
6103	20	6150
4510	14	4140
4510	14	3652
1872	17	6883
1872	17	6882
1872	4	1839
1872	17	7047
2554	9	2520
2554	17	6465
7933	17	7064
7933	17	8432
2303	8	2304
2304	8	2303
1738	2	1671
1738	2	1672
6724	17	6491
6724	17	6175
6724	17	6725
11184	22	10383
11184	22	10383
11184	22	10475
11184	22	5655
11184	22	9900
8846	17	5978
8846	17	8173
8846	17	6662
8846	17	7211
8846	17	6085
8846	17	6107
8846	17	8631
12005	22	9674
12005	22	9674
12005	22	10057
12005	22	10552
12005	22	9698
12005	22	10526
1849	4	1839
1849	17	6837
10856	22	10628
10856	22	10827
10856	22	10826
10856	22	10826
10856	22	5654
2678	17	6897
2678	17	6262
2678	17	6711
2678	17	6173
2678	9	2520
2678	17	6074
2678	17	6606
2678	17	6708
11272	22	9865
11272	22	9865
11272	22	10302
11272	22	10770
11272	22	11274
11272	22	9891
11272	22	9866
11272	22	9866
10791	22	10367
10791	22	9810
10791	22	9973
10791	22	9926
10791	22	9926
10791	22	9949
10791	22	9727
10791	22	10480
12278	22	9716
12278	22	10392
12278	22	9901
12278	22	10539
12278	22	9799
12278	22	10893
8795	17	8591
8795	17	6820
8795	17	6370
12090	22	10257
12090	22	9650
12090	22	9810
6716	20	6717
6716	17	6717
6716	20	6717
6716	20	6717
6716	17	6717
6716	20	6717
6716	20	6717
6716	20	9310
6716	20	8897
6716	20	9374
2658	9	2490
2658	15	4969
2658	9	2494
5466	16	2772
5466	16	5469
5466	16	5468
5466	16	5467
5466	16	5473
5466	16	5470
5466	16	5472
5607	17	6766
2711	9	2712
2711	17	8640
4649	14	4650
4649	14	4491
4649	14	4490
4649	17	6059
2615	9	2593
2615	9	2476
2615	9	2517
4839	14	3555
4839	14	3455
4839	14	4306
4839	14	3456
4839	14	4798
4839	14	3454
4839	14	3437
11889	22	9752
11889	22	9580
11889	22	9787
11889	22	11336
11889	22	9785
11889	22	10233
11889	22	9663
11889	22	9663
11889	22	9790
11889	22	10510
11685	22	10699
11685	22	10699
11685	22	11062
11685	22	9863
11685	22	10140
11685	22	10418
11685	22	10038
11760	22	10673
11760	22	9752
11760	22	9752
11760	22	10930
11760	22	9789
11760	22	11530
11760	22	11536
11760	22	10076
11760	22	9787
11760	22	10510
11760	22	10016
11416	22	9687
11416	22	9687
11416	22	10244
11416	22	10471
11416	22	9766
11416	22	10198
11416	22	10810
11416	22	10233
11381	22	9873
11381	22	9873
11381	22	9781
11381	22	9779
11381	22	10596
11381	22	10128
11381	22	10311
11381	22	10186
11148	22	10348
11148	22	10348
11148	22	10401
11148	22	10401
11148	22	10417
11148	22	9771
2419	8	2418
1292	1	129
1292	1	129
1292	1	1210
158	1	148
158	1	159
573	1	574
573	15	5094
573	15	5095
8443	20	7281
8443	17	8444
8443	20	9273
8443	20	7278
8443	17	6852
3406	13	3255
3406	13	3255
8750	20	5847
8750	17	6785
8750	20	6668
4997	15	4971
4997	15	4973
11779	22	11141
11779	22	11141
11779	22	11141
11779	22	5472
11779	22	11142
11779	22	11142
10046	22	9663
10046	22	9986
10046	22	9986
10046	22	5655
10046	22	10047
10046	22	9793
10046	22	9984
10046	22	5650
11973	22	5649
11973	22	10105
11973	22	9853
11973	22	9737
11973	22	9739
11973	22	10209
11973	22	10161
11973	22	9735
11973	22	9816
5438	17	6354
5438	17	8547
3417	14	3419
3417	14	3418
8022	17	7074
8022	20	7074
8022	17	5774
8022	20	5774
8022	20	9235
11637	22	10183
11637	22	10183
11637	22	10972
11637	22	9846
11637	22	9846
11637	22	9846
11637	22	9650
11637	22	9597
11637	22	9604
9092	17	5897
9092	17	6622
9092	17	6586
12021	22	9800
12021	22	9800
12021	22	9554
12021	22	9859
12021	22	10133
12242	22	11003
12242	22	5585
12242	22	11159
12242	22	9695
12242	22	10997
3334	13	3333
3334	13	3252
3334	13	3247
2320	20	9297
2320	20	7926
2320	8	2321
2320	20	5645
1795	3	1776
1795	3	1778
6890	17	6065
6890	17	6110
6890	17	6066
6890	17	6068
6890	17	6067
10621	22	10622
10621	22	10520
10621	22	10349
10970	22	9887
10970	22	10115
10970	22	10741
4229	14	3711
4229	14	3711
4229	14	3711
1836	4	1833
1836	17	6758
1836	10	2921
1836	10	2560
1836	4	1829
7317	17	6169
7317	17	7172
4492	14	3473
4492	14	3437
4492	14	3530
4492	14	3457
4492	14	3458
2186	14	4332
2186	14	4332
2186	14	3448
2186	14	3448
9392	20	5722
9392	20	7057
1427	1	788
7396	17	5836
7396	17	6169
7852	17	6520
7852	17	7028
11801	22	10430
11801	22	10288
11801	22	10536
11801	22	5467
11801	22	10426
11801	22	10578
11801	22	10223
2811	9	2517
2811	14	3711
2811	21	9443
11874	22	10572
11874	22	10069
11874	22	10081
11874	22	9693
11874	22	9693
11874	22	9647
11874	22	9648
11874	22	10967
7527	17	6198
7527	17	6198
7527	20	8101
7527	20	8101
12238	22	10793
12238	22	9592
12238	22	5590
12238	22	9553
10481	22	10482
10481	22	10482
10481	22	9589
10481	22	10159
10481	22	9807
10481	22	9807
10481	22	10483
9460	21	9434
9460	21	9461
38	0	39
38	1	39
7228	17	7230
7228	17	7229
1775	3	1778
1775	3	1776
3553	14	3454
3553	14	3461
3553	14	3456
3553	14	3458
3553	14	3455
3553	14	3457
3553	14	3463
3553	14	3460
3553	14	3473
3553	14	3437
2852	17	5988
2852	23	2952
2852	17	7333
2852	17	4313
2852	17	7669
2852	17	7334
2852	17	7047
2852	17	6172
2852	9	2520
2852	17	6058
2852	17	7335
4875	14	3456
4875	14	3454
4875	14	3458
4875	14	3457
4875	14	3455
6689	17	6153
6689	20	6875
1820	3	1776
1820	3	1778
2405	14	3455
2405	8	2404
2405	14	3454
2405	14	3456
11332	22	9687
11332	22	9687
11332	22	9990
11332	22	9990
11332	22	9984
11332	22	9833
11332	22	10198
11332	22	10950
11332	22	2157
2589	14	4898
2589	14	4898
2589	9	2517
2589	14	3500
2589	14	4897
11531	22	9995
11531	22	9995
11531	22	10631
11531	22	9756
11531	22	10723
11531	22	10007
11531	22	10157
11531	22	10724
11531	22	10633
8951	17	6344
8951	17	6444
3655	14	3552
3655	14	3551
3655	14	3658
3655	14	3658
3655	14	3657
3655	14	3656
3313	13	3314
3313	21	9434
5046	15	5048
5046	15	5047
1573	1	496
1573	1	764
465	1	125
465	1	125
465	1	126
4757	14	4758
4757	14	4758
4757	14	3877
4635	14	4171
4635	17	6564
4635	14	3444
7523	17	6013
7523	17	6461
7523	17	6069
10517	22	10519
10517	22	10522
10517	22	10522
10517	22	10522
10517	22	10522
10517	22	10523
10517	22	10518
10517	22	10520
10517	22	10524
10517	22	10514
4940	14	3428
4940	14	3428
4940	14	3427
4940	14	3427
4940	14	4363
4940	14	4363
4940	14	3430
4940	14	4342
4940	14	4342
11660	22	10627
11660	22	10627
11660	22	10826
11660	22	10826
11660	22	10827
11660	22	10237
1514	1	210
1514	1	148
12377	22	9686
12377	22	9686
12377	22	9684
12377	22	5650
5629	17	6179
5629	17	6180
11891	22	9675
11891	22	9704
11891	22	10024
11891	22	10154
11891	22	9703
11891	22	9572
11891	22	9702
11891	22	10057
11891	22	9931
6847	17	6848
6847	20	6848
6847	20	9274
8224	20	8226
8224	17	8226
8224	17	8225
8224	20	8225
8224	20	7501
3322	13	3247
3322	13	3266
3322	13	3252
2770	9	2540
2770	9	2482
4577	14	3431
4577	14	3431
4577	14	3431
4577	14	3431
4577	14	3431
4577	14	3498
12091	22	12092
12091	22	12092
12091	22	10173
2600	9	2476
2600	17	7538
11413	22	10538
11413	22	10538
11413	22	10261
11413	22	10887
11413	22	10245
11413	22	9866
5034	15	5021
5034	15	5022
11167	22	10202
11167	22	11168
11167	22	10530
11167	22	10530
11849	22	9775
11849	22	9829
11849	22	9827
11849	22	9827
11849	22	9887
11328	22	10954
11328	22	10954
11328	22	10210
12108	22	10142
12108	22	10418
12108	22	10857
12108	22	11556
12108	22	10041
12108	22	10927
12108	22	10689
12108	22	10143
875	1	866
875	1	865
1016	1	125
1016	1	125
1016	1	126
5300	15	4973
5300	15	4971
6348	17	6066
6348	17	6068
6348	17	6268
3782	22	9703
3782	14	3783
3782	14	3783
3782	22	9756
3782	22	9698
927	1	866
927	1	865
1971	5	585
1971	5	1972
585	1	586
8492	20	6706
8492	20	6706
8492	17	6706
8492	20	6706
8492	20	6706
8492	20	6706
8492	20	6706
8492	20	6706
8492	20	6706
8492	20	6706
8492	17	5873
10293	22	10246
10293	22	10294
10293	22	9711
10293	22	10244
10293	22	10015
10293	22	10296
10293	22	10295
8956	17	5815
8956	20	5722
8053	17	8054
8053	17	6935
2742	9	2494
2742	15	4969
2742	9	2490
5312	15	4971
5312	15	4973
186	1	362
186	1	187
9091	17	6346
9091	17	5819
12478	22	9906
12478	22	9906
12478	22	10220
12478	22	9820
12478	22	9820
12478	22	9543
12478	22	9552
10696	22	9994
10696	22	9994
10696	22	9994
10696	22	9994
10696	22	10523
10696	22	10121
10696	22	10121
10696	22	10230
10696	22	10230
10696	22	9572
1014	1	604
1014	1	135
3339	13	3269
3339	13	3255
8767	17	7636
8767	17	8432
8767	17	6465
8767	20	7092
8767	20	7092
8767	20	7092
8767	17	6639
3040	10	2996
3040	23	3023
3040	23	12544
3040	23	12544
4942	17	8214
4942	14	4902
816	1	666
816	1	1097
816	1	528
3329	13	3269
3329	13	3255
832	1	304
832	1	416
2900	17	7489
2900	9	2505
2900	17	7126
2900	17	7196
4265	14	3431
4265	14	3431
4265	14	3431
4265	14	3431
4265	14	3431
4265	14	3431
4265	14	3431
1281	1	1210
1281	1	129
1281	1	122
8888	17	5947
8888	17	5947
8888	17	5947
8888	17	5954
8888	17	6601
8888	17	6601
8888	17	5950
8888	17	5950
8888	17	7002
8888	17	5956
8888	17	8419
8888	17	8358
1219	1	1210
1219	1	129
1219	1	122
5499	22	5648
5499	22	5648
5499	22	9767
5499	22	9788
5499	22	9788
5499	22	9794
5499	22	9590
5499	22	9785
5499	22	9789
5499	22	9791
5499	22	9592
5499	22	9790
5499	22	9792
5499	22	9793
6402	17	5916
6402	17	6288
6402	17	6404
6402	17	6008
6402	17	6375
2279	8	2274
7567	20	7568
7567	17	7568
4001	14	3456
4001	14	3454
4001	14	3455
2451	8	2450
2450	8	2451
1887	17	6758
1887	10	2930
1887	23	3060
1887	4	1833
1887	4	1829
1887	23	3027
4160	14	3715
4160	14	3757
6097	17	5939
6097	17	6099
6097	17	5946
6097	17	6098
3833	14	3719
3833	14	3495
3833	14	3762
3833	14	3496
2923	17	6406
2923	10	2924
11804	22	10729
11804	22	9894
11804	22	9893
11804	22	10750
11804	22	10750
11804	22	9953
11804	22	10526
12477	22	10085
12477	22	10085
12477	22	9552
12477	22	10893
12477	22	11455
12477	22	9730
12477	22	10940
12477	22	10163
4676	14	4677
4676	14	4677
4676	14	4677
846	1	397
846	1	26
846	1	845
846	1	28
569	1	362
569	1	361
11185	22	9759
11185	22	9759
11185	22	9756
11185	22	10003
11185	22	9857
11185	22	10231
12212	22	9566
12212	22	10438
3521	14	3513
3521	14	3437
3521	14	3437
2154	6	2148
2154	6	2148
2154	6	2148
2154	6	2148
2154	6	2155
2154	6	2155
2154	6	2155
2154	6	2155
8757	20	5722
8757	17	5815
796	15	4990
796	1	797
8611	17	8612
8611	17	8614
8611	17	5800
8611	17	8613
8611	17	8613
8055	17	6008
8055	17	5916
8055	17	5915
3474	17	6110
3474	14	3476
3474	17	6067
3474	14	3475
11659	22	9988
11659	22	10588
11659	22	9709
11659	22	10092
11659	22	9858
11659	22	10098
11659	22	10097
11659	22	10676
11659	22	10166
2849	17	6065
2849	17	5836
2849	10	2949
2849	14	3922
2849	9	2850
7422	20	8100
7422	20	8100
7422	20	8100
7422	20	8100
7422	20	8100
7422	20	8100
7422	20	8100
7422	20	7423
7422	20	7423
7422	17	7423
7422	20	7423
7422	20	7423
7422	20	7423
7422	20	7423
7422	20	7423
5365	16	5368
5365	16	5368
5365	16	5369
5365	16	5369
5365	16	5367
428	6	2043
428	15	5024
428	6	259
428	6	170
428	7	2233
428	7	2232
428	6	402
428	6	400
428	5	1924
428	6	171
428	1	429
428	6	2050
428	6	405
428	6	2055
8701	20	6028
8701	17	6028
8701	20	6028
8701	17	5815
8701	17	5798
8701	20	6328
2410	8	2409
2410	20	6875
2410	17	6156
2409	8	2410
9083	20	5798
9083	20	6875
9083	17	5815
10492	22	9567
10492	22	9567
10492	22	10094
10492	22	9589
10492	22	10166
10492	22	10097
10492	22	10098
10492	22	9597
10492	22	9597
6964	17	6202
6964	17	6240
6964	17	6240
6964	17	6240
6964	17	6240
6964	17	6800
6964	17	6800
6964	17	6800
6964	17	6800
6964	17	6802
6964	20	6802
6964	20	6801
6964	17	6201
4640	14	3811
4640	14	3810
11134	22	9668
11134	22	9912
11134	22	10003
11134	22	11136
4400	17	6449
4400	14	3710
1874	17	5836
1874	20	7092
1874	20	7092
1874	20	7092
1874	20	7092
1874	20	7092
1874	20	7092
1874	20	7092
1874	20	7092
1874	17	7092
1874	4	1862
1874	17	7128
1874	17	7128
1874	17	7128
1874	4	1839
1874	14	3475
12129	22	9992
12129	22	11034
12129	22	11034
12129	22	11034
12129	22	9561
12129	22	10143
12129	22	10142
12129	22	10779
11668	22	9750
11668	22	11266
11668	22	10344
11668	22	10756
11668	22	10756
11668	22	10202
1870	4	1843
1870	4	1862
1870	10	2997
12184	22	10838
12184	22	10826
12184	22	10826
12184	22	10827
12184	22	11082
12184	22	10471
10852	22	9689
10852	22	9663
10852	22	5655
10852	22	9854
10852	22	9853
10852	22	10853
10852	22	9668
10852	22	9741
12374	22	10294
12374	22	10342
12374	22	10342
12374	22	10342
12374	22	10342
12374	22	11553
12374	22	11553
12374	22	11400
12374	22	10149
10871	22	9996
10871	22	10632
10871	22	9988
10871	22	10633
10871	22	10789
10871	22	10789
10871	22	9633
10871	22	9633
10871	22	10631
10871	22	9992
10871	22	10723
6128	17	6000
6128	17	7518
6128	17	5918
1013	1	604
1013	1	135
10971	22	10365
10971	22	9934
10971	22	10972
10971	22	9547
10971	22	9593
10971	22	9606
11993	22	11994
11993	22	10217
11193	22	9774
11193	22	10022
11193	22	10165
7173	17	6202
7173	17	6240
7173	17	6240
7173	17	6240
8825	17	5816
8825	17	5817
1653	1	496
1653	1	764
10953	22	9887
10953	22	9887
10953	22	10749
10953	22	10954
10953	22	9891
10953	22	10602
10953	22	9893
10745	22	9979
10745	22	9979
10745	22	9979
10745	22	9572
10745	22	2157
10745	22	10746
10745	22	9991
10745	22	9991
10745	22	9859
10745	22	9604
2605	9	2607
2605	9	2606
2605	23	3268
2605	20	5762
2605	17	5935
2605	9	2476
4679	17	8649
4679	14	4241
4679	14	4241
4679	14	4242
11893	22	11021
11893	22	11021
11893	22	11021
11893	22	11021
11893	22	10204
11893	22	10088
11893	22	10919
4604	17	7221
4604	21	9468
4604	14	3791
8293	17	6115
8293	17	8295
8293	17	6211
8293	17	6777
8293	17	8294
1539	1	210
1539	1	148
2641	9	2480
2641	9	2667
11700	22	10708
11700	22	10708
11700	22	9725
11700	22	9767
3809	14	3810
3809	14	3810
3809	14	3811
3809	14	3811
3809	14	3811
9782	22	9784
9782	22	9783
9782	22	9744
9782	22	9566
9782	22	9785
11838	22	10996
11838	22	9724
11838	22	9724
11838	22	5649
11838	22	5649
11838	22	9754
11838	22	10107
11838	22	9562
11838	22	9827
2691	19	9149
2691	17	6288
2691	17	6376
2691	23	2955
2691	17	6375
2691	17	6408
2691	17	5836
2691	9	2520
2691	23	3023
12467	22	9865
12467	22	9866
12467	22	11336
12467	22	10917
12467	22	9716
8782	17	6772
8782	20	5722
8782	17	6634
10663	22	10664
10663	22	10666
10663	22	5468
10663	22	10665
10663	22	9804
1195	1	1142
1195	1	953
1195	1	953
11522	22	9572
11522	22	9780
11522	22	9845
1328	1	129
1328	1	122
1328	1	1210
4260	14	4158
4260	14	4261
4260	14	4263
4260	14	4262
4260	14	4262
1163	1	1142
1163	1	953
1163	1	953
620	15	4982
620	15	4983
935	1	865
935	1	866
12013	22	10399
12013	22	10042
12013	22	10671
12013	22	9900
12013	22	10044
12013	22	10044
3688	14	3458
3688	14	3473
4401	14	3916
5417	17	5410
8511	17	6249
8511	17	8332
8989	23	12508
8989	17	5815
340	6	171
340	6	402
340	6	405
2775	17	6287
2775	17	6284
2775	17	6432
2775	9	2520
12408	22	9639
12408	22	9639
12408	22	9881
12408	22	11564
12408	22	10029
12408	22	10029
12408	22	10789
12408	22	10910
12408	22	9996
12408	22	9991
12408	22	11064
12408	22	10790
12408	22	9980
5283	15	4971
5283	15	4973
5490	17	7628
5490	17	6743
5490	17	7625
1243	1	1142
1243	1	953
1243	1	953
1837	17	7868
1837	17	8208
1837	17	6034
1837	4	1835
3192	12	2155
3192	12	2175
10535	22	10539
10535	22	10536
10535	22	10538
1975	5	1991
1975	5	169
1975	6	2008
1975	6	2009
1975	6	2066
1975	5	1990
1975	5	1938
1975	5	1992
1975	6	625
1975	5	1958
1975	6	2088
1975	6	2025
1975	6	2036
1298	1	129
1298	1	129
1298	1	1210
4890	14	3785
4890	14	4228
3037	10	2924
3037	17	8326
3037	17	5832
11329	22	9592
11329	22	9630
11329	22	10029
11329	22	10631
1071	1	723
1071	1	1072
12103	22	10373
12103	22	10223
12103	22	9827
12103	22	10567
12086	22	10229
12086	22	9744
12086	22	10262
12086	22	9767
12086	22	10340
12086	22	9766
8873	17	6254
8873	17	6156
8873	17	6357
1900	4	1901
1900	23	3042
1900	10	3042
1900	23	12538
9307	20	5762
9307	20	5762
6621	17	6623
6621	17	6622
8575	20	7536
8575	20	5479
12317	22	9593
12317	22	10061
12317	22	10365
12317	22	9615
12317	22	10972
1261	1	129
1261	1	129
1261	1	1210
3880	14	3495
3880	17	6369
3880	17	6507
3880	14	3847
1232	1	129
1232	1	1210
1232	1	122
8901	17	6476
8901	17	7204
8901	17	6249
8901	17	7175
9268	20	6706
9268	20	6706
9268	20	6706
9268	20	6706
9268	20	6706
9268	20	6706
9268	20	6706
9268	20	6706
9268	20	6706
7125	20	6780
7125	20	6780
7125	20	6780
7125	17	6780
7125	20	6780
7125	17	7126
10963	22	9730
10963	22	9732
10963	22	9973
10963	22	9570
10963	22	9701
10963	22	9728
1447	1	336
1447	1	155
9534	21	9465
9534	21	9434
8461	17	7867
8461	17	6296
8461	17	6260
1879	4	1880
1879	8	2413
11878	22	10327
11878	22	10327
11878	22	10327
11878	22	10327
11878	22	10325
11878	22	10325
11878	22	10325
2626	9	2476
2626	10	2924
2626	9	2505
10969	22	10037
10969	22	6517
10969	22	5656
10969	22	5656
10969	22	10285
10969	22	10133
10969	22	10393
10969	22	5651
8880	17	4313
8880	17	4313
8880	17	8881
5773	16	2467
9397	20	6706
9397	20	6706
9397	20	6706
9397	20	6706
9397	20	6706
9397	20	6706
9397	20	6706
7222	20	5762
7222	20	5762
7222	20	5762
7222	20	5762
7222	17	6700
11454	22	9709
11454	22	9976
11454	22	10073
11454	22	11455
11454	22	10893
664	1	642
664	1	642
664	1	641
8682	17	6213
8682	17	7743
8682	17	7463
813	1	148
813	1	159
12295	22	10077
12295	22	9882
12295	22	10321
12295	22	10651
12295	22	11003
12295	22	10997
12295	22	9912
12295	22	10546
4109	14	3450
4109	14	3450
4109	14	3450
4109	14	3450
4109	14	3450
4109	23	3072
706	1	707
706	1	708
11249	22	9859
11249	22	11250
11249	22	11251
11249	22	11006
9772	22	9773
9772	22	9773
9772	22	9777
9772	22	9756
9772	22	9775
9772	22	9774
11791	22	9835
11791	22	9663
11791	22	10404
11791	22	10404
3938	14	3939
3938	14	3939
4281	14	4282
4281	14	4282
4281	14	4283
4281	14	4283
4281	14	4283
4281	14	4155
4281	14	4155
4281	14	4155
4281	14	4155
4281	14	4156
4281	14	4156
4281	14	4156
11349	22	9826
11349	22	9712
11349	22	9712
11349	22	10001
11349	22	10065
11349	22	10065
11349	22	9546
5332	15	5333
5332	15	5334
8858	17	6233
8858	20	7119
7012	17	7013
7012	17	7014
11894	22	10942
11894	22	9952
11894	22	9952
11894	22	9952
11894	22	11895
11758	22	9809
11758	22	9787
11758	22	10804
2728	9	2509
2728	9	2509
1193	1	1142
1193	1	953
1193	1	953
11433	22	10240
11433	22	9845
11433	22	9810
11433	22	10938
11433	22	9605
12174	22	11027
12174	22	11027
12174	22	11059
3857	14	3858
3857	14	3858
3857	14	3858
3857	14	3858
3857	14	3858
4938	14	3457
4938	14	3437
4938	14	3473
4938	14	3455
4938	14	3458
4938	14	3454
4938	14	3456
3320	13	3252
3320	13	3247
2468	8	2469
2468	17	5815
5539	17	5411
5539	17	7880
12454	22	10339
12454	22	11861
12454	22	11861
12454	22	11442
12454	22	9888
4853	14	4854
4853	14	4854
12262	22	10020
12262	22	9771
12262	22	10539
12262	22	10896
12262	22	9799
5769	17	2106
5769	17	6026
5769	17	7028
10372	22	9550
10372	22	9754
10372	22	9750
10372	22	10373
10372	22	10159
10372	22	9560
10372	22	9556
10372	22	9549
10372	22	9558
7631	17	6794
7631	17	7196
10272	22	10274
10272	22	9969
10272	22	10273
10272	22	9685
10188	22	10041
10188	22	5584
10188	22	9732
10188	22	9701
10188	22	9728
10188	22	9592
10188	22	9592
10188	22	9775
10188	22	9840
10188	22	9934
10933	22	10365
10933	22	9615
10933	22	9595
790	1	522
790	1	427
6594	17	6009
6594	17	6605
6594	17	6481
1017	1	287
1017	1	863
7004	17	6048
7004	17	7006
7004	17	7005
10864	22	9557
10864	22	9653
10864	22	9549
10864	22	10657
11547	22	5648
11547	22	5648
11547	22	5653
11547	22	10604
11547	22	9986
11547	22	9561
11547	22	9561
11547	22	5656
11547	22	5656
11547	22	9689
11547	22	9540
11547	22	9816
794	1	478
794	1	444
478	1	479
478	1	444
11595	22	9606
11595	22	11596
11595	22	10069
11595	22	6517
11595	22	9650
1923	13	3245
1923	5	1924
1923	5	1916
1923	5	1929
1923	5	1925
4206	17	6249
4206	14	3481
4206	17	7175
4206	17	7174
4206	17	6536
4206	14	3707
4206	14	3707
4206	14	3707
7630	17	6794
7630	20	7092
7630	20	7092
6761	17	5858
6761	17	7840
11509	22	10779
11509	22	10143
11509	22	10464
11509	22	9698
11509	22	9698
11509	22	10829
11509	22	11436
11509	22	10057
5023	15	4971
5023	15	4973
2564	17	5862
2564	9	2505
7845	17	5827
7845	17	7209
1480	1	750
1480	1	411
5135	15	5067
10312	22	9679
10312	22	10024
10312	22	10313
10312	22	9558
12283	22	9696
12283	22	11398
12283	22	10044
12283	22	10045
12283	22	9708
4755	14	3447
4755	14	3710
8577	17	5835
8577	17	7092
8577	17	5918
8577	17	6067
8577	17	6465
1497	1	433
1497	1	163
921	6	30
921	1	30
921	1	46
921	6	46
921	6	29
921	1	332
11562	22	10826
11562	22	10826
11562	22	9561
11562	22	10827
7665	17	6418
7665	17	7335
9883	22	9893
9883	22	9890
9883	22	9710
9883	22	9710
9883	22	9889
9883	22	9894
9883	22	9885
9883	22	9895
9883	22	9887
9883	22	9887
9883	22	9888
9883	22	9891
9883	22	9884
11991	22	10514
11991	22	10514
11991	22	11450
11991	22	11612
11991	22	11612
11991	22	10527
11991	22	10516
1257	1	129
1257	1	129
1257	1	1210
7130	17	6197
7130	20	6197
7130	20	7132
7130	17	7132
7130	20	7131
7130	17	7131
7130	17	5924
139	1	125
139	1	125
139	1	126
10728	22	9973
10728	22	9973
10728	22	9893
10728	22	9887
10728	22	9953
10728	22	10729
10728	22	9735
10728	22	10730
10728	22	10430
10728	22	10456
4922	14	3498
4922	14	3431
4922	14	3431
4922	14	3431
4922	14	3431
4922	14	3431
4922	14	3431
1754	2	1672
1754	2	1671
1437	6	45
1437	1	46
1437	1	920
1437	6	29
7663	17	5988
7663	17	7664
7663	17	7649
7952	17	6173
7952	17	6709
7952	17	7848
11296	22	10335
11296	22	10335
11296	22	10350
11296	22	10699
378	1	379
378	1	239
5089	15	4971
5089	15	4973
11851	22	9570
11851	22	9831
11851	22	9827
11851	22	9543
11851	22	9552
11851	22	10456
11851	22	10456
648	1	642
648	1	642
648	1	641
8582	17	5873
8582	17	6606
8582	17	6780
469	1	125
469	1	125
469	1	126
2884	9	2731
2884	17	6055
1020	1	287
1020	1	863
8815	17	8533
8815	17	6533
1009	1	126
1009	1	125
1009	1	125
12385	22	10438
12385	22	10217
12385	22	10217
12385	22	10505
12385	22	11226
3370	13	3252
3370	13	3247
11456	22	9816
11456	22	9689
11456	22	11457
11456	22	9741
11456	22	9853
11456	22	9684
9508	21	9438
9508	21	9434
7264	17	7265
7264	17	6653
10647	22	10650
10647	22	5470
10647	22	10545
10647	22	9912
10647	22	10652
10647	22	10651
9855	22	6517
9855	22	9857
9855	22	9857
9855	22	9857
9855	22	9857
9855	22	9858
9855	22	9859
9855	22	9756
9855	22	9833
217	1	159
217	1	148
3547	14	3544
3547	14	3548
3547	14	3439
3547	14	3463
3547	14	3461
3547	14	3437
4606	14	3458
4606	14	3473
4606	14	3464
4606	14	3457
4606	14	3592
4606	14	3456
4606	14	3437
7576	17	7577
7576	17	6889
839	1	679
839	1	681
555	1	556
555	15	4982
555	15	4983
12140	22	10341
12140	22	11662
12140	22	10083
12140	22	10720
4913	14	3710
4913	14	3447
11341	22	9973
11341	22	9973
11341	22	10098
11341	22	10097
11341	22	9701
11341	22	10166
11341	22	10116
11341	22	10094
11485	22	10332
11485	22	10332
11485	22	11062
1504	1	1427
1504	1	1505
8426	17	6867
8426	20	6867
8426	23	12511
9081	17	5860
9081	17	6175
7587	17	7046
7587	20	7046
11194	22	9708
11194	22	9708
11194	22	10044
11194	22	9561
11194	22	10418
11194	22	10042
11194	22	10045
8905	17	7244
8905	17	5453
8318	17	7006
8318	17	6134
12191	22	11006
12191	22	9863
11445	22	9780
11445	22	10848
11445	22	9779
11445	22	9604
11445	22	10695
11445	22	9781
1438	1	1433
1438	1	1432
1994	6	2067
1581	1	122
1581	1	123
425	1	319
425	1	320
9087	17	6640
9087	17	8596
1557	1	769
1557	1	773
1557	1	774
769	1	26
769	1	28
8672	17	6653
8672	17	6789
2205	7	2206
2205	9	2602
2205	9	2490
2205	15	4969
1165	1	1142
1165	1	953
1165	1	953
3006	17	7333
3006	10	3007
3006	17	6057
3006	17	6331
3006	17	6172
3006	17	6415
3006	17	7654
7118	17	7119
7118	17	7119
7118	20	7119
7118	17	7119
7118	17	7119
7118	20	6937
7118	20	7301
11910	22	9912
11910	22	10040
11910	22	10896
11910	22	10897
11910	22	9708
11910	22	9708
2102	6	2095
2102	6	2103
2102	6	285
2102	6	2040
2102	6	2008
2102	6	2082
2102	6	2104
274	1	572
274	1	275
7525	17	6242
7525	17	7092
7525	20	7092
7525	20	7092
7525	17	6267
5563	17	7301
5563	20	7301
5563	20	5722
10903	22	9976
10903	22	9825
10903	22	10904
10903	22	9732
10903	22	9570
10903	22	10656
11474	22	9880
11474	22	10250
11474	22	10250
11474	22	10250
11474	22	10250
11474	22	10785
12006	22	10539
12006	22	5468
12006	22	10890
12006	22	9716
12006	22	9716
321	1	323
321	1	322
7930	20	7132
7930	17	7132
7930	20	6826
7930	20	6122
7930	20	7808
2915	17	7948
2915	17	7489
2915	17	7196
2915	17	7468
2915	9	2505
7375	20	6780
7375	20	6780
7375	20	6780
7375	20	6780
7375	20	6780
7375	20	6780
7375	20	6780
7375	20	6780
7375	20	6780
7375	17	7126
4842	14	3455
4842	14	3456
4842	14	3457
653	1	301
653	1	302
1180	1	953
1180	1	953
1180	1	1142
6046	20	6047
6046	17	6047
6046	20	9171
11953	22	11236
11953	22	10104
11953	22	10986
11953	22	10588
11953	22	10588
11953	22	9725
11953	22	9723
11953	22	9723
3301	13	3247
3301	13	3252
3301	21	9434
85	6	117
85	6	86
85	0	86
85	6	116
85	6	115
10397	22	10399
10397	22	10399
10397	22	9708
10397	22	10205
10397	22	10337
10397	22	10398
10397	22	10398
9061	17	6026
9061	17	7561
9061	17	8867
8939	20	6706
8939	20	6706
8939	20	6706
8939	17	6706
8939	20	6706
8939	20	6706
8939	20	6706
8939	20	6706
8939	20	6706
8939	20	6706
11649	22	10762
11649	22	10504
6170	17	6171
6170	17	5994
6170	17	5997
7156	17	6725
7156	17	6436
7156	17	7157
2332	8	2333
2332	17	6766
2333	8	2332
2674	9	2490
2674	15	4969
2674	9	2494
7145	22	11183
7145	22	5034
7145	17	6429
4579	14	3542
4579	14	4580
6423	20	6424
6423	20	6424
6423	17	6424
6423	17	6424
6423	20	6424
3576	14	3457
3576	14	3456
3576	14	3439
3576	14	3454
3576	14	3455
11766	22	11209
11766	22	11209
11766	22	10079
11766	22	10666
11566	22	9699
11566	22	9699
11566	22	10695
11566	22	10695
11566	22	9994
11166	22	9606
11166	22	10041
11166	22	10041
11166	22	9600
11166	22	10639
3189	14	3542
3189	14	3542
3189	12	2040
2558	17	6175
2558	9	2482
2558	9	2482
2558	17	5912
2558	9	2540
12106	22	10399
12106	22	9900
12106	22	10205
12106	22	10597
11967	22	10919
11967	22	10919
11967	22	5470
11967	22	10079
11967	22	9810
11967	22	10950
11967	22	10294
1896	10	3078
1896	11	3085
1896	17	6981
1896	17	7221
1896	14	4232
1896	14	3450
1896	17	4312
1896	4	1828
1896	14	4063
10828	22	10024
10828	22	10829
10828	22	10464
10828	22	9698
10828	22	10057
10828	22	9703
8597	20	6676
8597	20	5970
8597	20	6668
8597	20	9170
8597	20	9368
8597	20	6396
8597	20	6396
8597	20	6679
8597	20	6679
8597	20	9287
8597	20	8620
7812	17	6060
7812	17	5999
7812	17	6426
7812	17	6066
7812	17	7092
11787	22	9643
11787	22	9643
11787	22	9640
11787	22	10730
11787	22	10730
11787	22	10567
11787	22	9648
11787	22	9829
1769	2	1671
1769	2	1672
8365	17	6362
8365	20	6362
8365	20	6362
8365	20	6362
8365	20	9243
8365	20	5729
5170	15	4973
5170	15	4971
4373	14	4374
4373	14	4374
12363	22	9725
12363	22	9723
12363	22	9723
12363	22	9857
12363	22	10637
12363	22	10359
12363	22	9792
8744	20	6937
8744	20	6937
8744	17	6937
8744	20	6937
8744	17	6937
8744	20	6937
8744	17	5815
1015	1	148
1015	1	159
3306	13	3266
3306	13	3252
3306	13	3247
2424	8	2425
2424	17	7301
2424	20	7301
2424	17	7301
2424	17	7301
2424	20	6867
3497	14	3431
3497	14	3431
3497	14	3431
3497	14	3498
9143	18	201
9143	18	202
5103	15	5002
5103	15	5075
5103	15	5022
1428	1	126
1428	1	125
1428	1	125
3038	10	3039
3038	23	3039
3038	23	3039
4643	14	3694
4643	14	3692
4643	14	3692
4643	14	3692
891	1	865
891	1	866
6118	17	6642
6118	17	5987
12088	22	10356
12088	22	9595
12088	22	9931
12088	22	9597
12088	22	11189
10021	22	9907
10021	22	9728
10021	22	9775
10021	22	5478
10021	22	9568
10021	22	10022
10021	22	10022
3660	14	3661
3660	14	3661
3660	14	3661
1330	1	129
1330	1	129
1330	1	1210
5317	15	4973
5317	15	4971
10693	22	9829
10693	22	10321
10693	22	10321
10693	22	10321
10693	22	10546
10693	22	9912
10693	22	9580
10693	22	10652
10693	22	10047
10693	22	9549
7496	20	6780
7496	20	6780
7496	20	6780
7496	17	7126
11877	22	9952
11877	22	9952
11877	22	5478
11877	22	10058
11877	22	10058
11877	22	9774
1644	1	207
1644	1	205
1644	15	4987
1644	15	5088
6865	17	7051
6865	17	6866
6865	20	6866
4210	14	3437
4210	14	3456
4210	14	3455
4210	14	3458
4210	14	3457
8923	17	6012
8923	20	6012
8923	20	6012
8732	20	5722
8732	17	6678
8732	17	6678
1675	2	1672
1675	2	1671
1910	4	1839
1910	14	3707
1910	14	3971
1910	14	3971
1910	14	3956
198	1	189
198	1	190
3923	14	3702
3923	23	12541
3923	17	6133
4370	14	3710
4370	14	3710
209	1	148
209	1	210
6721	17	6722
6721	17	5921
1288	1	129
1288	1	129
1288	1	1210
8170	17	6932
8170	17	7234
9124	20	6012
9124	20	6706
9124	17	8553
4000	14	3457
4000	14	3456
4000	14	3437
4000	14	3454
4000	14	3455
7062	17	6292
7062	17	7063
7062	17	7064
7062	17	6640
7062	17	5836
3538	14	3526
3538	14	3437
4524	14	3781
4524	17	6102
4524	17	5874
11980	22	10345
11980	22	10256
7946	17	6514
7946	17	6515
7946	17	6630
847	1	679
847	1	681
1631	1	1597
1631	1	1596
9476	21	9477
9476	21	9442
9476	21	9457
2831	10	2924
2831	9	2506
2336	8	2337
2337	8	2336
10002	22	9994
10002	22	9994
10002	22	9737
10002	22	9574
10002	22	9946
10002	22	10003
10002	22	9947
2969	14	4476
2969	14	4476
2969	10	2970
5166	15	4973
5166	15	4971
12151	22	10093
12151	22	10370
12151	22	10370
12151	22	11578
12151	22	10639
2263	17	8748
2263	17	8748
2263	17	8748
2263	17	8748
2263	8	2264
12208	22	11180
12208	22	11180
12208	22	9912
12208	22	10546
12208	22	5655
12208	22	10121
12208	22	10121
12261	22	9806
12261	22	11082
12261	22	11082
12261	22	10827
12261	22	10230
12261	22	9783
1630	1	1597
1630	1	1596
3465	14	3467
3465	14	3481
3465	14	3466
12075	22	10549
12075	22	9543
12075	22	9887
12075	22	9893
12075	22	9552
12075	22	10381
1315	1	129
1315	1	129
1315	1	1210
9537	21	9489
9537	21	9488
8816	17	5836
8816	17	6372
8816	17	6780
2988	17	6472
2988	12	2055
2988	17	6527
2988	10	2989
2988	17	5875
6388	17	6389
6388	17	6638
12403	22	10285
12403	22	10250
12403	22	10074
1745	17	6272
1745	19	1936
1745	2	1671
1745	17	6543
1745	17	6958
1745	17	6958
1745	17	6958
1745	17	6958
1745	17	6958
1745	17	6276
734	6	170
734	1	735
734	1	736
734	6	2041
734	15	4977
734	15	4977
5624	17	5611
9836	22	5584
9836	22	9837
9836	22	9633
3987	14	3681
3987	14	3988
10551	22	9708
10551	22	9708
10551	22	10077
10551	22	9606
10551	22	10552
10551	22	10202
5194	15	5185
5194	15	5113
2622	17	5912
2622	9	2505
2622	9	2623
2622	9	2482
2622	9	2482
2622	9	2482
2622	17	4313
2622	17	4313
11239	22	5478
11239	22	10094
11239	22	9829
11239	22	9845
11239	22	10165
8301	23	3060
8301	17	6564
4464	14	4186
4464	14	4465
4464	14	4465
4464	14	3481
1956	5	1958
1956	6	2095
1956	6	2054
1956	6	2045
1956	5	335
1956	6	285
1956	6	2128
1956	6	2040
1956	6	2008
1956	6	2009
1958	6	2128
1958	6	2170
1958	6	2170
1958	6	2009
1958	17	6360
1958	6	2061
9522	21	9451
9522	21	9457
9522	21	9442
7985	20	5762
7985	20	5762
7985	20	5762
7985	20	5762
7985	17	6700
8667	17	6013
8667	17	8341
8667	17	5832
8667	17	5836
8667	23	3023
8667	17	5831
11469	22	9625
11469	22	9622
11469	22	9740
11469	22	9816
11469	22	10105
11469	22	9686
4551	14	3496
4551	14	3496
4551	14	4420
9164	19	948
9164	19	358
9025	17	7163
9025	17	8465
4814	14	3437
4814	14	3473
4814	14	3457
4814	14	3455
4814	14	3458
4814	14	3456
4814	14	3454
4814	14	3520
8716	17	6930
8716	17	7729
8716	17	6706
476	1	148
476	1	210
8447	17	5853
8447	17	6700
3067	17	8711
3067	10	2924
11428	22	10261
11428	22	10480
11428	22	10480
11428	22	10244
2208	14	4034
2208	17	6738
11618	22	10348
11618	22	10348
11618	22	10294
11618	22	9984
11618	22	9984
11618	22	9793
11618	22	10211
8063	17	7253
8063	20	7400
463	1	125
463	1	125
463	1	126
3842	14	3573
3842	14	3574
11362	22	9976
11362	22	10111
11362	22	9840
11362	22	9926
11362	22	9709
11121	22	9900
11121	22	9900
11121	22	11122
11121	22	11122
11121	22	11082
11110	22	5591
11110	22	10892
11110	22	9964
11110	22	10223
11110	22	10111
11110	22	9952
11110	22	9590
11110	22	10300
3257	13	3267
3257	13	3252
1419	1	129
1419	1	123
4695	17	5833
4695	14	3824
8572	17	5939
8572	17	6324
11414	22	9917
11414	22	9752
11414	22	9752
11414	22	10673
11414	22	10403
11414	22	10480
11414	22	10340
11414	22	11257
1529	1	148
1529	1	159
2278	17	7278
2278	17	6869
2278	17	6869
2278	17	7394
2278	17	7394
2278	17	7394
2278	20	7394
2278	20	7394
2278	20	7057
10751	22	2157
10751	22	9988
10751	22	9991
10751	22	9592
10751	22	9592
10751	22	9859
10751	22	9859
2431	8	2302
2967	14	4022
2967	10	2968
2967	23	3007
94	1	95
94	0	95
94	1	278
1135	1	565
1135	1	531
4976	15	4973
4976	15	4971
5073	15	4971
5073	15	4973
2624	9	2495
2624	9	2490
2624	15	4969
3284	13	3263
3284	21	9434
4021	14	4023
4021	14	3495
4021	14	4022
6949	17	6950
6949	17	6951
6949	17	6952
3196	17	6313
3196	12	2155
3196	17	6326
12423	22	9766
12423	22	10608
12423	22	10656
12423	22	10656
12423	22	10567
12423	22	10052
12423	22	10920
9351	20	5762
9351	20	5762
9351	20	5762
9351	20	5762
9351	20	5762
9351	20	5762
9351	20	5762
7404	20	8092
7404	17	7405
7404	20	6744
2021	6	405
2021	6	171
2021	6	170
2021	6	402
1528	1	125
1528	1	125
1528	1	126
3273	13	3245
3273	21	9435
154	1	336
154	1	155
10964	22	10260
10964	22	10260
10964	22	10150
10964	22	10412
10964	22	9567
10964	22	10151
10964	22	10149
10964	22	10342
10964	22	9926
10964	22	9966
10964	22	10475
12400	22	2772
12400	22	5469
12400	22	5469
12400	22	5470
12400	22	5470
12400	22	10153
12400	22	10153
4299	17	6620
4299	14	3422
4299	17	7413
7733	17	5821
7733	17	7735
7733	17	7734
6450	17	6444
6450	17	6444
11873	22	10371
11873	22	9809
11873	22	10185
11873	22	10037
11873	22	10531
11873	22	9800
7484	17	7485
7484	17	7461
11472	22	5656
11472	22	9791
11472	22	9791
11472	22	9783
11472	22	10245
11472	22	5651
11472	22	9784
4846	14	4847
4846	14	4847
10799	22	10161
10799	22	9834
10799	22	9683
10799	22	10196
10799	22	5589
10557	22	10559
10557	22	10559
10557	22	9837
10557	22	10083
4891	17	7799
4891	17	5836
4891	20	7092
4891	17	6169
4891	14	3781
4891	17	8432
4891	17	6640
4891	17	6637
4891	17	6433
7615	17	7226
7615	17	7506
4573	14	4574
4573	14	4574
4573	14	3498
4573	14	3431
4573	14	3431
4573	14	3431
4573	14	3431
4573	14	3431
4573	14	3431
4573	14	4087
4573	17	6449
11258	22	9543
11258	22	6517
11258	22	9552
11258	22	9595
11354	22	10032
11354	22	10032
11354	22	9991
11354	22	10505
11354	22	10505
11354	22	10093
11354	22	9816
11354	22	9689
1388	1	129
1388	1	129
1388	1	1210
11896	22	10273
11896	22	10273
11896	22	10278
11896	22	10278
11896	22	10778
11896	22	10778
11896	22	10689
11896	22	10142
11896	22	10142
11896	22	10142
11896	22	10143
11896	22	9810
11896	22	10277
11896	22	10277
11896	22	10140
11896	22	9973
11896	22	9973
3674	14	3676
3674	14	3675
2863	17	6209
2863	9	2476
2863	17	6349
1907	4	1833
1907	4	1829
11960	22	10781
11960	22	10564
11960	22	10564
11960	22	10812
11960	22	10812
231	1	122
231	1	123
10636	22	10637
10636	22	10637
10636	22	2157
10636	22	9791
10636	22	9791
12188	22	9783
12188	22	10404
12188	22	10404
12188	22	9744
12188	22	9580
12188	22	10339
12188	22	9794
12188	22	9766
12188	22	9785
12484	22	10215
12484	22	10462
12484	22	10462
12484	22	10462
12484	22	10462
12484	22	10666
4966	14	3760
4966	14	3495
3272	13	3245
3272	13	3255
4431	14	3949
4431	14	3937
1095	1	666
1095	1	528
11964	22	10538
11964	22	11512
11964	22	11512
11964	22	10527
4730	14	3717
4730	14	3835
8955	23	3072
8955	23	2939
8955	17	6357
8955	17	7958
9417	20	9418
9417	20	9418
9417	20	9418
9417	20	8547
11120	22	10947
11120	22	5478
11120	22	5478
11120	22	5478
11120	22	5478
11120	22	10116
11120	22	10115
11120	22	10115
11120	22	10141
11120	22	10289
2668	15	4969
2668	9	2494
2668	9	2490
4528	14	4362
4528	17	6059
11009	22	9777
11009	22	9597
11009	22	9597
11009	22	9597
11009	22	10111
11009	22	10157
11009	22	10157
11009	22	10157
4910	14	3456
4910	14	3454
4910	14	3437
4910	14	3455
4910	14	3457
9343	20	8228
9343	20	8308
1220	1	1210
1220	1	129
1220	1	122
12476	22	9979
12476	22	10514
12476	22	10514
12476	22	9992
3285	13	3267
3285	13	3249
4144	17	6214
4144	14	4135
4144	17	7080
5323	15	4973
5323	15	5010
11721	22	9893
11721	22	10069
11721	22	10714
11721	22	10602
11721	22	10893
2637	17	5935
2637	9	2593
2637	14	3431
2637	14	4535
6839	17	6175
6839	17	6842
6839	17	5872
6839	17	6841
6839	17	6840
4187	14	4188
4187	14	4188
8837	20	6672
8837	20	6672
8837	20	6672
8837	17	6672
8837	20	6672
8837	20	9198
8837	20	6671
8837	20	6671
8837	20	6671
8837	20	6671
2247	8	2248
2221	7	2222
2221	7	2222
9517	21	9477
9517	21	9438
3031	14	3623
3031	14	4039
3031	10	2946
8072	17	7696
8072	17	7599
10084	22	10088
10084	22	10089
10084	22	10087
10084	22	10085
10084	22	10086
9244	20	6706
9244	20	6706
9244	20	6706
9244	20	6706
5616	17	5611
5616	17	5611
11369	22	9716
11369	22	9716
11369	22	10539
11369	22	10085
7502	17	7503
7502	17	7504
7502	17	7039
838	1	681
838	1	679
7934	20	7935
7934	20	7935
7934	20	7935
7934	17	7935
7934	20	7935
7934	17	7935
7934	17	6198
7934	17	6198
1273	1	129
1273	1	129
1273	1	1210
2362	8	2361
2362	20	7343
2362	20	7343
2362	20	7343
2362	20	7343
2362	20	6760
2362	17	6760
2362	20	6760
2362	20	6760
2362	20	6760
2362	17	6152
2361	8	2362
9046	17	7042
9046	17	9047
9046	17	9047
9046	17	9047
4802	14	3456
4802	14	3458
4802	14	3437
4802	14	3457
4802	14	3473
4670	14	3431
4670	14	3431
4670	14	3498
11901	22	9810
11901	22	10370
11901	22	9812
11901	22	9572
11901	22	9558
5518	17	7477
5518	17	5411
2936	10	2920
2936	12	2055
10135	22	9858
10135	22	10101
10135	22	9996
10135	22	2157
10135	22	9990
10135	22	9592
7293	19	1926
7293	17	6124
7515	17	7092
7515	20	7092
7515	20	7092
7515	20	7092
9529	21	9451
9529	21	9442
9529	21	9477
10680	22	9567
10680	22	10655
10680	22	10681
10680	22	10073
10680	22	10073
10680	22	10044
10680	22	10045
6703	17	5947
6703	17	6003
10152	22	10153
10152	22	10153
10152	22	9702
10152	22	9837
10152	22	10154
10152	22	9698
10152	22	9704
188	1	189
188	1	190
5203	15	5048
5203	15	5047
3108	14	3726
3108	14	4600
3108	11	3109
3108	17	7288
1208	1	953
1208	1	953
1208	1	1142
4213	14	4214
4213	14	4214
1344	1	129
1344	1	129
1344	1	1210
5427	17	6106
5427	17	5420
5427	17	6107
4603	14	4172
4603	17	7233
5514	17	5411
5112	15	5185
5112	15	5113
1096	15	5028
1096	1	701
2149	6	2150
2149	6	29
4943	14	3696
4943	14	4258
4943	14	3697
4943	14	4123
4943	14	3901
12368	22	9842
12368	22	9551
12368	22	9937
12368	22	9937
12368	22	9632
12368	22	10505
12368	22	9798
10901	22	9840
10901	22	9728
10901	22	10001
10901	22	9712
10901	22	10073
10901	22	10073
10901	22	10445
10901	22	9976
4101	14	3444
4101	14	3444
12482	22	10027
12482	22	10746
12482	22	9630
12482	22	11832
12482	22	11202
12482	22	10790
12482	22	10630
10203	22	10205
10203	22	10204
6091	17	8797
6091	17	6092
6091	17	6095
6091	17	6096
6091	17	6096
11424	22	10339
11424	22	10509
11424	22	10608
11424	22	9790
3357	13	3269
3357	13	3255
3357	13	3255
3357	13	3255
3158	17	7084
3158	11	3087
3158	17	5947
3158	17	5950
2307	8	2308
2308	8	2307
2308	20	9190
2308	20	7925
2308	20	7939
5031	15	4971
5031	15	4973
2917	9	2593
2917	17	6245
2917	17	5873
7639	17	7640
7639	17	7499
1084	6	1085
1084	1	1085
8393	17	7070
8393	17	6066
8393	17	6564
1158	1	953
1158	1	953
1158	1	1142
10629	22	10633
10629	22	10630
10629	22	9996
10629	22	9980
10629	22	9668
10629	22	10632
10629	22	10631
10629	22	9881
4779	14	3455
4779	14	3454
4779	14	3457
4779	14	3456
4779	14	3437
4779	14	3458
8305	17	6564
8305	17	6188
8305	17	6933
8305	17	7226
8305	17	6565
3807	14	3496
3807	14	3495
7374	17	6700
7374	17	7241
7374	17	6952
5686	22	5649
5686	22	10952
5686	22	9689
5686	22	10524
67	1	343
67	0	68
67	1	68
8552	23	3023
8552	23	3023
8552	23	3023
8552	17	8553
8552	19	9149
8652	17	6278
8652	17	6273
11275	22	11226
11275	22	10807
11275	22	10807
11275	22	11276
11275	22	11276
11275	22	10838
11275	22	10196
11275	22	10811
11275	22	10438
11371	22	9775
11371	22	9567
11371	22	9567
11371	22	9568
11371	22	9839
11371	22	9966
11371	22	9728
8730	17	6357
8730	23	2951
8730	23	3026
1565	1	241
1565	1	148
10542	22	10383
10542	22	10278
10542	22	10278
10542	22	5655
10542	22	9698
10542	22	9698
10542	22	10143
10542	22	10142
10542	22	10140
11898	22	10996
11898	22	10073
11898	22	9695
11898	22	11004
11898	22	9931
11898	22	9560
11898	22	9560
11898	22	11003
11898	22	11003
11898	22	10997
8468	17	7429
8468	17	7309
8468	17	7427
3432	14	3433
3432	14	3433
12431	22	4999
12431	22	12178
12431	22	5305
8949	23	12518
8949	17	6007
1845	4	1829
1845	4	1831
2073	6	29
2073	6	29
2073	6	45
2073	6	2009
2073	6	2008
2073	6	2027
9877	22	9880
9877	22	9882
9877	22	9881
12015	22	9554
12015	22	9554
12015	22	10687
12015	22	10395
12015	22	9750
12015	22	11293
4522	14	3700
4522	14	3574
784	1	785
784	1	317
11932	22	9932
11932	22	9716
11932	22	9798
11932	22	10639
11932	22	10639
11932	22	9556
11932	22	9563
11870	22	9630
11870	22	9547
11870	22	9648
11870	22	9693
11870	22	9693
11870	22	9647
11870	22	10420
10489	22	10490
10489	22	10418
10489	22	9630
10489	22	10198
10489	22	9736
352	1	353
352	15	4973
352	15	4971
352	1	357
11289	22	10057
11289	22	10348
3451	14	3458
3451	14	3456
3451	14	3437
3451	14	3455
3451	14	3454
3451	14	3457
3451	14	3453
1114	1	1112
1114	1	1113
5118	15	4971
5118	15	4973
4247	14	3667
4247	14	4062
1011	1	122
1011	1	123
12084	22	9829
12084	22	9728
12084	22	9831
12084	22	9827
12084	22	9827
12084	22	9712
12084	22	10001
6750	17	6284
6750	17	6420
6750	17	6288
5837	17	5836
5837	17	5838
5837	17	5839
8344	17	5816
8344	17	8345
8167	20	6706
8167	20	6706
8167	17	5873
8167	17	5862
8167	17	5912
4012	14	3574
4012	14	3912
4012	14	3724
4012	14	3700
2985	23	2946
2985	11	3128
2985	11	3129
4405	14	4408
4405	14	4406
2581	17	6213
2581	17	7232
2581	17	6933
2581	9	2505
11676	22	10250
11676	22	9548
11902	22	9775
11902	22	9775
11902	22	11903
11902	22	11903
11902	22	11903
11902	22	11352
11902	22	11352
11902	22	9866
11902	22	10302
11902	22	10671
391	1	123
391	1	129
7692	17	5916
7692	17	5915
7692	17	6008
7692	17	6430
7314	17	6932
7314	17	6899
4840	14	4836
4840	14	4836
5114	15	4971
5114	15	4973
4392	14	3841
4392	21	9468
12365	22	10942
12365	22	11895
12365	22	11895
12365	22	9891
12365	22	11442
12365	22	11315
12365	22	10069
11425	22	10261
11425	22	10122
11425	22	10122
11425	22	10339
11425	22	9784
2001	7	2239
2001	7	2239
2001	5	69
10712	22	9893
10712	22	9709
10712	22	10714
10712	22	10715
10712	22	10069
10712	22	9867
10712	22	10713
10712	22	9710
3823	14	3825
3823	14	3824
3823	17	5888
4557	14	3544
4557	14	3523
2776	15	4969
2776	9	2490
2776	9	2494
11817	22	9621
11817	22	9576
11817	22	9825
11817	22	10092
11817	22	10166
11817	22	10094
11817	22	10205
2462	8	2448
4828	17	6504
4828	14	3707
11597	22	10721
11597	22	9810
11597	22	11295
11597	22	10771
11597	22	9758
11541	22	9651
11541	22	10657
11541	22	10539
11541	22	10392
11541	22	9799
10582	22	10486
10582	22	10157
10582	22	10157
10582	22	10157
10582	22	9777
10582	22	10073
10582	22	10583
1074	1	496
1074	1	764
918	1	148
918	1	159
12320	22	10514
12320	22	10356
12320	22	10356
12320	22	10522
12320	22	10522
12320	22	10522
12320	22	10524
4471	17	7958
4471	14	3765
4471	17	6357
6111	17	6112
6111	20	6112
6111	17	6113
11452	22	10926
11452	22	10926
11452	22	10926
11452	22	9653
11452	22	10143
11452	22	10142
11452	22	10093
11452	22	11035
11452	22	10111
637	1	366
637	15	4982
637	15	4983
11288	22	9689
11288	22	5648
11288	22	10210
11288	22	10210
11288	22	10208
246	1	125
246	1	126
2633	20	7092
2633	20	7092
2633	20	7092
2633	20	7092
2633	17	7192
2633	17	6700
2633	17	6794
2633	17	7326
2633	17	6653
2633	17	5410
2633	9	2482
1306	1	122
1306	1	1210
1306	1	129
1416	1	122
1416	1	123
10249	22	10250
10249	22	10250
10249	22	10251
10249	22	9837
10249	22	9885
10249	22	10129
10249	22	10127
8306	17	5899
8306	17	6112
6361	17	6363
6361	17	6362
6361	17	6362
11716	22	9792
11716	22	9792
11716	22	9783
11716	22	11012
11716	22	11012
11716	22	9789
11716	22	10838
11716	22	9767
11716	22	9767
12405	22	10562
12405	22	10619
12405	22	10619
12405	22	10774
12405	22	10709
12405	22	9727
12405	22	10810
852	6	853
852	1	853
852	21	9473
852	13	3245
3924	14	3925
3924	14	3495
3122	14	3726
3122	14	3726
3122	14	3726
3122	11	3123
2140	6	2009
2140	6	2045
2140	6	2008
2140	6	2018
2140	6	2025
985	1	241
985	1	148
2945	14	4056
2945	10	2946
2945	14	3500
2945	14	3623
2945	14	4034
7580	17	7514
7580	17	7514
7580	17	7514
7580	17	7514
6856	17	7549
6856	17	5987
6463	17	6001
6463	17	6002
8427	17	6776
8427	17	6959
2166	6	116
2166	6	115
2132	6	170
2132	6	170
2139	6	29
2139	6	26
4045	14	3901
4045	14	3901
4045	14	4164
4045	14	3696
7462	17	7463
7462	17	6755
6936	17	6937
6936	17	6937
6936	20	6867
6936	23	12511
2597	20	7092
2597	20	7092
2597	20	6780
2597	20	6780
2597	20	6780
2597	17	6780
2597	20	6780
2597	17	6637
2597	9	2505
3778	14	3496
3778	14	3779
8538	17	5992
8538	17	6465
4309	14	4311
4309	14	4311
4309	14	4310
4309	14	4310
7676	17	6335
7676	17	7334
11384	22	9775
11384	22	10398
11384	22	9630
10460	22	9926
10460	22	9701
10460	22	10205
10460	22	10256
4385	14	4386
4385	14	4386
2358	17	5946
2358	8	2359
2358	17	6134
2358	17	6098
1249	1	129
1249	1	129
1249	1	1210
1255	1	129
1255	1	129
1255	1	1210
9037	17	6800
9037	17	6800
9037	17	6800
9037	17	6800
9037	17	6800
9037	17	6800
9037	17	6800
9037	17	6800
9037	17	6800
9037	17	6240
9037	17	6240
9037	17	8703
8752	20	5722
8752	17	5815
9043	20	6780
9043	20	6780
9043	20	6780
9043	17	6432
9043	17	7508
8527	17	6272
8527	17	6276
8527	17	6275
3955	17	6249
3955	14	3956
10752	22	9623
10752	22	9623
10752	22	9686
10752	22	9740
10752	22	9577
10752	22	9622
10752	22	10604
3942	14	3696
3942	14	3696
3942	14	3901
3942	14	3697
8754	17	6113
8754	17	5899
1150	1	953
1150	1	953
1150	1	1142
9506	21	9442
9506	21	9457
9506	21	9451
7079	17	5815
7079	17	5798
7079	23	12511
8715	20	7119
8715	20	7301
8715	20	7301
8715	17	6488
382	1	383
382	1	384
4212	17	7181
4212	14	3847
4212	14	3847
4212	14	3495
1199	1	1142
1199	1	953
1199	1	953
8504	22	10012
8504	17	8505
8504	22	11551
8504	22	10573
3627	14	3457
3627	14	4149
3627	14	3454
3627	14	3455
3627	14	3628
3627	14	3456
3614	14	3421
3614	14	3423
3614	14	3423
3614	14	3610
10983	22	10984
10983	22	9589
10983	22	10037
10983	22	9847
10983	22	9849
1184	1	1142
1184	1	953
1184	1	953
6577	17	6579
6577	17	6579
6577	17	6579
6577	17	6578
11204	22	9777
11204	22	11070
11204	22	11070
11204	22	10972
11204	22	10157
11204	22	10452
4845	14	4772
4845	14	3506
4845	14	3548
4845	14	3628
4845	14	3460
4845	14	3473
4845	14	3457
4845	14	3458
4845	14	3437
316	1	317
316	1	785
7346	17	5942
7346	17	7211
7346	17	7348
7346	17	7347
2688	17	6697
2688	17	5873
2688	9	2517
5443	17	5440
5443	20	5440
5443	20	5808
12310	22	10790
12310	22	10285
12310	22	11197
12310	22	11586
12310	22	12066
659	1	660
659	1	661
659	15	5024
659	5	40
659	5	1934
659	1	444
10366	22	10367
10366	22	10367
10366	22	9950
10366	22	9747
10366	22	9825
10366	22	9749
10366	22	9681
10366	22	9753
12104	22	10311
12104	22	9604
12104	22	10639
12104	22	10938
1904	10	2861
1904	4	1833
10817	22	10003
10817	22	10202
10817	22	10284
10817	22	9859
10817	22	9858
244	1	606
244	1	245
3300	13	3255
3300	13	3269
1590	1	122
1590	1	123
185	1	123
185	1	122
6834	17	5876
6834	17	5862
8163	20	5762
8163	17	5762
3065	23	12519
3065	17	6015
3065	17	5874
3065	17	8294
3065	20	6192
3065	20	6192
3065	10	2924
3065	17	6553
5149	15	5151
5149	15	5150
1157	1	1142
1157	1	953
1157	1	953
6539	17	5873
6539	17	6066
7879	17	7880
7879	17	7880
7879	17	8546
7412	17	7734
7412	17	6605
2375	8	2376
2376	8	2375
1532	18	1531
2853	14	3634
2853	14	3634
2853	14	3634
2853	14	3634
2853	9	2712
8023	20	7558
8023	17	7558
8023	20	7558
8023	17	7558
8023	17	5915
3160	11	3118
3160	11	3098
8026	20	6937
8026	17	6124
3385	13	3255
3385	13	3255
3385	13	3255
7984	17	7385
7984	17	7510
9230	20	9231
9230	20	9190
8182	17	7721
8182	17	8183
1149	1	1142
1149	1	953
1149	1	953
2829	17	6036
2829	9	2478
2829	17	7159
2829	17	6211
2829	17	4313
2829	17	4313
2829	17	4313
2829	17	7158
1817	3	1776
1817	3	1778
4303	14	4287
4303	14	4130
9588	22	9589
9588	22	9589
9588	22	9589
665	1	666
665	1	641
665	1	642
5180	15	4973
5180	15	4971
11679	22	10494
11679	22	9723
11679	22	9723
11679	22	9725
3281	13	3252
3281	13	3247
3281	13	3266
1252	1	129
1252	1	129
3363	13	3252
3363	13	3266
3363	13	3247
11732	22	10681
11732	22	9976
11732	22	10163
2896	20	5762
2896	9	2476
7601	20	6157
7601	20	7602
7601	17	7602
7601	20	7602
1698	2	1671
1698	2	1672
4930	14	3724
4930	14	3700
4930	14	3912
8280	17	6893
8280	17	6012
8280	17	6012
4328	14	3854
4328	14	3489
1186	1	953
1186	1	953
1186	1	1142
6718	17	6719
6718	17	6720
4738	14	4053
4738	14	3444
4738	14	3444
8633	17	5939
8633	17	5946
2131	6	2018
2131	6	2008
2131	6	2009
9053	17	5939
9053	17	6326
9053	20	6150
9053	17	7474
9948	22	9895
9948	22	9894
9948	22	9894
9948	22	9950
9948	22	9893
9948	22	9825
9948	22	9949
8697	17	8698
8697	20	8698
8697	17	6198
8697	17	6198
12205	22	10289
12205	22	10289
12205	22	10179
12205	22	10742
12205	22	10742
12205	22	10742
12205	22	10229
12205	22	9964
12205	22	11782
12205	22	9774
12205	22	11122
12205	22	11122
12205	22	10637
5288	15	4971
5288	15	4973
1296	1	1210
1296	1	129
1296	1	129
8249	17	8279
8249	17	8183
8249	17	7251
8249	17	6408
8249	17	6632
8249	17	7019
8249	17	7948
8249	17	6707
6977	17	6867
6977	20	6867
1834	17	6612
1834	4	1833
1834	4	1835
11957	22	10371
11957	22	10893
11957	22	10110
11957	22	10704
1182	1	953
1182	1	953
1182	1	1142
3748	14	3690
3748	14	3649
7584	17	5853
7584	19	9157
62	1	233
62	1	63
62	0	63
11147	22	9547
11147	22	9592
11147	22	10106
11147	22	9791
11147	22	9633
11147	22	9633
11147	22	10708
11147	22	10233
11172	22	10277
11172	22	9931
11172	22	9546
11172	22	9845
11172	22	10278
11172	22	10143
11172	22	10142
11172	22	9698
547	1	539
547	1	540
415	1	304
415	1	416
1102	1	148
1102	1	210
11667	22	10671
11667	22	10376
11667	22	10173
11667	22	11383
11667	22	10824
11667	22	10377
682	1	502
682	15	4983
682	1	503
8654	17	6581
8654	17	8655
1933	5	1948
1933	5	725
1000	1	815
1000	1	1001
12194	22	9740
12194	22	10721
12194	22	10047
12194	22	9684
6768	17	6596
6768	17	7251
6768	17	5836
6768	17	6897
6768	17	6262
8598	17	8599
8598	17	8599
4698	14	4699
4698	14	4700
8339	17	6324
8339	17	5803
8339	17	6358
2039	15	5002
2039	6	2040
2039	15	5001
2305	8	2306
2306	8	2305
6524	17	6169
6524	17	6066
6524	17	6068
6896	17	6897
6896	17	7019
11394	22	9827
11394	22	9570
11394	22	10681
11394	22	9730
11394	22	10162
11394	22	9707
11394	22	9732
11394	22	10655
10444	22	5651
10444	22	5648
10444	22	10445
10444	22	9986
10444	22	9580
10444	22	9663
10444	22	9587
8842	17	7152
8842	17	6512
8842	23	3023
8842	19	9149
4630	14	3895
4630	17	6059
4630	14	3721
3941	14	3847
3941	14	3495
1244	1	129
1244	1	122
1244	1	1210
4369	14	3481
4369	14	3623
5309	15	5047
5309	15	5047
5309	15	5048
8627	17	6224
8627	17	6842
8627	17	6175
2793	10	2924
2793	9	2476
3034	17	6794
3034	14	3956
3034	10	2963
11682	22	9816
11682	22	5653
11682	22	10209
11682	22	10209
11682	22	9689
966	1	663
966	15	4983
966	15	4982
4319	14	3478
4319	14	4320
1554	1	496
1554	1	764
10039	22	10041
10039	22	9708
10039	22	10040
10039	22	9937
10039	22	9900
10039	22	9566
10039	22	9934
10039	22	10042
10039	22	10045
10039	22	10044
2288	8	2289
2289	8	2288
9148	19	228
9148	19	2004
9148	19	2004
4610	14	3456
4610	14	3455
1403	1	1404
1403	1	1404
1403	1	1405
1403	1	1405
1876	10	2920
1876	4	1831
1876	4	1829
10282	22	10285
10282	22	9833
10282	22	9756
10282	22	10284
10282	22	10284
10282	22	10283
10282	22	9639
11343	22	10671
11343	22	9727
11343	22	10057
11343	22	9949
11343	22	9672
11343	22	9698
11343	22	9758
11343	22	10695
11343	22	10721
5330	15	4971
5330	15	4973
12089	22	10015
12089	22	10510
12089	22	10404
12089	22	9918
12089	22	9916
12089	22	9787
360	1	362
360	1	361
9123	17	6026
9123	17	6777
9627	22	9600
9627	22	9633
9627	22	9632
9627	22	9636
9627	22	9630
9627	22	9631
9627	22	9635
10544	22	10546
10544	22	10546
10544	22	9698
10544	22	10545
10544	22	9630
10544	22	9912
3353	21	9510
3353	13	3261
9526	21	9451
9526	21	9477
9526	21	9457
8863	17	5935
8863	17	6190
8863	17	5818
8863	17	5817
8863	17	5816
8809	17	8810
8809	20	8810
8809	20	8810
8809	20	7217
8809	17	7217
2348	8	2349
2348	17	6924
2348	17	6156
2348	17	8379
7898	17	7848
7898	17	7899
7898	17	7467
7898	17	7196
4613	14	3715
4613	14	3847
4613	14	4132
4613	14	3495
1683	2	1671
1683	2	1672
5086	15	4973
5086	15	4971
7604	17	7038
7604	17	7495
7604	17	6910
11853	22	9754
11853	22	9754
11853	22	9898
11853	22	9902
11853	22	9558
8615	20	8616
8615	17	8616
8615	20	8616
8615	20	8616
8615	20	5967
2579	14	3431
2579	14	3431
2579	14	3481
2579	14	4087
2579	9	2500
12041	22	11536
12041	22	11536
12041	22	10085
9009	20	8115
9009	17	7995
9009	17	7066
2964	10	2966
2964	10	2965
2736	9	2482
2736	9	2482
1198	1	1142
1198	1	953
1198	1	953
5278	15	4985
5278	15	4986
9030	17	9031
9030	20	9031
9030	20	9270
11833	22	10564
11833	22	10564
11833	22	10564
11833	22	11012
11833	22	10628
11833	22	10807
11833	22	10807
1062	1	666
1062	1	528
812	1	416
812	1	304
8882	17	6916
8882	17	6917
9356	20	6780
9356	20	6780
255	1	159
255	1	148
5260	15	4973
5260	15	4971
4810	14	4443
4810	14	4443
4810	14	4261
10874	22	9592
10874	22	9858
10874	22	10767
10874	22	10022
10874	22	5590
10874	22	5478
10874	22	9979
10874	22	9833
10874	22	9750
7698	20	7046
7698	17	7046
7698	20	7046
7698	20	7046
7698	20	8148
7176	17	6048
7176	17	6029
7717	17	5947
7717	17	6120
7717	17	7697
7717	17	6011
1376	1	953
1376	1	953
1376	1	1142
10798	22	9857
10798	22	9547
10798	22	5656
10798	22	9990
10798	22	5650
10798	22	10047
10798	22	9984
10798	22	9859
7483	17	7212
7483	17	5931
7483	17	5942
12411	22	5478
12411	22	9674
12411	22	10356
12411	22	10756
9187	20	7092
9187	20	7092
9187	20	7092
9187	20	7092
9187	20	7092
9187	20	7092
9187	20	7092
1383	1	129
1383	1	129
1383	1	1210
11036	22	10530
11036	22	10530
11036	22	10795
393	1	123
393	1	122
1187	1	953
1187	1	953
1187	1	1142
10757	22	9754
10757	22	9549
10757	22	10295
7442	20	5762
7442	17	5762
7442	17	6905
5040	15	4971
5040	15	4973
2244	8	2243
2244	17	5815
2243	8	2244
10844	22	9787
10844	22	9785
10844	22	9576
10844	22	10349
10844	22	9794
10844	22	9767
4618	14	3454
4618	14	3456
4618	14	3455
2100	9	2490
2100	9	2498
2100	9	2485
2100	9	2496
2100	15	4969
2100	9	2487
2100	9	2494
7904	17	7905
7904	17	8665
7629	17	7199
7629	17	6566
1201	1	1142
1201	1	953
1201	1	953
2790	14	3450
2790	14	3450
2790	14	3450
2790	11	3149
2790	9	2781
2790	11	3110
2790	11	3089
4250	14	3726
4250	14	3726
4250	14	3481
8350	17	6268
8350	17	6066
4004	14	3777
4004	14	3776
11887	22	9641
11887	22	10944
11887	22	10942
11887	22	10131
11887	22	9693
11887	22	10581
4934	14	3899
4934	14	3899
4934	14	4298
7245	17	7247
7245	17	7247
7245	17	7247
7245	17	7246
10758	22	10760
10758	22	6517
10758	22	10761
10758	22	10762
10758	22	10430
10758	22	9846
10758	22	10763
5619	17	5611
5619	17	5611
5619	17	5611
5619	17	6079
5619	20	9073
11218	22	10299
11218	22	10299
11218	22	10299
11218	22	10302
11218	22	10301
12302	22	9898
12302	22	10671
12302	22	11154
12302	22	10559
3815	14	3495
3815	14	3779
12435	22	9866
12435	22	10426
1841	4	1842
1841	4	1843
1841	23	2997
1804	3	1778
1804	3	1776
1176	1	953
1176	1	953
1176	1	1142
12219	22	9846
12219	22	10992
12219	22	10804
328	1	329
328	1	1125
4929	14	3495
4929	14	3495
4929	14	4878
5944	17	5945
5944	17	5836
6631	17	6083
6631	17	6632
3180	14	3450
3180	11	3095
3217	14	3468
3217	12	28
5691	22	9854
5691	22	9689
5691	22	5648
5691	22	9816
5691	22	10209
5691	22	10209
221	1	222
221	1	223
6431	17	6432
6431	17	6287
6431	17	5873
4816	14	3454
4816	14	3455
4816	14	3456
719	1	679
719	1	681
11860	22	9894
11860	22	9953
11860	22	10942
11860	22	9799
11860	22	9887
11860	22	11861
11860	22	11861
11860	22	9895
2026	6	30
2026	6	30
2026	6	2027
2026	6	2027
2026	6	2029
2026	6	2111
3780	14	3781
3780	14	3741
4907	14	3457
4907	14	3456
4907	14	3455
738	1	122
738	1	123
5205	15	4971
5205	15	4973
2237	7	2238
2237	7	2238
2413	8	1879
7674	17	7675
7674	17	6336
7674	23	2935
3834	20	6012
3834	20	6012
3834	20	6012
3834	20	6012
3834	14	3835
3834	14	3415
3874	14	3418
3874	14	3419
3443	14	3444
3443	14	3444
3443	17	5910
144	1	122
144	1	123
2708	17	6794
2708	17	6793
2708	17	6795
2708	9	2505
432	1	148
432	1	433
6146	17	6148
6146	17	6147
5018	15	4973
5018	15	4971
12245	22	10664
12245	22	10664
12245	22	10862
12245	22	10637
12245	22	9985
12245	22	10808
12245	22	10808
12245	22	11092
7854	20	7637
7854	20	7637
7854	17	7637
7854	20	6678
7854	20	6678
10317	22	9849
10317	22	10061
10317	22	10061
10317	22	10093
8662	20	8769
8662	17	8663
8662	17	6087
8662	17	6619
8662	17	6583
8662	17	6085
4881	14	4232
4881	14	4232
11930	22	9597
11930	22	11578
11930	22	9558
504	1	148
504	1	159
6421	17	6188
6421	17	6262
6421	20	6780
6421	17	5836
6435	17	6436
6435	17	8830
6435	17	6224
6435	17	6175
4909	14	3456
4909	14	3454
4909	14	3458
4909	14	3437
4909	14	3457
4909	14	3455
2810	9	2505
2810	9	2505
9020	17	7477
9020	17	7675
2902	17	6399
2902	9	2505
6371	17	6375
6371	17	6374
6371	23	3023
6371	23	3023
6371	17	6288
6371	17	6372
6371	17	5836
6371	17	6376
6371	17	6377
6371	17	6188
12486	22	9845
12486	22	11059
12486	22	10093
11837	22	10300
11837	22	10456
11837	22	9641
11837	22	9898
3556	14	3559
3556	14	3437
3556	14	3558
3556	14	3505
3556	14	3510
593	1	594
593	15	4971
593	15	4973
4458	14	3821
4458	14	3822
957	1	125
957	1	125
957	1	126
3163	14	3587
3163	11	3164
3163	14	4127
3163	17	7005
7746	17	7747
7746	17	6910
2799	9	2704
2799	17	6005
2799	17	6791
3843	17	6452
3843	14	3791
9492	21	9493
9492	21	9493
9393	20	5762
9393	20	5762
2548	9	2549
2548	14	3450
2548	14	3450
8562	20	7568
8562	20	6722
8562	17	6722
8562	20	6039
8562	20	7872
4817	14	3444
4817	14	3444
4817	14	3444
4817	14	4174
3725	14	3726
3725	14	3726
3725	14	3726
12202	22	10572
12202	22	9646
12202	22	9647
12202	22	9643
7659	17	7274
7659	17	7047
2436	8	2437
2437	8	2467
2437	8	2436
2437	17	5722
1871	12	2155
1871	4	1839
1871	12	170
448	1	449
448	1	449
780	1	126
780	1	125
780	1	125
12152	22	9716
12152	22	9716
12152	22	10824
12152	22	11180
12152	22	10539
5362	15	4973
5362	15	4971
5137	15	4971
5137	15	4973
8796	17	8402
8796	17	7586
8796	17	6505
8796	17	6095
8796	17	6538
8796	17	8797
8796	17	6096
9070	23	2982
9070	17	6514
9070	17	6632
9070	17	6512
4523	14	3457
4523	14	3456
4523	14	3437
4523	14	3458
4523	14	3473
11281	22	10789
11281	22	9992
11281	22	10450
11281	22	9859
11281	22	10631
11281	22	9996
11281	22	10910
1067	1	148
1067	1	159
3851	14	3431
3851	14	3431
4415	14	4261
4415	14	4011
517	1	518
517	1	519
7596	17	7350
7596	17	6909
7596	17	7597
11819	22	11512
11819	22	10952
11819	22	10952
11819	22	11511
11819	22	11611
6555	17	5829
6555	17	6557
6555	17	6556
12425	22	10855
12425	22	2157
12425	22	10028
12425	22	11886
12425	22	9636
12425	22	10974
12425	22	10974
12425	22	9979
3929	14	3821
3929	14	3822
2037	6	2009
2037	6	2018
3348	13	3247
3348	13	3252
3348	21	9440
3348	21	9475
3348	13	3249
3348	21	9434
2230	17	6905
2230	14	3667
455	1	125
455	1	125
455	1	126
3531	14	3473
3531	14	3437
3148	11	3120
3148	14	4087
3148	14	3481
6624	17	6542
6624	17	6503
6624	17	7391
6624	17	6538
2282	8	2283
2283	8	2282
9186	20	8096
9186	20	9010
9186	20	8528
3391	21	9434
3391	13	3247
3391	13	3252
1334	1	129
1334	1	129
1334	1	1210
5884	17	5885
7997	17	5879
7997	23	2982
833	1	834
833	1	834
833	15	4990
4105	14	3422
4105	14	4064
4105	14	3479
11687	22	10171
11687	22	11153
10908	22	9707
10908	22	9829
10908	22	9831
10908	22	10681
10908	22	10367
6751	17	6753
6751	17	6752
6751	17	5916
3210	12	2151
3210	12	453
3210	17	6126
3210	12	2152
3210	12	2128
9714	22	9715
9714	22	9719
9714	22	9716
9714	22	9722
8237	17	6626
8237	20	6626
3683	14	3457
3683	14	3458
3683	14	3437
1905	17	6120
1905	4	1899
3397	13	3255
3397	13	3255
9195	20	6012
9195	20	6012
9195	20	6012
9195	20	6012
9195	20	6012
9195	20	6012
9195	20	6012
7402	17	5964
7402	17	5964
1440	1	119
1440	1	74
8113	17	7326
8113	17	7199
8113	17	7126
8113	17	7197
3732	14	3734
3732	14	3733
5146	15	4971
5146	15	4973
191	6	32
191	1	32
191	1	28
191	6	30
191	1	30
191	1	332
2555	17	6310
2555	9	2556
2555	17	8119
8651	17	6566
8651	17	7600
9337	20	5762
9337	20	5762
9337	20	5762
7367	17	7192
7367	17	6933
2873	23	12504
2873	14	3431
2873	14	3431
2873	14	3431
2873	14	3431
2873	9	2476
2630	17	6288
2630	17	7126
2630	17	7618
2630	9	2505
4484	14	4366
4484	14	4366
4484	14	4367
4348	14	4349
4348	14	4349
4348	14	3726
2350	17	6854
2350	8	2351
2350	23	12506
2350	9	2509
2350	17	2106
4341	14	4342
4341	14	4342
1039	1	1040
1039	1	1041
1815	3	1776
1815	3	1778
9504	21	9489
9504	21	9488
9467	21	9451
9467	21	9469
7730	17	5836
7730	17	7732
2806	17	5820
2806	9	2482
3142	14	3509
3142	14	3519
3142	14	3793
3142	14	3793
3142	14	3512
3142	14	3491
683	15	5092
683	1	684
683	15	4983
12056	22	9979
12056	22	10442
12056	22	10524
12056	22	10522
12056	22	10597
12056	22	11948
1556	1	210
1556	1	148
11287	22	11006
11287	22	10011
11287	22	11251
11047	22	9546
11047	22	10057
11047	22	10057
11047	22	10539
11047	22	10101
11047	22	9799
8811	20	6937
8811	17	6937
12170	22	11189
12170	22	11596
12170	22	9800
741	1	681
741	1	679
3570	14	3437
3570	14	3473
7133	17	5999
7133	17	7092
7133	17	7135
1297	1	129
1297	1	129
1297	1	1210
4932	14	3491
4932	14	3509
4932	14	3793
10468	22	10226
10468	22	10342
10468	22	10342
10468	22	9791
10468	22	10403
10468	22	9789
10468	22	9790
10468	22	9787
4024	14	3447
4024	14	3446
12233	22	10417
12233	22	9829
12233	22	9926
12233	22	9926
12233	22	10217
12233	22	10545
1704	2	1672
1704	2	1671
6980	17	6476
6980	17	5931
6980	17	6578
4944	14	4475
4944	14	4474
9119	17	6990
9119	17	5857
204	1	122
204	1	123
11663	22	10165
11663	22	9967
12176	22	10812
12176	22	10810
8247	17	8248
8247	17	6809
8247	17	5916
3342	13	3252
3342	13	3247
8210	20	7092
8210	20	7092
8210	20	7092
8210	20	7092
8210	17	6331
8210	17	6465
1411	1	163
1411	1	433
5015	15	4973
5015	15	4971
5009	15	4973
5009	15	5010
3647	14	3648
3647	14	3649
4139	14	3653
4139	14	4140
4139	14	3652
6212	17	6213
6212	17	6214
3240	12	2155
3240	14	3726
3240	12	1433
3240	17	6757
4949	14	3639
4949	14	4100
8366	17	5915
8366	17	7530
1191	1	953
1191	1	953
1191	1	1142
8274	23	12527
8274	17	5804
9338	20	7801
9338	20	7801
4304	14	3498
4304	14	3431
4304	14	3431
4304	14	3431
1363	1	27
1363	1	119
3947	17	6185
3947	14	3948
3947	17	5935
3947	17	6034
7614	17	5399
7614	17	7040
5399	16	5401
11375	22	10052
11375	22	9730
11375	22	9701
11375	22	9906
11375	22	9732
1119	1	1456
1119	1	642
9099	20	6150
9099	17	5798
7752	17	6706
7752	20	6706
7752	20	6706
7752	20	6706
8540	17	5804
8540	17	5939
4429	14	3937
4429	14	3949
3224	12	116
3224	12	117
12325	22	10403
12325	22	10339
12325	22	9580
12325	22	9580
12325	22	10960
12325	22	10673
12325	22	9787
12325	22	10415
6401	17	6068
6401	17	6267
6401	17	6065
8556	20	6150
8556	17	6150
8556	20	6028
8556	17	5815
8556	20	5798
4882	14	4103
4882	14	3811
4882	14	3810
1365	1	129
1365	1	129
1365	1	1210
10441	22	10442
10441	22	2772
10441	22	10146
10441	22	5650
10441	22	5650
10441	22	5469
10441	22	5469
10441	22	10121
10441	22	9918
10441	22	9775
2227	14	3667
2227	11	3095
2227	14	4288
9284	20	8819
9284	20	7887
2689	9	2505
2689	9	2505
4238	14	3721
4238	14	3721
5257	15	4971
5257	15	4973
7520	20	5453
7520	20	7279
7520	20	9178
7520	17	7244
7520	20	6869
7520	20	9273
12308	22	10401
12308	22	10831
12308	22	10335
12308	22	10335
12308	22	10805
11703	22	9557
11703	22	5651
9306	23	12511
9306	20	6875
11053	22	9622
11053	22	9736
11053	22	10220
5025	15	4971
5025	15	4973
8600	17	7016
8600	20	7016
8600	20	7501
8876	17	6491
8876	17	7383
8876	17	6556
8876	17	6685
9375	20	6706
9375	20	6706
8144	17	8145
8144	17	8145
8144	22	10092
4804	14	3444
4804	14	3444
10816	22	10735
10816	22	9576
10816	22	9576
10816	22	9756
10816	22	9825
10816	22	9825
10816	22	9823
10816	22	9822
10816	22	9592
10816	22	10719
2193	14	3448
4571	14	4572
12552	23	12540
12552	23	12525
3881	14	3458
3881	14	3456
3881	14	3473
3881	14	3437
3881	14	3457
4832	14	4042
4832	14	4042
4832	14	3495
7741	20	7742
7741	17	7742
3375	13	3255
3375	13	3255
3375	13	3269
5201	15	5010
5201	15	4973
8500	17	6725
8500	17	7157
8500	17	6175
11741	22	11742
11741	22	11742
11741	22	11189
4513	14	4491
6992	17	6813
6992	17	5916
6992	17	5844
6992	17	6993
4737	14	3457
4737	14	3454
4737	14	3455
4737	14	3473
4737	14	3437
4737	14	3458
4737	14	3456
10059	22	9651
10059	22	9873
10059	22	10061
2472	20	7301
2472	20	7301
2472	8	2374
2472	20	6867
2472	17	6867
2472	20	6867
5425	17	6096
5425	17	6106
5425	17	7563
5425	17	5420
5425	17	5813
5425	17	7586
11441	22	11315
11441	22	9894
11441	22	9710
11441	22	10456
11441	22	10456
11441	22	9713
11441	22	10714
11441	22	9895
11441	22	11442
11441	22	9891
6728	17	6730
6728	17	6730
6728	17	6729
1521	1	210
1521	1	148
11748	22	10826
11748	22	10826
11748	22	10827
11748	22	11334
2580	17	5818
2580	9	2476
7166	17	5819
7166	17	5816
5882	17	5883
5882	17	5883
2351	8	2350
11978	22	10834
11978	22	11662
11978	22	10040
11978	22	10173
11978	22	10720
7689	17	5836
7689	17	5945
7689	17	5874
6694	22	9690
6694	17	6695
6694	17	6695
8931	17	6220
8931	17	7486
7302	17	6275
7302	17	7082
578	1	26
578	1	28
4819	14	3454
4819	14	3455
4819	14	3456
1832	17	7235
1832	17	6520
1832	17	7192
1832	17	7153
1832	4	1833
1700	2	1671
1700	2	1672
225	1	755
225	1	226
225	1	291
2011	6	332
2011	6	46
2011	6	29
2011	6	30
2011	6	45
5267	15	4971
5267	15	4973
1826	3	1778
1826	3	1776
8884	17	8867
8884	17	6090
7526	17	5984
7526	20	5984
8174	20	8547
8174	17	5946
1712	2	1672
1712	2	1671
11242	22	9966
11242	22	9567
11242	22	10471
2717	9	2517
2717	14	3470
2717	14	3470
5519	17	5411
9172	20	5798
9172	20	9173
3836	14	3838
3836	14	3837
3362	13	3269
3362	13	3269
3362	13	3255
3362	13	3255
3868	14	3869
3868	14	3869
3868	14	3869
6696	17	6115
6696	17	5844
11523	22	10256
11523	22	10143
11523	22	10926
11523	22	10278
11523	22	10115
11523	22	10142
11523	22	9979
11523	22	9775
1010	1	642
1010	1	497
1010	1	483
4302	14	3433
4302	14	3495
1489	1	123
1489	1	122
1770	2	1671
1770	2	1672
5123	15	5124
5123	15	5001
5123	15	5002
6531	17	6169
6531	17	6336
11149	22	10052
11149	22	10010
11149	22	10010
3775	14	3777
3775	14	3776
11542	22	11543
11542	22	10984
11542	22	10187
8911	17	6457
8911	22	11098
1810	3	1784
1810	3	1776
1810	3	1778
1545	1	148
1545	1	210
1342	1	953
1342	1	953
1342	1	1142
12512	23	2952
12512	23	12543
3057	10	3058
3057	14	4443
3057	23	2946
817	1	241
817	1	148
8407	17	7454
8407	17	6465
12329	22	9823
12329	22	10738
12329	22	10018
12329	22	9685
12329	22	10273
1098	1	528
1098	1	666
1098	1	1097
1501	1	312
1501	1	148
2159	6	26
2159	6	29
2159	6	30
2159	6	2019
11163	22	9708
11163	22	10490
11163	22	9580
11163	22	9583
11163	22	9584
11163	22	10268
11163	22	9900
5207	15	4971
5207	15	4973
10126	22	10128
10126	22	10128
10126	22	10127
10126	22	10129
3191	12	30
3191	12	28
3191	12	29
5142	15	4971
5142	15	4973
4615	14	3496
4615	14	4138
4615	14	3737
1788	3	1776
1788	3	1778
242	1	243
242	1	247
242	15	4983
242	15	4982
11370	22	9568
11370	22	9985
685	1	687
685	1	686
8499	20	6150
8499	23	12511
8499	17	5815
667	1	641
667	1	642
667	1	642
4660	14	4661
4660	14	4661
7360	17	7361
7360	17	6213
5751	17	6854
5751	17	2106
8429	17	6011
8429	17	7026
4625	17	6012
4625	14	4237
4625	14	3639
9223	20	5762
9223	20	5762
9223	20	5762
7368	17	6543
7368	17	5978
7368	17	8479
7368	17	8632
2182	14	3634
1965	5	1966
1965	5	396
4423	14	4424
4423	14	3822
4423	14	4425
5328	15	4973
5328	15	4971
12296	22	12297
12296	22	9639
12296	22	9988
3670	14	3481
3670	14	3606
1362	1	953
1362	1	953
1362	1	1142
5003	15	4973
5003	15	4971
5032	15	4971
5032	15	4973
7287	17	7289
7287	17	7289
7287	17	7289
7287	20	7289
7287	17	6473
4488	20	6012
4488	14	3937
4488	14	3937
4488	14	3949
2005	5	544
2005	5	709
2005	5	1588
2791	14	3493
2791	9	2476
1380	1	1142
1380	1	953
1380	1	953
1380	1	125
8583	17	5987
8583	17	5872
8583	17	5876
8583	17	5873
5220	15	4971
5220	15	4973
3265	13	3266
3265	13	3266
3265	13	3267
876	1	125
8618	17	5929
8618	17	7158
3867	14	3750
3867	14	4526
3867	14	3495
4536	14	4537
4536	17	6504
4536	17	6820
4536	17	6059
8169	17	6175
8169	17	7456
4472	14	3802
4472	17	6294
9121	17	5817
9121	17	5818
9121	17	6209
9121	17	7538
3630	14	3543
3630	17	6051
8646	17	6527
8646	17	5916
8646	17	6660
4222	14	4223
4222	14	4223
3092	14	4274
3092	14	4274
3092	11	3083
3092	14	4384
3092	11	3100
7813	20	8017
7813	20	8017
7813	17	7814
7813	17	7814
8886	20	6626
8886	17	5924
3624	14	3595
3624	14	3596
3624	14	3505
3624	14	3512
3624	14	3437
3624	14	3509
6225	17	6226
6225	17	5934
4463	14	3573
4463	14	3574
4463	14	3700
1286	1	129
1286	1	129
1286	1	1210
3671	14	3665
3671	17	6093
768	1	226
768	1	755
768	1	291
3345	13	3245
3345	21	9473
5347	15	5021
5347	15	5022
5347	15	5000
11821	22	10761
11821	22	5467
11821	22	5467
5360	15	4973
5360	15	4971
311	1	312
311	7	2204
311	7	2204
311	7	2204
311	1	148
7737	17	6946
7737	17	7738
4829	14	3757
4829	14	3774
4829	17	5959
145	1	122
145	1	123
5318	15	4973
5318	15	4971
386	1	210
386	1	148
4736	14	3496
4736	14	3495
4736	14	4044
4736	14	3717
5310	15	4971
5310	15	4973
2253	8	2254
2253	8	2254
2253	20	5762
2253	20	6012
2253	21	9471
6004	17	6005
6004	17	5818
3951	14	3586
3951	14	3952
3951	14	3585
12420	22	10334
12420	22	9863
12420	22	10346
12420	22	9808
2891	9	2706
2891	9	2480
4220	14	3587
4220	14	3587
4220	14	3481
4220	14	4217
4220	14	4127
7308	17	6753
7308	17	7594
7308	17	7309
7308	17	6175
10698	22	10335
10698	22	9677
10698	22	10699
10698	22	10453
3071	20	6706
3071	10	3072
8229	20	7150
8229	20	7605
8229	17	7051
8229	17	8230
8229	20	8230
5078	15	4971
5078	15	4973
5066	15	4973
5066	15	4971
8604	20	6706
8604	17	6706
8604	17	5873
6291	20	7092
6291	20	7092
6291	17	6292
3270	13	3271
3270	13	3245
2314	8	2313
2313	8	2314
8304	17	7055
8304	17	6276
8304	17	6272
8304	17	6504
7581	17	7582
7581	20	8086
6607	17	6608
6607	17	7151
11248	22	10538
11248	22	10904
11248	22	10530
11248	22	10756
11248	22	10756
9760	22	9556
9760	22	9545
9760	22	9553
9760	22	9564
9760	22	9550
7757	20	7758
7757	20	7758
7757	17	7758
7435	17	7225
7435	17	7242
1967	15	4971
1967	5	1944
1967	15	4973
8384	23	12507
8384	23	12507
8384	23	12507
8384	17	6780
8384	17	6288
8384	17	6426
8384	17	5916
8384	17	6008
2113	6	29
2113	6	268
8521	17	6915
8521	17	6916
1228	1	1210
1228	1	122
1228	1	129
1340	1	1210
1340	1	122
1340	1	129
7668	17	7334
7668	17	7335
7668	17	7669
11410	22	9900
11410	22	10044
11410	22	9835
11410	22	10995
4531	14	4533
4531	14	4532
1470	1	135
1470	1	599
310	1	314
310	15	5088
310	15	4987
12341	22	10237
12341	22	9598
12341	22	9807
12341	22	10061
12341	22	11226
12341	22	9753
12341	22	9605
5286	15	4971
5286	15	4973
3409	13	3314
3409	21	9434
1461	1	1450
1461	1	1452
1791	3	1778
1791	3	1776
597	15	4987
597	15	5088
597	1	598
8069	17	6951
8069	21	9443
8380	17	6224
8380	17	6175
8380	17	6725
8380	17	7427
8380	17	7429
868	1	866
868	1	865
7833	17	6262
7833	17	6237
7833	17	6706
1214	1	122
1214	1	1210
1214	1	129
6441	17	6442
6441	17	5862
8042	20	7792
8042	20	8088
8042	20	6497
12248	22	9839
12248	22	10500
12248	22	5653
12248	22	9663
1079	15	4983
1079	15	4982
11584	22	9854
11584	22	5650
11584	22	10763
11584	22	9741
11584	22	5651
4593	14	4594
4593	14	4594
4593	14	4594
3293	13	3326
3293	13	3294
2367	8	2368
2368	8	2367
12366	22	9732
12366	22	9732
12366	22	10163
12366	22	9829
12366	22	10052
12366	22	9712
12366	22	10019
8290	17	7244
8290	21	9485
9339	20	6706
9339	20	6706
1382	1	953
1382	1	953
1382	1	1142
7593	17	7595
7593	17	7594
7988	17	7901
7988	17	7192
7988	17	6593
11725	22	10569
11725	22	10350
11725	22	10404
11725	22	10261
1799	3	1776
1799	3	1778
3968	14	3431
3968	14	3431
3968	14	3431
4566	14	3450
4566	17	6093
1527	1	125
1527	1	125
1527	1	126
3291	13	3247
3291	13	3249
1605	1	1597
1605	1	1596
8606	17	6039
8606	17	6098
8606	17	6123
9253	20	5774
9253	20	5774
9253	20	5774
8988	17	6867
8988	20	6867
8988	20	6937
4857	14	4107
4857	14	4671
11540	22	10415
11540	22	11398
11540	22	10519
11540	22	11295
910	1	518
910	1	526
5297	15	4971
5297	15	4973
11277	22	11101
11277	22	9758
11277	22	11154
11277	22	10581
11277	22	10581
4239	14	4023
4239	17	6357
4239	14	3495
6494	17	6337
6494	17	6336
6494	17	6495
9450	21	9442
9450	21	9457
9450	21	9451
2737	9	2480
2737	9	2667
1240	1	129
1240	1	129
1240	1	1210
8960	17	5815
8960	20	6937
5191	15	5113
5191	15	5185
2767	9	2610
2767	9	2490
2767	15	4969
5998	17	6002
5998	17	5999
5998	17	6001
5998	17	6000
8059	20	7837
8059	17	6232
8059	20	7097
2583	17	5818
2583	20	5762
2583	20	5762
2583	17	5817
2583	9	2476
9664	22	9668
9664	22	9669
9664	22	9666
2669	9	2515
2669	17	7041
3965	14	3966
3965	14	3966
6367	17	6368
6367	17	6370
6367	17	6369
1060	1	528
1060	1	529
11669	22	10644
11669	22	10453
11669	22	10646
11669	22	10642
11669	22	10645
11669	22	10643
6321	17	6322
6321	20	6322
6321	20	6322
9209	20	9210
9209	20	7941
9168	20	6706
9168	20	6706
9168	20	6706
9168	20	6706
8930	17	7244
8930	17	5453
3677	14	4306
3677	14	3545
3677	14	3555
7065	17	7067
7065	17	7068
7065	17	7051
7065	17	7066
6282	17	6284
6282	17	6287
6282	17	6283
6282	17	5838
6282	17	6288
7955	17	7244
7955	17	7885
8179	17	6491
8179	17	5819
6894	17	6895
6894	22	2165
6881	17	6882
6881	17	6883
4885	17	8813
4885	14	3690
4885	14	3690
4885	14	3690
1313	1	1210
1313	1	122
1313	1	129
5156	15	5060
5156	15	5059
10455	22	9785
10455	22	5649
10455	22	9561
10455	22	9789
10455	22	9766
10455	22	9589
10455	22	5655
3687	14	3473
3687	14	3458
7842	17	6276
7842	17	7055
4442	14	3693
4442	14	4034
4097	14	3475
4097	14	4081
2662	15	4969
2662	9	2495
2662	9	2490
2662	9	2494
4520	14	3496
4520	14	3496
1659	1	1660
1659	1	1660
11995	22	9874
11995	22	10102
6271	17	6276
6271	17	6272
6271	17	6275
6271	17	6273
6271	17	6274
523	1	524
523	15	4982
523	15	4983
12227	22	10781
12227	22	11994
12227	22	10348
1517	1	210
1517	1	148
2387	8	2388
2893	17	7456
2893	17	6780
2893	17	6606
2893	9	2520
3632	14	3457
3632	14	3473
3632	14	3437
3632	14	3458
1056	1	528
1056	1	642
1056	1	666
2098	15	5022
2098	15	5002
2098	15	5000
2098	6	2100
2098	6	2099
8555	17	5836
8555	17	6415
280	1	282
280	1	281
280	1	281
280	1	283
2909	9	2720
2909	9	2593
873	1	866
873	1	865
6252	17	6253
6252	17	6253
6252	20	6253
6252	17	6254
6252	17	6156
10410	22	10299
10410	22	9711
10410	22	10265
10410	22	10413
10410	22	10412
10410	22	10261
2434	8	2435
2435	8	2434
1822	3	1776
1822	3	1778
11473	22	10995
11473	22	9708
11473	22	9708
11473	22	10045
11473	22	10044
11473	22	9900
11473	22	10580
4601	14	4294
4601	17	6278
7120	17	6420
7120	17	6634
7120	17	5988
7120	17	6296
10677	22	9612
10677	22	9873
10677	22	9873
10677	22	9589
10677	22	9606
10677	22	9651
5623	17	5611
5623	17	6201
2338	20	7119
2338	8	2339
2338	17	7301
1485	1	155
1485	1	336
1568	1	411
1568	1	750
1148	1	953
1148	1	953
1148	1	1142
7395	17	6985
7395	17	7619
7395	17	6062
7863	17	7126
7863	20	6780
4822	14	3454
4822	14	3455
4822	14	3456
2841	9	2520
2841	17	6719
2841	17	6720
2841	17	7069
2841	17	6426
2841	17	5875
1006	15	4982
1006	1	1007
1006	15	4983
9125	17	9126
9125	17	9126
4434	14	3646
4434	14	3441
4434	14	3645
5303	15	4971
5303	15	4973
640	1	641
640	1	642
640	1	642
9411	20	7092
9411	20	7092
9411	20	6780
2532	9	2533
2532	9	2536
2295	8	2294
2525	9	2526
2525	9	2527
5164	15	4973
5164	15	4971
8885	17	6067
8885	17	6069
8885	17	6065
5609	17	5799
1751	2	1671
1751	2	1672
11113	22	5582
11113	22	10020
11113	22	9846
11113	22	10671
8070	17	8071
8070	17	8071
2531	9	2482
2531	9	2531
2800	9	2533
2800	9	2801
2800	9	2480
4785	14	3457
4785	14	3458
4785	14	3473
4785	14	3456
4785	14	3558
4785	14	3437
9676	22	9679
9676	22	9677
9676	22	9675
1613	1	732
1613	1	563
1120	1	618
1120	1	617
8285	17	8286
8285	17	7646
8285	17	6387
1458	1	1449
1458	1	1450
8227	20	8226
8227	17	7097
8227	20	7097
8227	17	8228
8227	20	7109
11848	22	11574
11848	22	5477
11848	22	11530
11848	22	10069
4608	20	6012
4608	20	6012
4608	20	6012
4608	14	3781
2747	9	2748
2747	11	3107
2747	9	2598
8386	17	6065
8386	17	5835
8386	17	8387
8386	17	6067
8386	17	6066
8386	17	6068
8386	17	7799
7998	17	7999
7998	20	7999
7998	20	9317
7533	20	5762
7533	17	5762
7533	17	6357
2675	14	3710
2675	9	2476
2675	14	3447
8565	17	7092
8565	20	7092
8565	20	7092
8565	20	7092
8565	20	7092
8565	20	7092
8565	17	7840
8565	17	5836
12307	22	10251
12307	22	10251
12307	22	9779
12307	22	10127
12307	22	10341
12307	22	10129
12307	22	11295
11900	22	10233
11900	22	10782
11900	22	10131
1536	1	68
1536	1	233
1412	1	122
1412	1	123
3403	13	3245
3403	21	9435
8861	17	8432
8861	17	6236
10958	22	10959
10958	22	9744
10958	22	9783
10958	22	10960
729	1	731
729	1	730
729	15	4990
729	1	429
2430	8	2428
2856	17	7485
2856	9	2505
2856	17	7451
3282	13	3252
3282	13	3247
4259	14	3847
4259	14	3496
9439	21	9440
9439	21	9434
12127	22	9847
12127	22	10972
12127	22	9547
12127	22	9934
2664	9	2495
2664	15	4969
2664	9	2490
2664	9	2494
1287	1	129
1287	1	129
1287	1	1210
7544	17	6276
7544	17	6272
7544	17	6274
3848	14	3495
3848	14	3846
2359	20	6826
377	1	125
4680	14	4171
4680	14	3444
2960	17	5858
2960	17	5859
2960	10	2924
4658	17	8591
4658	14	3811
4658	14	4457
4658	14	3810
4575	14	4241
4575	14	4241
4575	14	4241
4575	14	4332
4575	17	6543
1615	1	1597
1615	1	1596
2828	9	2556
2828	17	6311
2828	17	8119
1873	4	1839
1873	4	1862
1873	17	6013
211	1	190
211	1	189
2676	15	4969
2676	9	2490
2676	9	2610
2676	9	2494
2383	8	2384
2384	8	2383
2316	8	2315
2315	8	2316
6759	17	6324
6759	17	5972
6759	17	5972
6759	17	6070
3480	14	3481
3480	14	3482
3480	14	3482
12025	22	9937
12025	22	9554
12025	22	9604
6437	17	6438
6437	20	6875
2394	14	4038
2394	8	2395
2394	14	3810
5571	17	5551
8912	17	7549
8912	17	6313
5418	17	5410
5418	17	5874
5418	17	6700
2281	8	2280
2280	8	2281
5525	20	6207
5525	17	5411
568	1	125
1780	3	1778
1780	3	1776
8133	17	6678
8133	20	6678
8133	20	6678
8133	20	6678
8133	20	6678
8133	20	6678
8133	17	6678
8211	17	8212
8211	17	6201
5249	15	4971
5249	15	4973
4333	20	5762
4333	20	5762
4333	14	3916
2620	9	2533
2620	9	2480
2620	9	2801
457	1	125
457	1	125
457	1	126
1256	1	129
1256	1	129
1256	1	1210
4084	17	6970
4084	14	4085
5008	15	4971
5008	15	4973
5051	15	4971
5051	15	4973
8865	17	6501
8865	17	7675
3086	11	3087
3086	23	12527
8143	17	5818
8143	17	5817
421	1	422
421	1	422
421	15	4990
3319	13	3255
3319	13	3255
8829	20	6162
8829	17	8088
8829	20	8088
8829	20	9319
5757	17	5815
6808	17	6809
6808	17	6813
8773	17	8774
8773	17	8457
792	1	789
792	1	444
792	1	636
770	1	125
770	1	125
770	1	126
1586	1	594
1586	15	4971
1586	15	4973
8312	20	8313
8312	17	8313
8312	17	7675
8312	17	6985
8794	20	5722
8794	17	5815
8470	17	5855
8470	17	5856
4485	14	3721
4485	14	4486
4485	14	4158
1061	1	642
1061	1	666
1061	1	528
7127	17	6275
7127	17	6504
2833	17	6476
2833	9	2636
2833	9	2636
4691	14	3860
4691	14	3495
4691	14	3737
7701	17	6288
7701	17	7126
3993	14	3454
3993	14	3456
3993	14	3455
3993	14	3437
7215	17	6985
7215	17	6444
1409	1	384
1409	1	383
940	1	865
940	1	866
9005	20	9006
9005	17	9006
1701	2	1672
1701	2	1671
2136	6	170
2136	6	173
900	1	865
900	1	866
461	1	125
461	1	125
461	1	126
4467	14	3821
4467	14	3822
1037	1	696
1037	1	695
5430	17	6107
5430	17	5420
1101	1	1001
1101	1	815
3176	14	4225
3176	11	3133
3176	14	4224
4382	14	3724
4382	14	3912
2858	9	2825
2858	9	2480
2848	9	2733
2848	23	12523
2848	23	2931
9530	21	9469
9530	21	9458
3703	14	3704
3703	14	3704
3703	14	3704
3703	17	6172
7148	17	7150
7148	17	7151
9115	20	7473
9115	17	5924
4497	14	3724
4497	14	3912
5728	17	5815
5728	17	6147
5728	20	7119
1608	1	1455
1608	15	5048
9146	18	681
9146	18	679
11658	22	9683
11658	22	9683
11658	22	9798
11658	22	9798
11658	22	9653
1478	1	1474
1478	1	114
1478	1	114
2269	8	2270
2269	17	5899
2269	17	5898
7687	17	6150
7687	23	12511
3299	13	3252
3299	13	3247
11164	22	10250
11164	22	10250
11164	22	5469
11164	22	9734
3151	11	3152
3151	14	3450
2885	9	2480
2885	9	2667
4404	14	3785
4404	14	3495
296	15	4982
296	15	4983
296	1	184
8666	20	6012
8666	17	6012
8666	17	5959
6537	17	6538
6537	17	6542
12173	22	9679
12173	22	10695
9100	17	8607
9100	17	5925
7564	17	6993
7564	17	6204
7564	17	7565
7564	17	5916
7564	17	6115
3179	14	3456
3179	14	3456
3179	14	3458
3179	11	3165
3179	14	3437
3179	14	3457
3179	14	3473
11709	22	10984
11709	22	10984
11709	22	11543
7248	17	5815
7248	17	6328
8475	17	6242
8475	17	6110
1929	13	3245
8161	17	7678
8161	17	7643
8161	17	7196
200	1	202
200	1	201
3659	14	3458
3659	14	3473
1519	1	148
1519	1	210
9154	19	9155
9154	19	9155
9154	19	9155
7144	17	6820
7144	17	6892
4686	14	4242
4686	17	6778
4686	14	4241
678	1	681
678	1	679
1848	4	1829
1848	4	1843
1725	2	1671
1725	2	1672
11997	22	11782
11997	22	10240
8064	17	7051
8064	17	7161
1202	1	953
1202	1	953
1202	1	125
1202	1	1142
12530	23	12525
12530	23	12540
1218	1	129
1218	1	129
1218	1	1210
252	1	123
252	1	122
2014	15	4988
2373	20	7301
2373	8	2374
2373	20	5722
2373	23	12511
3720	14	3721
4948	14	3639
4948	14	4237
7445	17	7028
7445	17	6211
8925	20	5722
8925	17	6124
6978	17	6979
6978	17	5866
6978	17	5836
6978	17	8277
1367	1	1142
1367	1	953
1367	1	953
2638	9	2524
2638	14	4292
2638	14	4292
5058	15	5059
5058	15	5060
8877	17	6272
8877	17	6274
2813	9	2482
2813	9	2482
2093	6	2013
2093	6	2012
5367	20	6138
5367	20	5365
5367	20	5365
5367	17	5365
5367	20	5365
5367	20	5365
9107	17	6657
9107	17	5892
4529	14	3444
4529	14	3444
4529	14	4053
726	1	666
726	1	528
7993	17	6262
7993	17	7021
3175	11	3136
3175	14	3444
3175	14	4053
7670	17	7196
7670	17	7671
7670	17	6144
3304	13	3255
3304	13	3269
8529	19	1993
8529	17	6083
8529	23	2989
318	1	320
318	1	319
218	1	125
218	1	125
218	1	126
6902	20	6903
6902	17	6903
6902	20	7304
277	1	125
277	1	125
277	1	126
8397	17	6479
8397	17	6177
6018	17	6175
6018	17	5860
3488	14	3855
3488	14	3489
3488	14	3854
1689	2	1672
1689	2	1671
10987	22	10104
10987	22	10104
10987	22	9934
10987	22	9724
10987	22	9798
10987	22	9725
10987	22	5654
10987	22	9598
8786	17	6697
8786	17	6101
4683	14	3498
4683	14	3431
4683	14	3431
4683	14	3431
4683	14	3431
4683	14	3431
4118	14	3496
4118	14	3495
4118	14	3719
4291	14	4263
4291	14	4261
358	1	29
4189	14	4190
4189	14	4190
6309	17	6310
6309	17	6311
2690	9	2540
2690	9	2482
7869	17	6034
7869	17	5892
7869	17	6366
10090	22	5478
10090	22	9577
10090	22	9577
10090	22	10093
10090	22	10093
10090	22	10092
10090	22	10094
5428	17	5420
5428	17	7563
5547	17	5411
12097	22	9842
12097	22	9842
12097	22	9842
12097	22	10823
12097	22	9799
12097	22	10089
12097	22	10086
7720	17	7721
7720	17	7196
6690	17	6692
6690	17	6691
4102	14	3810
4102	14	4103
8451	17	8453
8451	20	8453
8451	17	8452
8451	20	8452
8451	17	7254
3483	14	3484
3483	14	3484
4153	14	3724
4153	14	3912
7875	17	7595
7875	17	7197
7875	17	6566
4777	14	4734
2317	17	6733
2317	8	2318
9426	20	5762
9426	20	5762
12522	23	12519
12522	23	12523
4545	14	4546
10705	22	10219
10705	22	10219
10705	22	10220
4065	14	4066
4065	17	6293
1325	1	129
1325	1	129
1325	1	1210
1773	2	1671
1773	2	1672
2076	6	400
2076	6	170
8348	17	6619
8348	17	6090
9049	20	9050
9049	17	9050
2185	17	5925
2185	14	3448
2185	14	3449
3061	17	5913
3061	17	7026
3061	17	5874
1402	1	429
1402	1	730
1646	1	543
1646	1	542
9104	17	5815
9104	17	6328
8878	17	5836
8878	17	6374
5940	17	5942
5940	17	5943
5940	17	5941
5134	15	4971
5134	15	4973
11718	22	9847
11718	22	10257
11718	22	10041
11718	22	9937
11718	22	9931
11718	22	9800
495	1	496
495	1	764
8841	17	6966
8841	17	8802
10939	22	10141
10939	22	10165
10939	22	10116
10939	22	10940
3212	12	29
3212	12	2055
7285	17	7142
7285	17	7286
8586	17	7092
8586	17	6023
8586	17	8343
2892	9	2482
2892	17	5912
2892	9	2540
1398	1	750
1398	1	411
5298	15	4971
5298	15	4973
5316	15	4971
5316	15	4973
8333	17	5817
8333	17	5818
8333	21	9443
8333	17	6005
8683	17	6582
8683	20	6486
8683	20	7770
8683	17	6417
8683	17	6083
1002	1	148
1002	1	433
240	1	122
240	1	123
9093	17	6349
9093	17	6776
4959	14	3694
4959	14	3693
689	15	4983
689	15	4982
4205	14	3855
4205	14	3855
4205	14	3854
936	1	866
936	1	865
8424	17	7111
8424	17	7111
1302	1	1210
1302	1	129
1302	1	129
195	1	189
195	1	190
3631	14	3457
3631	14	3437
3631	14	3458
1619	1	1596
1619	1	1597
2650	9	2480
2650	9	2667
3368	13	3252
3368	13	3247
1533	1	420
1533	1	419
2771	17	6209
2771	9	2476
2771	20	8769
2771	20	9219
2771	17	6026
2771	17	6036
1137	1	268
1137	1	1144
11958	22	9871
11958	22	10230
11958	22	10676
993	1	122
993	1	123
9501	21	9502
9501	21	9502
806	1	122
806	1	123
2699	9	2480
2699	9	2667
3323	21	9435
3323	13	3245
363	1	120
363	1	74
5715	17	6068
5715	17	7619
5715	17	5712
3954	14	3466
3954	14	3585
3954	14	3585
8677	17	7428
8677	17	8625
8677	17	7157
4675	14	4056
4675	14	3501
4675	14	3623
1366	1	1142
1366	1	953
1366	1	953
855	1	679
855	1	681
1723	2	1672
1723	2	1671
3499	14	3500
3499	14	3501
5401	20	5399
5401	17	5399
5401	17	6521
12235	22	10264
12235	22	9741
12235	22	9625
3238	12	170
3238	19	3199
3238	19	25
7512	17	7244
7512	17	5453
3716	14	3496
3716	14	3496
3716	14	3717
8780	17	8781
8780	17	8781
8780	17	8781
8764	17	6224
8764	17	6841
8764	17	5863
7761	17	7410
7761	19	25
646	1	122
646	1	123
4479	14	4480
4479	14	3948
4479	14	4481
4479	14	3963
4479	14	4399
6602	17	6605
6602	17	6262
6602	17	6603
6602	17	6606
6602	17	6604
4818	14	3454
4818	14	3456
2621	9	2703
2621	9	2476
1629	1	1596
1629	1	1597
5148	15	4987
5148	15	5088
3494	14	3495
3494	14	3496
5724	20	6937
406	1	407
406	1	407
406	1	408
2882	9	2540
2882	17	7196
1226	1	1210
1226	1	129
1226	1	129
7816	20	5983
7816	17	5983
7816	20	7770
7816	17	7770
7816	20	9305
7816	17	7817
7816	20	9304
7816	20	9185
7816	20	7767
7816	20	7836
1277	1	1210
1277	1	129
1277	1	129
1954	5	1998
1954	5	1955
2789	9	2705
2789	17	6005
4416	14	4357
4416	14	4357
4416	23	12521
12396	22	11611
12396	22	11189
12396	22	10952
12396	22	10185
12396	22	10185
12396	22	10185
11936	22	10041
11936	22	9547
11936	22	9780
11936	22	10300
11936	22	10996
11936	22	10093
11936	22	11004
11936	22	9810
1200	1	953
1200	1	953
1821	3	1776
1821	3	1778
2325	8	2324
2324	8	2325
7138	17	7028
7138	17	7140
7138	17	5868
6830	20	6012
6830	20	6012
6830	17	6358
6830	21	9471
6830	17	6357
8860	17	6415
8860	17	6217
5476	16	5478
5476	16	5477
5834	17	5835
5834	17	5836
152	1	122
152	1	123
5192	15	5113
5192	15	5185
7075	17	6363
7075	17	6363
7075	20	6363
7075	20	9194
4678	14	3496
4678	14	3835
4678	14	3495
4678	14	4044
4678	14	3715
6305	17	6306
6305	17	6307
1117	1	210
1117	1	148
3351	21	9435
3351	13	3245
7078	17	7077
7078	22	9913
1534	1	123
1534	1	122
1567	1	590
1567	1	589
1567	1	591
4211	14	4185
4211	14	4185
2141	6	171
2141	6	402
2141	6	400
2141	6	2055
9207	20	6150
9207	20	5798
9207	20	5798
9207	20	5798
9221	20	6012
9221	20	6012
2370	8	2369
6425	17	6426
6425	20	6780
6425	20	6780
6425	20	6780
8356	17	8357
8356	17	6326
4169	14	4170
4169	14	4170
6448	17	8640
6448	17	6449
5346	15	4986
5346	15	4985
3246	13	3252
3246	13	3247
4003	14	3415
4003	20	6012
4003	17	6012
4003	14	3835
4003	14	3717
1320	1	1210
1320	1	129
1320	1	129
3204	20	7092
3204	12	170
3204	17	6013
3204	20	6780
3204	12	2155
1052	1	528
1052	1	529
4376	14	4049
4376	14	3710
3943	14	3696
3943	14	3696
3943	14	3901
8171	20	9340
8171	20	9340
8171	20	7754
8171	17	7754
3004	14	3470
3004	10	3005
3004	10	2951
4125	14	3587
4125	14	3587
4125	14	3467
777	1	778
777	1	208
4421	14	4398
4421	14	4422
1196	1	953
1196	1	953
1196	1	1142
2918	9	2476
2918	17	8711
3407	13	3408
3407	13	3245
12458	22	9926
12458	22	9669
1713	2	1671
1713	2	1672
3248	13	3247
3248	13	3249
1316	1	129
1316	1	129
1316	1	1210
7612	17	7613
7612	17	6720
7612	17	5836
1668	1	312
1668	1	163
8135	17	7747
8135	17	8709
5132	15	4971
5132	15	4973
203	1	123
203	1	122
7953	17	6275
7953	17	7055
11677	22	10377
11677	22	10174
11677	22	10174
11677	22	10376
11677	22	10173
4563	14	3423
4563	14	3423
4563	14	3610
4867	14	4868
4867	14	4868
4494	14	3574
4494	14	3700
4494	14	3573
4494	14	3724
1552	1	99
1552	1	193
4498	14	4499
4498	17	7143
2666	9	2480
2666	9	2667
2357	8	2356
2356	8	2357
5426	17	5925
7464	17	6066
7464	19	179
8062	17	6065
8062	17	5835
4410	14	3796
4410	14	3495
3275	13	3255
3275	13	3255
3275	13	3255
11182	22	10824
11182	22	10302
11182	22	10302
11182	22	5656
11182	22	10301
11182	22	10299
3686	14	3458
3686	14	3473
5160	15	5088
5160	15	4987
3286	13	3247
3286	13	3252
4251	14	3481
4251	14	4252
7562	17	6106
7562	17	7563
11537	22	10546
11537	22	10321
11537	22	11003
11537	22	9912
836	1	193
836	1	837
451	15	4982
451	1	243
451	15	4983
5020	15	5022
5020	15	5021
4945	14	4224
4945	14	4224
4945	14	4946
4945	14	4946
4945	14	4946
579	1	656
579	15	4987
579	15	5088
579	1	580
656	6	2019
656	6	30
2872	9	2480
2872	9	2667
860	1	679
860	1	681
8824	17	6950
8824	17	6950
8824	17	6950
8824	23	2977
7249	17	6175
7249	17	6436
11966	22	9552
11966	22	10440
2461	8	2460
2460	8	2461
8440	17	6685
8440	17	5860
2577	17	5862
2577	9	2578
1463	15	4986
1463	1	1407
1463	15	4985
1823	3	1778
1823	3	1776
2442	17	6745
2442	8	2441
2876	9	2552
2876	13	2552
3878	14	3496
3878	14	3496
8325	17	6066
8325	17	6268
8323	20	7279
8323	20	8115
8323	20	7256
5345	15	4973
5345	15	4971
1361	1	953
1361	1	953
1361	1	1142
7994	17	7995
7994	17	7996
7994	20	7996
5036	15	5038
5036	15	5037
2880	17	6758
2880	9	2517
3226	17	6172
3226	12	29
3226	23	2996
856	1	679
856	1	681
4665	14	3609
4665	14	3423
512	15	4982
512	15	4983
6519	17	6521
6519	17	6520
782	1	362
782	1	361
8688	17	8168
8688	17	6520
5517	17	8537
5517	17	5411
5295	15	4973
5295	15	4971
6411	17	6284
6411	17	6413
6411	17	6412
8245	17	8246
8245	20	8246
2649	9	2505
2649	9	2505
6453	17	6360
6453	17	6012
2416	8	2417
2417	8	2416
1814	3	1776
1814	3	1813
1073	1	666
1073	1	528
10880	22	10881
10880	22	10881
10880	22	9927
5771	17	2106
5578	17	5572
5578	20	5572
8525	17	6012
8525	20	6012
4098	14	4100
4098	14	3639
9523	21	9437
9523	21	9510
844	1	679
844	1	681
8459	17	8460
8459	17	8460
4564	14	3423
4564	14	3610
6535	17	6249
6535	17	6536
700	1	701
700	15	5028
6493	17	6254
6493	17	6985
2231	14	3667
520	1	343
520	1	54
8159	17	8160
8159	17	6699
8159	17	7510
7262	23	7263
7262	17	7263
2685	17	8345
2685	9	2502
1038	1	148
1038	1	210
8213	17	7013
8213	17	6248
7048	20	6937
7048	20	6937
7048	17	5815
348	15	4982
348	1	349
348	15	4983
8222	17	7995
8222	20	7995
8222	17	8223
8222	20	8223
8222	20	6232
6443	17	6444
6443	17	6445
3984	14	3985
3984	14	3444
9459	21	9451
9459	21	9457
4685	14	3715
4685	14	3757
5350	15	4973
5350	15	4971
1666	1	126
1666	1	125
1666	1	125
3376	13	3255
3376	13	3269
1575	1	764
1575	1	496
1691	2	1671
1691	2	1672
1782	3	1778
1782	3	1776
5093	15	5094
5093	15	5095
1840	4	1835
1840	17	5874
4256	17	6619
4256	14	4132
3303	13	3252
3303	13	3247
3303	21	9434
968	1	969
968	1	408
968	1	74
5612	17	5611
8442	17	5959
8442	17	7363
9494	21	9458
9494	21	9469
7417	17	6985
7417	23	3023
3643	14	3519
3643	14	3491
4069	14	4070
4069	14	4030
4830	14	3496
4830	14	3715
12161	22	9857
12161	22	10637
12161	22	10231
12161	22	5478
6218	17	6219
6218	17	6220
2094	6	2040
2094	6	2095
2094	6	2083
2094	6	2104
2094	6	2103
3590	14	3506
3590	14	3592
4468	14	4470
4468	14	4469
3364	13	3366
3364	13	3365
1105	1	1001
1105	1	815
587	1	125
587	1	125
587	1	126
12498	22	9552
12498	22	9543
12498	22	10770
1487	1	331
1487	1	471
3840	14	3841
3840	21	9468
2584	20	6780
2584	20	6780
2584	20	6780
2584	20	6780
2584	9	2482
2584	9	2482
2584	20	7092
2584	20	7092
2584	17	7197
501	1	503
501	1	502
501	15	4983
3593	14	3463
3593	14	3544
3691	14	3694
3691	14	3693
3691	14	3692
4548	14	4549
3749	14	3750
3749	14	4526
3749	19	1996
2628	9	2505
2628	9	2505
2628	9	2505
11829	22	10198
11829	22	10195
11829	22	10195
6135	17	5803
6135	17	5939
1260	1	1210
1260	1	122
1260	1	129
5348	15	5088
5348	15	4987
4419	14	3496
4419	14	4420
8196	20	6180
8196	17	6180
737	1	123
737	1	122
3070	14	4443
3070	10	2946
9532	21	9442
9532	21	9457
1617	1	1597
1617	1	1596
2836	9	2705
2836	17	5818
7888	20	6497
7888	20	6471
7888	17	6471
9448	21	9434
9448	21	9445
7656	17	7335
7656	17	7653
7656	17	7654
7706	20	7707
7706	17	7707
3256	15	3245
3256	13	3245
4275	14	4276
4275	14	4276
4275	14	4276
4275	14	4276
1309	1	129
1309	1	129
1309	1	1210
8950	17	6245
8950	17	6623
6483	17	6198
6483	17	6198
1518	1	122
1518	1	123
8760	17	5815
8760	23	12508
9160	19	284
9160	19	284
9160	19	1952
5181	15	5037
5181	15	5038
5107	15	4973
5107	15	4971
4673	14	3496
4673	14	4044
530	1	522
530	1	531
3997	14	3454
3997	14	3456
3997	14	3455
3727	14	3728
3727	14	3728
3727	14	3729
1352	1	1142
1352	1	1161
1352	1	953
4432	14	3481
4432	14	4433
4432	14	4034
8162	17	6150
8162	17	6150
8162	17	6152
8162	20	6875
8162	17	5799
7403	17	6005
7403	17	5818
8361	17	6213
8361	17	7022
3367	13	3247
3367	13	3252
12300	22	9756
12300	22	9630
8869	17	6156
8869	17	6254
1159	1	953
1159	1	953
1159	1	1142
3502	14	3441
3502	14	3442
8446	17	7278
8446	20	5453
355	1	223
355	1	222
5280	15	4973
5280	15	4971
4315	17	7241
4315	14	4316
9000	17	7191
9000	17	8845
2441	8	2442
2421	8	2420
8724	22	10229
8724	17	6723
4774	14	3498
4774	14	4657
8189	17	7582
8189	17	6458
2785	17	6242
2785	9	2520
2785	9	2593
9520	21	9521
9520	21	9521
2391	8	2390
2390	8	2391
2161	6	2162
2161	6	2162
2161	6	2061
2161	6	2061
4459	14	3821
4459	14	3822
961	1	210
961	1	148
7936	17	5824
7936	17	7937
4553	14	4554
4553	14	4554
8506	17	6692
8506	17	7299
562	1	732
562	1	563
5079	15	5000
5079	15	5022
3157	11	3095
3157	11	3107
1883	17	8376
1883	4	1835
3350	13	3252
3350	13	3247
8254	17	6085
8254	17	8255
8254	20	8255
2459	8	2458
2458	8	2459
7300	17	7301
7300	17	7301
602	1	135
602	1	604
269	1	125
269	1	125
269	1	126
1262	1	129
1262	1	129
1262	1	1210
7100	17	7101
7100	17	6292
7100	17	6811
3876	14	3877
3876	14	3877
1138	1	125
1138	1	125
1138	1	126
4435	14	3636
4435	14	3523
394	1	210
394	1	148
9254	20	5774
9254	20	7074
4689	14	3431
4689	14	3431
6650	20	5798
6650	17	5815
12465	22	10719
12465	22	10897
5545	17	7958
5545	17	5411
8801	17	8802
8801	17	5925
5091	15	4971
5091	15	4973
740	1	578
740	1	1093
1549	1	223
1549	1	1508
4921	14	3898
6740	17	6512
6740	17	6530
7521	17	7070
7521	17	6939
7521	17	6066
1749	2	1672
1749	2	1671
8181	17	7241
8181	17	6941
1734	2	1671
1734	2	1672
9662	22	9597
9662	22	9554
3387	13	3252
3387	13	3247
6732	17	6734
6732	17	6733
3377	13	3245
3377	21	9435
8283	17	6349
8283	21	9443
4723	14	3496
4723	14	3733
4723	14	3835
5974	17	5976
5974	17	5975
841	1	681
841	1	679
9770	22	9771
9770	22	9771
5259	15	4971
5259	15	4973
3401	13	3366
3401	13	3365
870	1	866
870	1	865
905	1	865
905	1	866
8828	17	8226
8828	17	7109
1168	1	953
1168	1	953
1168	1	1142
1127	6	26
1127	6	29
1127	1	846
5243	15	4971
5243	15	4973
1069	1	666
1069	1	528
3388	13	3245
3388	21	9473
5782	17	7097
615	1	531
615	1	582
9120	17	5836
9120	17	6017
