6464	5	6465
10289	9	10290
8429	9	8468
8429	9	8954
8429	9	9686
8429	9	10078
8429	9	9391
8429	9	9406
8147	9	8148
3790	4	944
3790	0	1008
3790	7	1478
944	7	79
944	4	3790
9384	9	9385
7184	5	7185
1757	9	9000
1757	9	9337
1757	0	168
10172	9	10173
4048	1	4049
4061	1	4062
4062	5	7146
9218	9	9219
2206	9	9689
2206	9	9555
2206	0	1266
8297	9	8298
4040	1	4041
8201	9	10499
8201	9	9004
8201	9	8202
8201	9	10278
8201	9	8118
10357	9	10358
8488	9	8489
6546	5	7231
6546	5	6953
6546	5	7039
6546	5	7031
6546	5	7329
6546	5	6912
6546	5	7402
6546	5	7366
6546	5	6822
6546	5	7175
6546	5	7104
6546	5	6996
6755	5	6756
2373	9	10541
2373	9	9446
2373	0	83
5928	9	10035
5928	7	1487
5928	3	5269
8276	9	10189
8276	9	10167
5915	3	5228
5915	4	6012
8728	9	8729
2340	5	6449
8529	9	8530
2013	9	10274
2013	9	8977
2013	0	79
6351	5	6722
6351	5	6352
9220	9	9221
8951	9	10449
8951	9	9430
8951	9	163
6329	5	6330
6329	5	6920
6331	5	6386
6331	5	6332
6407	5	6408
3731	9	8084
3731	0	103
7934	9	7935
6881	5	6882
3154	9	9073
3154	9	8212
3154	0	1413
2378	4	6165
2378	0	283
6165	4	2378
6165	7	332
9984	9	9985
10232	9	10233
3399	3	5397
3399	0	1820
3399	3	5563
2254	9	10606
2254	9	9879
2254	9	8649
2254	9	8846
2254	0	626
8623	9	8624
8431	9	8432
8431	9	10091
1693	9	9282
1693	0	1454
7384	9	7889
6727	5	6728
8612	9	8613
7398	5	7399
3753	4	1086
3753	0	139
1086	4	3753
1086	0	168
10537	9	8113
6994	5	6995
10201	9	9478
9432	9	9433
6525	5	7335
6525	5	6526
10399	9	8629
7392	5	6918
5942	7	658
5942	3	5375
10486	9	10487
3433	9	10524
3433	7	103
3433	9	8934
3433	0	135
340	9	10021
340	0	137
340	7	137
4122	1	4123
2263	0	290
2263	3	5404
2914	1	4221
2914	1	4161
2914	6	7446
2914	0	83
2008	4	3341
2008	0	2009
3341	4	2008
3341	0	26
3341	7	139
10132	9	10133
8996	9	8997
10197	9	10372
10197	9	10198
2454	0	103
2454	3	5288
2454	3	5375
2454	3	5382
9370	9	9371
6383	5	7327
6383	5	6634
6383	5	7139
6222	9	8550
6222	4	2577
8378	9	8379
8378	9	8690
1054	9	10204
1054	9	9501
1054	0	620
6538	5	6539
3393	1	3949
3393	1	3897
3393	6	3816
3393	1	3816
3393	0	542
3393	1	3993
1346	9	10365
1346	9	8160
1346	0	323
1346	9	10255
1346	7	103
6799	7	308
6799	5	6691
6799	6	3886
7499	9	9401
7499	7	253
9278	9	10258
9278	9	9279
6053	9	9262
6053	9	8592
6053	9	8619
6053	7	139
7932	9	7933
7932	9	10335
2942	4	2429
2942	0	103
2429	4	2942
2429	0	2053
7420	5	6520
2819	9	9548
2819	7	139
2819	0	139
1514	4	1629
1514	0	217
1629	0	388
1629	4	1514
8855	9	8411
8330	9	8331
10168	9	10169
4103	1	3848
6418	5	7096
6418	5	7011
6418	5	7010
6418	5	6860
6418	5	7038
6418	5	7395
6418	5	7416
6418	5	6769
6418	5	6969
6418	5	6906
6418	5	6492
6418	5	7353
6418	5	6627
6418	5	7063
6418	5	7230
6418	5	6419
6418	5	6578
6418	5	7021
9042	9	7921
9042	9	9584
9042	9	8474
2197	9	7899
2197	7	139
2197	0	83
9377	9	9378
9377	9	9796
2834	3	5179
2834	3	5610
1207	0	1004
1207	8	7653
1207	8	7659
6785	5	6786
3558	4	536
3558	0	43
536	4	3558
536	0	265
8571	9	8572
8721	9	9019
8721	9	9092
8721	9	8824
1356	3	5502
1356	3	5256
1356	0	1357
1356	3	5198
10100	9	10101
8347	9	8484
8347	9	8348
8347	9	8636
9159	9	9160
8505	9	8506
9868	9	9869
1944	0	1945
1944	7	573
7408	5	7409
8755	9	8756
8353	9	8354
8353	9	8920
2102	7	3
2102	0	1454
2102	6	3843
7086	5	7087
6807	5	7186
6807	5	6808
8040	9	10471
8040	9	8761
8040	9	9144
8040	9	10443
8040	9	8041
522	9	7016
522	0	67
522	7	139
7016	5	7017
260	4	1720
260	0	69
1720	4	260
1720	0	139
4562	2	4494
4562	2	4339
4562	2	4936
10230	9	10231
1988	4	1794
1988	0	301
1794	4	1988
1794	0	301
6692	5	6374
6692	5	7052
5929	9	9010
5929	7	139
5929	9	9876
5929	3	5362
6499	5	6500
6499	5	6730
2764	3	5503
2764	3	5315
2764	0	925
3854	1	3890
3854	1	3855
6493	5	6330
6493	5	6494
6493	5	6981
3150	4	2211
3150	0	559
2211	0	120
2211	4	3150
1575	9	8340
1575	0	1004
1575	7	224
8206	9	9173
8206	9	8207
616	3	5206
616	3	5474
616	0	228
2208	4	3324
2208	0	99
3324	4	2208
3324	0	79
2947	9	9332
2947	9	10162
2947	9	10614
2947	0	125
6596	5	6597
9149	9	9150
3295	9	9063
3295	7	79
3295	9	1290
3295	9	8133
3295	0	83
6757	5	6758
8412	9	8413
7221	5	7222
7981	9	7982
8595	9	8596
6983	5	6555
6983	5	6744
991	9	9127
991	0	43
6413	5	6992
6413	5	6414
10089	9	10090
6148	4	1852
6148	7	9
1852	4	6148
1852	0	9
6584	9	10254
6584	9	9217
7954	9	7955
7080	5	7081
298	9	8679
298	0	299
298	9	10176
298	7	103
8000	9	8001
8000	9	8059
3644	7	1439
3644	0	1028
10355	9	10356
2357	9	8190
2357	9	10075
2357	9	9705
2357	9	8111
2357	9	10366
2357	9	8657
2357	0	667
3516	7	667
3516	0	139
4129	1	4130
1528	4	1027
1528	0	1303
1027	0	1028
1027	4	1528
9147	9	9148
8281	9	8282
8281	9	8813
8281	9	10521
9200	9	9201
1824	9	10488
1824	9	8083
1824	0	305
1824	9	8570
6455	5	6456
909	4	2684
909	0	69
2684	0	555
2684	4	909
6947	5	6948
9093	9	9094
9299	9	9300
9299	9	9729
1486	4	2963
1486	0	1487
2963	0	424
2963	4	1486
2906	0	103
2906	7	79
2906	4	2084
2372	7	555
2372	0	101
6676	5	7207
6676	5	6677
6676	5	7357
1523	9	9676
1523	9	8037
1523	7	57
1523	0	57
1523	9	10080
4132	1	4133
7233	5	7234
8264	9	8265
9425	9	9426
7421	5	7422
7156	5	7246
7156	5	7251
7156	5	6841
4092	1	4093
4092	1	4112
4093	9	9918
9725	9	9726
7061	5	7062
7061	5	7064
2981	3	5206
2981	0	258
6591	5	6338
913	9	10088
913	7	388
913	0	914
913	9	8859
913	9	10461
7632	9	10052
7632	9	9234
7632	7	103
9304	9	9305
1109	9	10478
1109	9	8796
1109	7	139
1109	3	5269
6473	5	6474
5895	9	8750
5895	9	8184
5895	9	8091
5895	9	8851
5895	9	8791
5895	7	55
5895	9	8278
5895	3	5206
3891	1	4231
3891	1	3855
9280	9	9281
6426	5	6427
8425	9	8426
9751	9	9752
9007	9	9008
1888	9	8080
1888	0	463
1888	9	10556
1888	9	9346
1888	9	10616
1888	9	8540
8042	9	8043
8042	9	8664
5279	3	5198
5279	3	5179
5279	3	5336
1310	9	8618
1310	0	103
1310	7	1361
2	0	3
2	3	5188
2	5	7027
353	9	8484
353	9	7995
353	7	183
353	9	8561
353	0	17
4958	2	4959
4958	2	4306
4958	2	5033
4958	2	5054
9711	9	8920
9711	9	9712
3443	9	8747
3443	0	139
3443	9	8136
9153	9	9154
9153	9	9367
3023	9	7991
3023	9	10314
3023	9	9089
3023	0	599
8703	9	8704
10572	9	8275
6483	5	6484
8527	9	10446
8527	9	8528
8798	9	8736
5575	3	5195
5575	3	5179
9719	9	9720
9719	9	10074
9316	9	9317
6638	5	6639
6638	5	7025
9297	9	10534
9297	9	9298
8235	9	8236
1586	0	79
1586	7	103
1412	0	1413
1412	4	3668
7918	9	9764
7918	9	9286
7918	9	9929
7918	9	8113
1643	0	173
1643	4	2785
40	4	6028
40	7	7534
6028	4	40
6028	7	2521
7051	5	7052
234	5	6450
8021	9	9965
8021	9	10373
8021	9	9547
8021	9	9365
8021	9	8022
8021	9	8761
646	9	8324
646	0	424
5995	7	79
5995	4	6109
6012	4	5915
6012	7	139
6181	5	7107
6181	7	1667
238	9	10439
238	9	9880
238	9	8114
238	0	83
8396	9	8397
8396	9	9074
10153	9	8835
10153	9	8405
10064	9	10065
9588	9	9589
3511	1	4032
3511	0	196
3511	1	3852
3511	1	3858
406	7	2086
406	0	407
406	3	5505
406	3	5179
2035	4	3691
2035	0	30
3691	4	2035
3691	0	13
8393	9	8394
7552	9	7999
7552	7	295
7552	9	8599
6498	5	6715
6498	5	6382
6498	5	6853
1414	9	10285
1414	0	139
2909	0	67
2909	3	5707
7872	9	7873
9935	9	9936
3936	1	4081
3936	1	3937
3936	6	3813
10412	9	10413
9545	9	9546
2886	4	2416
2886	0	103
2416	0	2417
2416	4	2886
1096	4	3547
1096	0	89
3547	7	89
3547	0	89
3547	4	1096
3966	1	3976
3966	1	3967
3966	1	3824
3966	1	3871
5851	9	7914
5851	9	9455
5851	3	5852
6735	5	6522
1502	0	265
1502	8	7856
1502	8	7834
9629	9	9630
2593	9	8191
2593	7	101
2593	0	83
7994	9	7995
3449	0	28
3449	8	7659
3449	4	3729
8494	9	8839
8494	9	8495
9443	9	9444
4148	1	4149
8231	9	8232
10546	9	10547
969	4	6163
969	0	199
6163	4	969
6163	7	7520
8224	9	8225
6045	4	1256
6045	7	139
1256	0	1115
1256	4	6045
864	0	139
864	4	759
4112	9	9918
4112	5	7343
5741	3	5179
5741	3	5360
5741	3	5665
5741	7	775
1529	0	139
1529	7	357
9355	9	9356
6674	5	6675
815	0	196
815	8	7684
815	7	848
196	5	7287
6415	5	7244
6415	5	6416
6415	5	6665
3232	4	445
3232	0	308
445	4	3232
445	0	446
164	4	1230
164	0	165
164	7	283
1230	4	164
1230	0	283
6855	5	6856
6855	5	7261
9521	9	9522
2652	9	8895
2652	9	8333
2652	9	9312
2652	0	2653
2377	7	667
2377	0	1266
7137	5	7138
6606	5	6607
3211	5	7049
3211	0	55
6851	5	6852
4077	1	4087
4077	1	3858
5900	3	5516
5900	3	5243
5900	3	5755
5900	3	5179
5900	7	7524
10227	9	10090
8427	9	8428
8304	9	8600
8304	9	8305
8311	9	8312
2855	0	1538
2855	4	1567
10011	9	10012
1930	0	83
1930	9	8516
8963	9	8964
7229	5	6559
3219	7	3169
3219	3	5953
3219	0	125
8792	9	8793
394	4	2424
394	0	395
2424	0	599
2424	4	394
10385	9	10386
5926	9	10192
5926	3	5160
117	0	118
117	9	8256
8687	9	8688
3675	4	1301
3675	0	424
1301	4	3675
1301	0	424
9175	9	9440
9175	9	9273
6748	5	6684
6748	5	6749
1010	0	894
1010	4	6198
1010	7	555
3008	0	120
3008	7	7513
1061	4	2737
1061	0	889
2737	7	139
2737	0	139
10053	9	10054
7166	5	7134
7166	5	6946
471	4	1375
471	0	139
1375	4	471
1375	0	101
7965	9	7966
7965	9	8377
8740	9	8858
8740	9	9781
8740	9	8741
3029	9	8066
3029	6	3823
3029	9	9917
3029	9	9359
3029	0	83
3029	9	8385
8025	9	8026
7424	9	8058
7424	9	7990
8193	9	8194
967	3	5204
967	3	5367
967	3	5256
967	0	381
1931	0	103
1931	3	5281
5773	3	5842
5773	7	55
5773	3	5179
8165	9	8166
7620	9	9930
7620	7	775
7880	9	7881
9132	9	9133
8445	9	9445
8445	9	8446
2047	4	3355
2047	0	928
3355	4	2047
3355	0	139
6242	4	3024
6242	7	1094
3024	4	6242
3024	0	1004
7032	5	7033
10152	9	8135
6820	5	6821
5234	3	5235
5234	3	5243
5234	3	5356
5234	3	5336
9179	9	9180
802	0	103
802	3	5362
10234	9	7890
10414	9	8225
9402	9	9403
758	0	125
758	6	3814
6978	5	6979
6004	4	1270
6004	4	2298
1270	4	6004
1270	0	1120
5663	3	5771
5663	3	5328
9658	9	9659
6826	5	6827
781	4	3035
781	0	35
3035	4	781
3035	0	35
7332	9	8164
7332	5	6452
6216	4	2352
6216	7	975
2352	4	6216
2352	0	79
9028	9	9029
7979	9	10431
7979	9	7980
6960	5	6703
621	9	9881
621	0	240
7558	9	9594
7558	9	8898
7558	7	39
7558	9	8339
7558	9	8913
1265	9	9995
1265	0	1266
7784	8	7736
7784	8	7677
7784	8	7665
6604	5	6605
6323	5	6633
6323	5	6849
6323	5	7037
6323	5	6635
6323	5	6592
6323	5	6324
4021	1	3931
4021	1	4022
829	4	1878
829	0	101
1878	0	1556
1878	4	829
8477	9	8478
8477	9	8394
1584	0	328
1584	6	3848
1584	6	3957
1833	4	204
1833	0	305
204	0	205
204	4	1833
7309	5	7181
5512	9	10026
5512	3	5513
8242	9	8243
8158	9	9607
8158	9	8646
8158	9	8159
8158	9	9655
6813	5	6814
9292	9	9293
2329	8	7659
2329	0	2330
2329	8	7653
1725	0	149
1725	4	1715
8713	9	10067
8713	9	9811
1619	9	10451
1619	9	7917
1619	0	101
6506	5	6507
6506	5	6429
9648	9	9649
1143	9	9959
1143	0	1144
1143	9	10417
10300	9	10301
3566	4	3630
3566	7	1478
3566	0	139
3630	4	3566
3630	0	79
6129	4	751
6129	4	1542
751	4	6129
751	0	388
6706	5	6707
9196	9	9533
9196	9	9197
3379	7	2272
3379	4	3187
3379	0	9
875	4	2110
875	0	79
2110	4	875
2110	0	173
2733	8	7668
2733	8	7701
2733	8	7813
2733	0	582
1009	4	2902
1009	0	346
2902	3	5179
2902	3	5243
2902	0	346
2902	3	5204
2902	7	605
2902	4	1009
3462	3	5516
3462	3	5239
3462	0	959
3346	0	245
3346	4	6189
3346	7	79
2259	0	28
2259	6	3967
2259	6	3823
3037	4	3457
3037	7	83
3037	0	214
3457	4	3037
3457	0	662
9141	9	9568
9141	9	9142
1783	0	196
1783	1	3878
3508	9	10374
3508	0	139
3508	7	139
3265	7	975
3265	8	7659
3265	0	1130
3265	8	7653
1608	0	69
1608	7	1667
7073	5	6530
2629	8	7675
2629	8	7746
2629	8	7712
7538	9	8762
7538	9	9035
7538	7	185
7538	9	9009
7538	9	8348
9697	9	9698
7364	5	7365
8583	9	8584
1692	9	9269
1692	9	8829
1692	0	103
6887	5	6888
3749	9	8296
3749	9	9986
3749	0	597
9972	9	8417
6194	4	1836
6194	7	79
1836	4	6194
1836	0	79
3636	9	9285
3636	0	249
3012	9	9961
3012	7	1385
3012	0	139
7908	9	7909
6203	7	168
6203	4	6202
5110	2	5125
5110	2	5068
5930	3	5274
5930	3	5156
5930	3	5224
3829	6	3967
3829	1	3870
3829	1	3830
247	5	7287
1433	3	5788
1433	0	247
1433	3	5179
2916	8	7834
2916	6	7427
5835	8	7799
5835	3	5188
262	9	10273
262	0	196
262	9	8653
3096	0	15
3096	6	3823
3096	6	3957
760	7	139
760	0	170
4045	1	3846
637	9	8124
637	9	9143
637	3	5269
637	0	638
637	7	638
2621	4	1662
2621	0	39
1662	4	2621
1662	0	139
1003	7	555
1003	0	1004
9165	9	9166
9090	9	9091
5916	9	9415
5916	3	5474
7770	8	7680
7770	8	7659
7770	8	7674
3151	0	7
3151	7	79
8610	9	8611
5576	3	5577
5576	3	5332
2202	4	2671
2202	0	838
2671	4	2202
2671	0	589
9177	9	9178
2726	3	5666
2726	3	5179
2726	3	5665
2726	0	959
2726	3	5443
6797	5	7133
6797	5	6798
2396	7	141
2396	3	5509
2396	3	5339
2396	0	295
1273	7	386
1273	0	608
3125	0	2999
3125	9	8233
3125	7	55
8253	9	8254
3820	1	3821
6371	5	6372
120	5	6999
2156	0	139
2156	7	139
2156	6	7452
6815	5	6423
851	4	437
851	0	852
437	0	438
437	4	851
6434	5	7274
6434	5	6356
1235	0	149
1235	4	2781
1235	7	79
6523	5	6524
8355	9	8356
8355	9	8815
8355	9	9465
8240	9	8241
8661	9	648
2781	0	53
2781	4	1235
2781	7	667
8742	9	8743
8915	9	8916
6901	5	6658
6125	7	127
6125	4	3378
3333	0	15
3333	6	3831
3333	6	7455
10569	9	10570
3440	8	7853
3440	0	55
3440	7	55
3015	0	2004
3015	4	2943
9703	9	9704
2380	4	3299
2380	0	975
3299	4	2380
3299	0	199
6717	5	7171
6717	5	6718
6717	5	6812
5251	3	5767
5251	3	5513
8092	9	8727
8092	9	10367
8092	9	8093
8092	9	10601
3273	0	63
3273	4	62
4069	1	4070
4069	3	5580
4069	1	4169
4069	7	1829
6439	5	6440
8038	9	8039
8038	9	10532
8038	9	10271
2080	0	137
2080	4	378
2802	1	4171
2802	0	1829
3693	0	705
3693	8	7720
3693	8	7654
1082	3	5249
1082	3	5261
1082	0	139
1082	3	5402
3145	0	139
3145	4	2135
2135	4	3145
2135	7	139
5697	7	1361
5697	3	5256
8423	9	8424
8423	9	9977
6934	5	6935
6934	5	7123
1345	0	55
1345	4	3690
7057	5	7058
2836	0	9
2836	3	5635
2836	3	5414
2836	3	5339
2836	7	141
8473	9	7921
8473	9	8474
9806	9	9807
9996	9	9997
671	0	672
671	7	390
671	4	5987
1155	2	5079
1155	2	4519
9441	9	9442
9428	9	9429
7766	8	7684
7766	8	7654
7766	8	7677
7805	8	7665
7805	8	7677
7805	8	7736
9840	9	9841
8986	9	6532
1283	4	2980
1283	0	139
2980	4	1283
2980	0	67
4055	5	6911
6650	5	6651
2558	8	7683
2558	8	7654
2558	0	748
4038	7	1929
4038	3	5181
822	0	295
822	7	295
822	8	7672
822	8	7724
4907	2	4489
4907	2	5068
4907	2	4908
4907	2	4348
4907	2	4650
7646	7	194
7646	8	7686
7646	8	7672
3014	9	9041
3014	9	8625
3014	9	8167
3014	0	39
3014	9	8245
3014	9	8005
3014	7	1807
7603	7	917
7603	8	7664
7603	8	7677
6379	5	6380
7882	9	9973
7882	9	10249
7882	9	10571
7882	9	10209
2594	4	70
2594	0	975
70	4	2594
70	0	71
6470	5	6471
6470	5	7181
457	2	4485
457	2	4323
457	2	4509
457	2	4913
457	2	4769
457	2	4885
457	2	4757
10586	9	10587
3293	4	565
3293	0	101
3293	7	555
565	4	3293
565	0	555
7260	5	6609
1457	3	5269
1457	0	1458
1457	9	8318
1457	7	79
5420	3	5389
5420	3	5321
2719	0	1487
2719	7	139
6021	4	596
6021	4	1740
596	0	597
596	4	6021
7328	5	7236
7328	9	8238
6550	5	6551
2065	4	1777
2065	0	205
1777	4	2065
1777	0	295
3700	4	1000
3700	0	301
1000	4	3700
1000	0	13
3254	3	5239
3254	3	5286
3254	0	419
3254	3	5475
3254	3	5179
8229	9	8230
6172	4	6173
6172	7	199
6173	7	7513
6173	4	6172
2498	4	3459
2498	0	265
3459	0	43
3459	4	2498
5974	7	135
5974	4	1480
8621	9	8622
2592	4	1599
2592	0	985
2592	7	985
1599	7	985
1599	0	985
1599	4	2592
3637	4	2459
3637	0	332
2459	0	103
2459	4	3637
9502	9	9503
8654	9	8655
162	4	2024
162	0	163
2024	7	163
2024	0	163
2024	4	162
8967	9	8968
6736	5	6737
6836	5	6837
5822	3	5261
5822	3	5464
5822	3	5211
9678	9	9679
9678	9	10402
9237	9	9238
5998	4	5997
5998	7	1945
5997	4	5998
5997	7	402
3083	9	8192
3083	0	540
7457	6	3848
7457	6	3823
7193	5	6374
1231	4	6251
1231	0	332
1231	7	55
6251	7	1659
6251	4	1231
4176	1	4177
7219	5	7220
2342	4	3005
2342	0	384
3005	4	2342
3005	0	214
8174	9	8123
5620	3	5243
5620	7	7542
505	8	7665
505	7	245
505	0	299
6133	4	824
6133	7	555
824	4	6133
824	0	139
824	7	207
3522	4	6199
3522	0	139
6199	7	1385
6199	4	3522
2482	9	9120
2482	9	8914
2482	0	79
3665	0	245
3665	2	4843
3665	2	4262
3665	2	4254
2901	4	1562
2901	0	103
1562	0	103
1562	4	2901
1689	6	3957
1689	0	658
1689	7	240
2803	0	139
2803	4	3772
3445	0	608
3445	3	5339
3445	3	5321
3445	3	5803
7047	5	6396
6910	5	6784
9310	9	10492
9310	9	9311
9310	9	9613
7238	5	7239
4090	9	9004
4090	9	10278
4090	9	8118
10400	9	10401
1914	0	1349
1914	3	5179
652	3	5208
652	0	15
652	3	5457
652	3	5802
8952	9	8953
7901	9	7902
10280	9	10231
998	0	848
998	7	848
998	8	7677
1592	3	5199
1592	6	3813
1592	0	685
5042	2	5003
5042	2	5043
5042	2	4939
654	6	4020
654	7	655
654	0	655
5418	3	5271
5418	3	5309
5418	3	5774
7637	9	10580
7637	9	9510
7637	9	10099
7637	9	10018
7637	7	390
3992	1	3993
3992	1	4151
6073	8	7672
6073	7	295
6073	8	7781
2178	0	485
2178	3	5179
2178	3	5746
2178	3	5340
485	5	7159
6147	7	7517
6147	4	5989
6147	8	7672
6702	5	6703
9361	9	9934
9361	9	9362
8454	9	8455
5956	3	5235
5956	3	5840
6542	5	6543
514	9	8290
514	0	515
514	9	10223
8552	9	8553
982	4	2667
982	0	496
2667	0	421
2667	4	982
2344	9	10403
2344	9	8461
2344	9	9369
2344	0	1829
3489	9	10353
3489	9	8348
3489	0	24
6261	4	882
6261	7	139
882	4	6261
882	0	273
9017	9	9018
7689	8	7654
7689	8	7720
6093	4	1949
6093	4	2395
1949	0	971
1949	4	6093
623	4	206
623	0	624
206	0	207
206	4	623
6503	5	7384
6503	5	6549
6503	5	6672
2119	4	3315
2119	0	139
3315	0	17
3315	4	2119
3411	4	1418
3411	0	435
1418	0	139
1418	4	3411
7167	5	6999
1879	4	6101
1879	0	1880
6101	7	103
6101	4	1879
2794	0	139
2794	9	9160
2794	7	105
7627	9	8504
7627	9	7903
7627	7	77
7627	9	8788
3343	4	2194
3343	0	1723
2194	4	3343
2194	0	1324
2088	4	1394
2088	0	279
1394	0	279
1394	7	26
1394	4	2088
9357	9	9358
9357	9	9755
768	4	871
768	0	9
768	7	55
871	0	485
871	4	768
9923	9	9924
2637	4	634
2637	0	135
634	0	103
634	4	2637
2710	0	555
2710	4	1916
2456	6	4149
2456	0	83
2456	3	5268
2456	6	3823
6955	5	6956
9694	9	9695
1449	4	1589
1449	4	3296
1589	0	599
1058	9	8662
1058	7	605
1058	0	520
2515	9	8485
2515	9	9527
2515	0	323
2669	4	3206
2669	0	139
3206	4	2669
3206	0	96
5705	7	7542
5705	3	5172
5705	3	5275
5705	3	5426
5473	9	7947
5473	9	8847
5473	3	5474
5473	9	9283
9957	9	8493
4217	1	4196
2466	4	3776
2466	0	43
3776	0	265
3776	4	2466
2151	4	1527
2151	0	295
1527	0	147
1527	4	2151
1527	7	139
8226	9	8227
3339	8	7653
3339	0	1417
3339	8	7659
3339	8	7866
8016	9	8017
9333	9	9334
518	0	30
518	7	1636
3301	4	184
3301	0	120
184	4	3301
184	0	185
1318	0	390
1318	7	390
1318	4	6051
4155	6	3822
4155	1	4232
8634	9	8635
8634	9	10510
4	6	3957
4	6	7453
4	0	5
7601	8	7677
7601	7	432
7601	8	7664
6648	5	6649
572	7	573
572	0	573
572	1	3881
8363	9	9126
8363	9	9889
286	0	196
286	7	196
286	1	3878
5937	3	5673
5937	3	5542
52	6	3870
52	7	529
52	0	53
3376	0	125
3376	7	1478
3376	4	1139
119	7	79
119	0	120
10027	9	10028
2619	9	9284
2619	9	9941
2619	9	7869
2619	0	381
2619	9	8643
1238	0	1042
1238	7	79
2092	4	3784
2092	7	79
2092	0	1222
3784	0	346
3784	4	2092
6899	5	6900
2867	4	1184
2867	0	410
1184	0	744
1184	4	2867
4328	2	4819
4328	2	4703
4328	2	4350
4328	2	4757
4328	2	4740
4328	2	4485
4328	2	4769
4328	2	4993
8063	9	8064
1383	9	8567
1383	9	9583
1383	9	10436
1383	0	55
8499	9	8500
8499	9	9672
6919	5	6868
7375	5	7376
1066	9	9302
1066	0	55
1066	7	55
9102	9	9103
2437	4	1943
2437	0	1028
1943	4	2437
1943	0	1483
10343	9	10344
98	4	3439
98	0	99
3439	0	199
3439	7	470
3439	4	98
7253	5	7254
8374	9	8444
8374	9	8574
8374	9	9851
8374	9	8375
5789	3	5577
5789	3	5332
7647	8	7664
7647	8	7677
10033	9	10034
6501	5	6729
6501	5	7314
6501	5	6668
3990	1	3991
2196	4	6225
2196	0	901
6225	7	544
6225	4	2196
7997	9	7998
2420	7	757
2420	0	139
2496	9	9449
2496	7	139
2496	0	103
5718	3	5224
5718	7	3
5718	3	5156
5718	3	5241
508	8	7659
508	8	7653
508	0	30
5993	9	8950
5993	7	1844
3664	7	1385
3664	0	111
734	7	103
734	9	8580
734	9	9078
734	0	75
3512	8	7686
3512	0	1577
9313	9	9314
9313	9	8113
10154	9	10155
1149	4	493
1149	0	17
493	4	1149
493	0	71
2492	9	8256
2492	0	1493
3044	4	1479
3044	0	67
1479	0	555
1479	4	3044
3047	4	6085
3047	7	1042
3047	0	55
6085	4	3047
6085	4	1874
8694	9	8695
9404	9	8285
3726	0	295
3726	7	295
3726	8	7672
3726	8	7753
532	0	533
532	4	354
2820	8	7659
2820	0	836
2598	0	83
2598	7	79
2598	4	2787
5909	9	9774
5909	9	8105
5909	7	323
5909	3	5206
6513	5	6514
7575	7	103
7575	8	7701
7575	8	7668
7575	8	7813
2030	4	3261
2030	0	852
3261	0	111
3261	4	2030
4193	1	4194
10039	9	10040
868	0	869
868	6	4083
868	3	5199
7893	9	8176
7893	9	7894
7151	5	7152
2774	8	7813
2774	0	1266
2774	8	7701
8482	9	8483
10444	9	10445
147	5	6982
8832	9	8833
6762	5	6605
6762	5	6763
2994	4	1670
2994	0	2924
1670	4	2994
1670	0	196
3294	0	1173
3294	3	5172
3294	7	1303
3294	3	5389
5572	9	8814
5572	7	2865
5572	3	5206
5572	9	10226
10327	9	10328
4127	1	4128
4127	6	4005
7945	9	10094
7945	9	7946
4771	2	4509
4771	2	4291
4771	2	5114
4771	2	4910
4771	2	4268
6656	5	6380
7773	8	7807
7773	8	7731
6793	5	6794
2421	8	7655
2421	8	7715
2237	9	9981
2237	0	139
2237	7	139
7495	8	7852
7495	7	301
7495	8	7743
7495	8	7706
5743	3	5179
5743	3	5339
7084	5	7085
3877	1	3878
6212	4	3375
6212	9	8960
3375	4	6212
3375	0	83
2487	9	7879
2487	0	83
6619	5	6620
1855	3	5589
1855	3	5724
1855	6	3823
1855	0	83
8971	9	8972
5547	3	5179
5547	3	5874
5547	3	5169
5547	3	5177
4019	6	7441
4019	1	4020
2403	4	2564
2403	0	1080
2564	4	2403
2564	0	428
3500	1	4072
3500	1	4051
3500	1	4204
3500	0	139
1870	3	5177
1870	0	3
1870	3	5321
1870	3	5169
6315	4	6316
6315	7	207
6316	4	6315
6316	7	7493
3223	3	5281
3223	0	30
3223	6	3967
3223	6	4180
9115	9	9116
31	8	7685
31	0	32
8641	9	8642
1726	3	5172
1726	3	5179
1726	3	5243
1726	0	748
1726	7	39
1726	3	5410
4199	1	4200
5975	4	3554
5975	4	3172
3554	4	5975
3554	0	667
10105	9	10106
6602	5	6603
6602	5	6816
1900	3	5169
1900	0	310
1900	3	5348
1900	3	5425
9905	9	9906
9735	9	9736
9735	9	10479
2134	7	1303
2134	0	1303
2134	6	7482
6353	9	8891
6353	5	6908
6353	5	6584
8402	9	8403
10109	9	8906
3914	1	3915
7129	5	7130
3704	4	6201
3704	0	83
3704	7	7503
6201	4	3704
6201	7	555
3810	1	3811
3810	7	1413
1610	0	323
1610	7	79
10056	9	10057
10037	9	10038
6562	5	6563
5830	3	5177
5830	3	5389
5830	3	5670
5830	3	5169
5830	3	5172
6361	5	6362
912	4	554
912	0	139
554	4	912
554	0	555
7205	5	7206
3444	0	323
3444	7	7502
95	3	5290
95	0	96
95	3	5335
6443	5	6444
2744	6	3870
2744	0	1454
482	4	3102
482	0	53
3102	0	67
3102	4	482
6409	5	6410
112	4	963
112	0	79
963	4	112
963	0	269
7157	5	7158
216	7	388
216	3	5160
216	0	217
3628	4	719
3628	0	597
719	4	3628
719	0	642
5350	3	5815
5350	3	5351
3697	3	5250
3697	0	1044
3697	3	5341
3697	3	5502
1566	8	7753
1566	8	7672
1566	0	194
1566	8	7724
7786	8	7656
7786	8	7739
539	7	139
539	8	7653
539	8	7659
539	0	540
9246	9	9247
6002	4	1260
6002	4	2351
6002	7	139
8381	9	8382
5863	3	5864
5863	3	5513
3802	3	5328
3802	3	5293
3802	3	5390
3802	0	364
9250	9	9251
3317	9	8501
3317	0	1723
1291	8	7659
1291	0	1292
6034	4	3159
6034	7	265
3159	0	43
3159	4	6034
1686	4	1211
1686	0	390
1211	0	147
1211	4	1686
1211	7	79
3318	4	756
3318	0	1667
756	0	757
756	4	3318
8910	9	8911
8910	9	9949
1219	6	3848
1219	7	399
1219	6	3823
5769	3	5198
5769	7	71
5769	3	5596
7506	7	1880
7506	8	7724
7506	8	7672
9038	9	9039
7471	6	3845
7471	6	3813
7471	6	4033
3939	1	3940
3939	1	4204
3939	6	3813
1779	0	1385
1779	6	4083
8492	9	8493
2212	0	553
2212	4	2171
2212	7	838
3515	8	7721
3515	4	6075
3515	0	1272
3515	8	7807
2788	4	1088
2788	0	137
1088	4	2788
1088	0	137
8251	9	8252
3590	0	438
3590	7	7588
859	4	6248
859	0	275
859	7	1120
6248	7	103
6248	4	859
6857	5	6858
668	4	1221
668	4	6183
668	7	79
668	0	139
1221	0	1222
1221	4	668
9241	9	9242
9099	9	9100
3276	8	7659
3276	0	1329
1587	0	253
1587	7	975
1587	8	7659
1587	8	7653
7515	9	10236
7515	9	9713
7515	7	985
7515	9	10438
7515	9	9518
3252	4	6243
3252	7	1120
3252	0	2408
6243	7	7501
6243	4	3252
8435	9	8436
1724	9	8177
1724	3	5269
1724	0	214
2809	4	2224
2809	0	2810
2224	0	381
2224	4	2809
8250	9	7993
9765	9	9766
9765	9	10235
6600	5	6601
46	4	1632
46	0	47
1632	0	55
1632	4	46
9471	9	9472
450	2	5072
450	2	4714
450	2	4973
450	0	424
450	2	4627
8313	9	8314
10187	9	10188
8707	9	8708
8707	9	10263
9721	9	10275
9721	9	9722
6930	5	6931
1271	4	2090
1271	0	1272
1271	4	1702
2090	0	1272
2090	4	1271
6447	5	6448
9167	9	9168
2507	4	2514
2507	0	381
2507	7	674
2514	0	1844
2514	4	2507
796	0	529
796	4	2391
796	7	103
2752	0	139
2752	6	3814
2752	6	3967
2752	7	149
8221	9	8222
7401	5	6398
10474	9	7875
3647	8	7656
3647	7	424
3647	0	424
958	3	5179
958	0	959
9111	9	9112
10468	9	10469
7718	8	7830
7718	8	7677
1739	4	595
1739	0	301
595	0	301
595	4	1739
562	9	10622
562	9	8825
562	9	10406
562	0	151
562	7	1120
4344	5	6925
2936	0	501
2936	3	5264
2936	7	55
2025	1	3819
2025	7	2602
2025	0	147
720	4	6286
720	0	721
6286	7	103
6286	4	720
3328	7	2316
3328	0	267
1150	7	1361
1150	0	359
5977	4	5978
5977	7	60
5978	7	60
5978	4	5977
5844	3	5198
5844	3	5303
9188	9	9189
1680	0	791
1680	8	7654
1680	8	7653
18	2	5029
18	0	11
18	2	4435
3196	8	7813
3196	8	7701
3196	0	381
3196	8	7668
487	0	139
487	7	230
487	6	3870
7090	5	7091
8102	9	8137
8102	9	9172
8102	9	8103
8102	9	8439
461	9	9842
461	0	55
461	7	7502
6457	5	7028
3918	1	3919
3696	3	5250
3696	0	273
3696	3	5194
3696	3	5214
2363	9	8983
2363	7	55
2363	0	463
3955	1	3956
8937	9	8938
1233	8	7663
1233	0	478
1233	8	7803
1233	8	7674
1233	8	7653
8525	9	8526
8525	9	9850
6566	5	7145
6566	5	6567
9838	9	9839
3613	9	9422
3613	0	1361
8807	9	8808
3712	0	705
3712	8	7654
3712	8	7733
7559	8	7781
7559	7	258
7559	8	7724
7559	8	7753
6348	5	7387
8349	9	8350
6321	5	6322
2251	9	9780
2251	9	8141
2251	0	381
2251	9	8760
2251	9	7989
2251	9	8558
2251	9	10596
2251	9	9480
6683	5	6684
6288	4	6287
6288	7	975
6287	4	6288
6287	7	975
2929	0	3
2929	6	7469
2929	3	5228
3959	1	4073
3959	1	3960
3184	0	1432
3184	7	1178
10463	9	10464
192	4	261
192	0	35
261	0	35
261	4	192
7838	8	7835
7838	8	7683
1148	4	907
1148	0	101
907	0	265
907	4	1148
773	0	199
773	7	145
807	3	5169
807	3	5356
807	6	3836
807	3	5179
10604	9	10605
7458	7	67
7458	6	7459
7458	6	7435
1438	4	391
1438	0	1439
391	4	1438
391	0	392
4453	2	4769
4453	2	4757
4453	2	4341
4453	2	4703
4453	2	4268
4453	2	4323
4453	2	4435
4453	2	4604
4453	2	4708
6575	5	6433
82	4	3535
82	0	83
3535	0	20
3535	4	82
1810	8	7653
1810	8	7659
1810	7	971
1810	0	1487
1810	8	7654
6303	4	929
6303	7	438
929	4	6303
929	0	438
929	7	438
3314	0	79
3314	7	139
2446	4	231
2446	0	86
231	0	17
231	4	2446
3606	4	1985
3606	0	1028
1985	4	3606
1985	0	351
772	6	7460
772	0	173
772	7	67
772	6	7459
8560	9	8561
3356	0	648
3356	7	1478
9666	9	9285
3529	0	838
3529	4	2748
6284	4	2951
6284	7	1902
2951	4	6284
2951	0	1458
1263	4	2740
1263	0	91
2740	0	139
2740	4	1263
6623	5	6663
6623	5	6624
5553	9	10299
5553	3	5751
5553	3	5513
1165	4	158
1165	0	139
158	0	79
158	4	1165
3958	1	3870
3905	1	3943
3905	3	5261
3905	7	1667
3905	1	4113
3905	4	6032
3905	1	4206
3905	3	5340
3905	1	3906
3905	1	3913
3905	1	3851
3905	1	4005
3905	3	5177
2003	6	3997
2003	1	3940
2003	1	4147
2003	0	2004
2557	0	736
2557	4	1719
6861	5	6862
4007	1	4008
4007	1	3822
4007	1	3894
2976	4	2233
2976	0	277
2233	4	2976
2233	0	1835
2281	4	716
2281	0	79
716	0	79
716	4	2281
9139	9	9140
6291	7	295
6291	4	1378
7097	5	7098
1069	0	975
1069	4	1996
1069	4	479
2041	7	836
2041	0	253
2041	3	5901
3374	2	4254
3374	0	323
3374	2	4504
3374	2	4952
3374	2	4936
3374	2	4994
3374	2	4680
2787	7	7509
2787	4	2598
2787	0	224
2787	3	5432
1309	0	390
1309	4	2170
2480	0	764
2480	7	323
2480	4	2143
1705	2	4939
1705	2	5043
1705	2	4925
8946	9	8947
5515	4	5216
5515	3	5217
5216	4	5515
5216	7	71
5216	3	5217
7450	7	7524
7450	6	3850
7450	6	3831
443	5	6624
443	0	168
570	0	155
570	3	5198
570	3	5224
3284	7	103
3284	0	1844
1846	4	1998
1846	0	101
1998	0	101
1998	4	1846
1539	4	2433
1539	0	1540
2433	4	1539
2433	0	2415
3165	7	573
3165	0	1335
3348	4	564
3348	0	143
564	0	79
564	4	3348
3989	1	4197
3989	1	3871
9861	9	9862
1348	7	2306
1348	0	1349
1348	3	5389
5850	3	5261
5850	3	5249
5850	7	399
9123	9	9124
3745	0	123
3745	4	2483
3016	3	5453
3016	3	5160
3016	0	573
3016	3	5169
3016	3	5838
1319	0	212
1319	4	698
7042	5	7037
7042	5	6438
8368	9	8369
8368	9	8515
341	4	726
341	0	342
726	0	555
726	4	341
3026	0	402
3026	4	401
9474	9	9475
3812	1	3924
3812	1	3813
3812	6	3954
3812	3	5199
3812	1	3937
502	5	6662
502	0	101
502	7	139
3419	3	5707
3419	3	5441
3419	3	5686
3419	3	5764
3419	0	1493
6115	4	6114
6115	7	424
6114	4	6115
6114	7	424
1251	3	5214
1251	3	5248
1251	3	5172
1251	0	328
2286	0	101
2286	6	3937
8521	9	8522
5359	3	5248
5359	3	5360
5359	3	5535
3230	0	631
3230	4	1861
8637	9	8638
2797	9	7988
2797	7	79
2797	0	147
1787	4	1163
1787	0	125
1163	4	1787
1163	0	1164
5958	7	3
5958	6	3848
7491	8	7659
7491	7	15
7491	8	7653
7480	7	2122
7480	6	3937
7480	6	7474
7341	5	7342
3661	4	1948
3661	0	196
1948	0	196
1948	4	3661
9784	9	9785
10421	9	10422
1189	4	2504
1189	0	9
1189	7	103
2504	0	836
2504	4	48
2504	4	1189
6244	4	6245
6244	7	3250
6245	7	3
6245	4	6244
2588	8	7712
2588	8	7654
2588	0	762
2588	8	7746
5218	3	5204
5218	3	5569
5218	3	5219
5218	3	5321
5218	3	5172
9393	9	9394
9393	9	10418
9275	9	9276
3746	0	1596
3746	7	103
606	7	1929
606	4	2567
606	0	149
6381	5	6382
3879	1	3880
688	4	2164
688	0	83
2164	4	688
2164	0	111
9198	9	9199
4134	1	4135
4134	1	4175
1384	4	3794
1384	0	1385
3794	4	1384
3794	0	168
5591	7	529
5591	3	5172
5591	3	5389
5591	3	5177
1427	8	7856
1427	8	7842
8343	9	8344
707	9	8585
707	9	8719
707	0	305
707	9	8597
707	4	695
8738	9	8739
2313	5	6709
2313	7	679
2313	0	679
8647	9	8648
175	4	1083
175	0	176
1083	0	176
1083	4	175
1317	4	3305
1317	0	67
3305	0	105
3305	4	1317
9184	9	9185
7054	5	7055
4468	2	4273
4468	2	4469
4468	2	4479
10502	9	10503
425	4	3475
425	7	103
425	0	426
3475	0	589
3475	4	425
4673	2	4378
4673	2	4262
4673	2	5079
4673	2	4758
1460	4	6273
1460	0	1144
6273	4	1460
6273	7	852
6140	4	6139
6140	7	555
6139	4	6140
6139	7	17
6062	4	6061
6062	7	207
6061	4	6062
6061	7	667
9097	9	9098
8981	9	8982
5885	6	3924
5885	3	5589
3521	3	5336
3521	7	69
3521	0	139
3521	3	5172
896	4	3097
896	0	544
3097	4	896
3097	0	3098
3447	0	299
3447	9	8073
3447	7	79
5210	3	5198
5210	3	5211
1936	6	7459
1936	7	602
1936	0	602
8215	9	8216
7516	8	7672
7516	8	7781
7516	8	7724
7516	7	7517
10180	9	10181
1099	0	35
1099	7	79
6745	5	6746
5704	3	5800
5704	3	5755
708	0	139
708	8	7659
708	7	2922
3663	4	3710
3663	4	420
3710	4	3663
3710	0	139
8051	9	8052
10480	9	10481
3362	4	486
3362	0	89
486	4	3362
486	0	89
2932	4	3167
2932	0	402
3167	0	507
3167	4	2932
9706	9	6328
8772	9	8773
7099	5	6358
355	4	576
355	0	26
576	0	125
576	3	5269
576	4	355
6385	5	7173
6385	5	6386
10126	9	10127
5549	3	5817
5549	3	5550
5471	3	5367
5471	3	5204
5471	3	5417
10388	9	10389
6122	7	1340
6122	4	2448
3649	0	1
3649	4	2463
6399	5	6616
6399	5	7150
6399	5	6479
7928	9	7929
7928	9	8259
8404	9	8405
2812	8	7659
2812	8	7653
2812	0	351
3251	0	57
3251	7	139
3251	8	7785
3124	4	3103
3124	0	9
3124	3	5321
3124	3	5516
3103	4	3124
3103	0	55
571	0	83
571	7	79
571	4	6247
1971	4	3226
1971	0	30
3226	4	1971
3226	0	1344
865	4	2265
865	0	866
2265	4	865
2265	0	101
2265	4	577
1505	8	7656
1505	8	7679
1505	0	424
1505	8	7749
7930	9	7931
1973	6	7459
1973	7	67
1973	0	777
2325	4	789
2325	0	348
789	4	2325
789	0	348
2339	6	3954
2339	3	5469
2339	0	2340
1423	7	7513
1423	0	139
10615	9	9234
1011	7	379
1011	3	5177
1011	3	5268
1011	0	137
2766	4	2513
2766	0	1071
2513	0	299
2513	4	2766
3928	1	3929
8279	9	8280
10549	9	10229
1111	7	3
1111	0	139
1111	6	3870
5510	3	5179
5510	3	5172
148	4	3009
148	7	667
148	0	149
3009	4	148
3009	0	898
3501	3	5417
3501	0	1008
3501	7	139
3501	6	3957
8060	9	8061
7451	6	3845
7451	6	3813
7451	7	147
9848	9	9849
3407	7	57
3407	0	57
3407	4	6071
5919	4	6279
5919	3	5513
6279	4	5919
6279	7	330
2244	4	6076
2244	0	402
6076	4	2244
6076	7	2133
5526	3	5494
5526	3	5727
7507	8	7783
7507	8	7653
7507	7	3
182	0	183
182	3	5172
182	7	1667
2630	3	5170
2630	0	812
3323	4	1537
3323	0	1538
1537	4	3323
1537	0	1538
1962	4	2721
1962	0	69
2721	4	1962
2721	0	1092
1677	4	1476
1677	0	889
1476	4	1677
1476	0	379
3011	0	524
3011	7	79
9071	9	9072
2715	6	7436
2715	0	149
2715	6	7455
3798	0	738
3798	7	141
3798	6	7427
6112	4	1278
6112	7	79
1278	0	173
1278	4	6112
1959	8	7739
1959	0	424
1959	7	424
2946	9	9119
2946	9	8959
2946	9	8185
2946	9	9894
2946	0	826
4117	1	4066
2937	0	83
2937	7	424
1958	4	1624
1958	0	1636
1624	0	589
1624	4	1958
6130	4	2759
6130	7	120
2759	4	6130
2759	0	542
302	7	83
302	6	3823
302	0	139
2679	0	265
2679	4	2891
713	3	5313
713	0	143
4167	9	10523
2018	4	1039
2018	7	224
2018	0	101
1039	4	2018
1039	0	1040
6865	5	6866
611	8	7659
611	0	240
611	8	7653
5708	7	217
5708	3	5215
5708	3	5709
2650	4	2144
2650	0	101
3615	9	9867
3615	7	79
3615	0	2009
3615	3	5371
8948	9	8949
9670	9	9671
9048	9	9049
9048	9	10048
4053	1	3886
4053	6	3848
2087	9	9557
2087	9	8894
2087	0	77
5171	3	5389
5171	3	5172
1025	8	7728
1025	0	1026
1025	8	7659
3766	6	3937
3766	0	196
2199	8	7743
2199	8	7706
2199	0	13
2536	9	9261
2536	9	10002
2536	0	28
2209	3	5214
2209	3	5250
2209	0	89
2209	3	5268
2209	3	5813
2209	3	5341
6198	4	1010
6198	4	1756
1858	0	346
1858	1	3858
1858	1	4173
1858	1	3853
1858	7	245
1858	1	3931
7210	5	7211
5883	3	5774
5883	3	5247
5883	3	5309
5883	3	5349
5883	3	5355
2661	4	2832
2661	0	101
2832	4	2661
2832	0	301
1851	4	3308
1851	0	3
3308	0	843
3308	4	1851
6938	5	6806
2600	9	10193
2600	9	9951
2600	0	2216
4056	1	4057
3321	0	15
3321	1	3848
3321	6	3823
3321	6	3845
1136	1	3831
1136	1	3890
1136	0	28
6926	5	6466
6221	4	3634
6221	7	1042
3634	0	55
3634	4	6221
2392	4	321
2392	0	17
2392	8	7654
321	0	17
321	4	2392
2474	7	1641
2474	8	7723
1860	4	3458
1860	0	55
3458	0	55
3458	4	1860
78	4	3789
78	7	7519
78	0	79
1097	4	3768
1097	0	199
3768	4	1097
3768	0	1008
3179	4	2175
3179	0	269
2175	0	301
2175	4	3179
2180	8	7654
2180	0	705
854	0	17
854	3	5172
6811	5	6421
1981	4	2718
1981	0	1982
2718	0	1982
2718	4	1981
8337	9	8338
8337	9	10311
10508	9	10509
981	4	6176
981	0	101
981	7	667
6176	7	667
6176	4	981
2818	4	651
2818	0	597
651	4	2818
651	0	597
1717	4	3614
1717	0	101
3614	0	308
3614	4	1717
350	7	1077
350	0	351
1832	4	6060
1832	0	672
6060	4	1832
6060	7	390
7488	8	7659
7488	7	3191
7488	8	7653
7488	8	7680
4681	2	5070
4681	2	4799
4681	2	5024
4681	2	5068
10588	9	10589
4131	7	3
4131	1	4090
3228	0	101
3228	4	2285
3228	7	1385
7526	7	3
7526	8	7653
7526	8	7663
1516	0	1158
1516	7	3
6192	4	3138
6192	7	1880
3138	0	103
3138	4	6192
1402	4	1631
1402	0	1403
1631	0	111
1631	4	1402
3552	4	2077
3552	0	103
2077	4	3552
2077	0	428
9603	9	9604
1055	2	4253
1055	2	5051
1055	2	4268
1055	0	57
1055	2	4368
1055	2	4761
1055	2	4426
2468	0	240
2468	7	168
7906	9	7907
2911	8	7677
2911	0	247
2911	8	7665
3681	0	323
3681	2	5056
3681	2	4411
3681	2	4331
10286	9	10287
6533	5	6454
1803	0	79
1803	4	6178
3509	4	1781
3509	0	9
1781	0	283
1781	4	3509
84	4	1332
84	0	17
1332	0	139
1332	7	139
1332	4	84
7110	5	7111
3032	0	1209
3032	7	1209
3032	8	7664
2722	0	26
2722	4	6055
2722	7	79
2681	0	515
2681	6	7441
2681	7	1144
9259	9	10475
9259	9	9260
4178	1	4179
834	2	4448
834	2	5114
834	2	5057
834	2	5060
834	0	292
834	2	4814
9652	9	9653
2271	0	2272
2271	1	3937
2271	3	5529
2271	3	5246
2271	6	7432
5270	3	5309
5270	3	5247
5270	3	5271
5270	3	5550
5270	3	5349
9389	9	9390
1282	7	1478
1282	0	139
2213	3	5371
2213	0	103
2213	9	8591
5287	9	7925
5287	3	5288
5287	7	103
4009	1	4191
4009	1	4222
9943	9	9944
7584	7	1753
7584	8	7697
9043	9	9044
1336	2	4392
1336	2	4549
1430	9	9980
1430	9	8094
1430	9	9181
1430	9	9960
1430	7	89
1430	0	89
1430	9	10553
1430	9	10266
1430	4	1730
7258	5	7259
1049	0	17
1049	8	7659
1049	8	7654
3171	3	5224
3171	0	24
6809	5	6810
1668	4	88
1668	0	89
88	0	89
88	4	1668
3690	4	1345
3690	0	103
3690	7	103
9386	9	9684
9386	9	9387
9386	9	10035
6723	5	6759
6723	5	6724
5730	3	5300
5730	3	5179
2172	3	5208
2172	0	351
2172	3	5166
2172	3	5330
2172	3	5802
2172	3	5457
2172	3	5163
4361	2	4371
4361	2	5071
4361	2	5116
4361	2	4969
4361	2	4362
4361	2	4553
4361	2	4921
7514	7	214
7514	8	7663
7514	8	7653
8848	9	8849
124	9	10522
124	9	9405
124	9	1290
124	0	125
467	0	240
467	6	7481
467	7	1929
860	4	593
860	0	139
860	7	139
593	7	79
593	0	199
593	4	860
5564	3	5179
5564	3	5760
5564	3	5336
2226	4	1145
2226	0	79
1461	7	1636
1461	0	736
1461	3	5172
1461	3	5842
409	9	8104
409	9	8327
409	0	410
8107	9	8108
7577	8	7795
7577	7	3098
7577	8	7667
8605	9	8606
3080	4	1700
3080	0	388
1700	0	5
1700	4	3080
3657	4	320
3657	0	101
320	4	3657
320	0	67
6608	5	6609
8154	9	9913
8154	9	9637
5590	3	5194
5590	3	5325
5590	3	5356
382	4	476
382	0	79
476	0	168
476	4	382
3394	6	3813
3394	3	5747
3394	0	265
1811	4	2665
1811	0	265
2665	4	1811
2665	0	265
3214	4	1893
3214	4	397
3214	7	555
3214	0	2950
1893	7	79
1893	0	79
1893	4	3214
5946	7	626
5946	3	5186
1389	0	390
1389	4	3238
741	4	3639
741	0	67
3639	4	741
3639	0	1047
2067	4	723
2067	0	199
723	4	2067
723	0	361
876	9	9009
876	7	1006
6932	5	6402
8142	9	8143
5537	6	3957
5537	7	120
5537	3	5264
5537	6	4232
2577	4	6222
2577	0	459
2577	7	103
7867	9	7868
5713	3	5503
5713	3	5513
5713	3	5815
5578	7	75
5578	3	5179
5578	3	5198
9714	9	9715
2707	8	7659
2707	0	199
10602	9	8179
5862	3	5864
5862	3	5513
5862	3	5815
4746	2	4747
4746	2	4817
4746	2	4400
8883	9	8884
5980	4	3207
5980	7	1478
3207	0	81
3207	7	1478
3207	4	5980
10424	9	10425
10302	9	10303
5544	6	7479
5544	3	5249
5544	7	55
5544	3	5261
5544	3	5813
7518	7	806
7518	8	7654
7518	8	7658
6089	4	3283
6089	4	1362
3283	0	79
3283	4	6089
3619	3	5391
3619	0	161
3619	3	5415
3619	3	5521
4014	1	4035
4014	1	3894
4014	1	4008
7144	5	6981
8180	9	8181
1260	7	555
1260	0	414
2245	0	199
2245	8	7659
1072	2	4663
1072	2	4238
1072	2	4842
1072	2	4236
1072	2	4496
1072	2	4321
1072	2	4348
1072	2	4735
1072	0	283
2880	2	4963
2880	0	836
2880	2	4435
965	0	149
965	7	1478
2917	4	3354
2917	0	199
3354	0	336
3354	4	2917
6313	7	55
6313	4	3126
3302	7	7519
3302	4	6088
3302	0	17
5316	7	626
5316	3	5339
5316	3	5237
5316	3	5179
5316	3	5317
1409	2	4494
1409	2	4331
1409	2	4310
1409	2	4648
1409	0	299
1409	2	4378
1409	2	4262
1409	2	4731
1409	2	4337
1650	2	4968
1650	2	4250
1650	0	1
1650	2	4253
1650	2	4519
2771	4	523
2771	0	940
523	4	2771
523	0	524
444	4	1181
444	0	89
1181	4	444
1181	0	89
2581	0	779
2581	2	4984
4523	2	4319
4523	2	4253
4523	2	4358
4523	2	5115
2631	2	4526
2631	2	5038
2631	2	4589
2631	2	4489
2631	2	4492
2631	2	4236
2631	2	4735
2631	2	4344
3729	4	3449
3729	0	28
1129	0	1130
1129	4	1865
107	7	1478
107	4	2097
107	0	83
10437	9	9964
3384	2	5090
3384	2	4565
3384	0	424
2860	2	4824
2860	0	11
2860	2	4323
2860	2	4485
2860	2	4244
2860	2	4509
2860	2	4291
2860	2	4769
2860	2	4358
6126	7	7502
6126	4	6127
4385	2	4769
4385	2	4324
4385	2	4832
4385	2	4509
4385	2	4291
4385	2	4521
4385	2	4386
4385	2	4919
3087	3	5181
3087	3	5172
3087	3	5238
3087	0	83
3395	8	7665
3395	0	196
3395	8	7774
1397	2	4291
1397	2	4358
1397	2	4604
1397	0	390
1397	2	4702
1397	2	4708
1397	2	4591
10528	9	10529
1339	8	7668
1339	0	1340
1339	8	7750
4480	2	4691
4480	2	4452
4480	2	4648
4480	2	4728
4480	2	4382
4480	2	4387
2644	8	7679
2644	7	424
2644	0	424
2644	8	7717
5392	3	5330
5392	3	5640
5392	3	5208
5392	3	5802
3172	0	55
3172	4	5975
1595	0	1596
1595	7	597
805	2	4325
805	2	4614
805	2	4610
805	2	4950
805	2	4508
805	0	806
4332	2	4936
4332	2	4720
4332	2	4787
4332	2	4254
4332	2	4621
4332	2	5085
9054	9	9055
3567	3	5269
3567	0	139
3567	7	624
686	9	9488
686	9	9971
686	0	305
1993	3	5246
1993	0	407
1993	3	5445
1993	3	5321
1993	3	5179
1993	3	5788
7545	8	7659
7545	7	15
7545	8	7653
6781	5	6782
3428	7	323
3428	6	3967
3428	0	764
1067	2	4819
1067	2	4743
1915	0	69
1915	3	5172
1915	3	5281
3349	8	7656
3349	8	7739
3349	8	7717
3349	0	32
3349	8	7841
3349	8	7749
6170	7	1478
6170	4	6171
4421	2	4386
4421	2	5107
4421	2	4285
4421	2	4708
4421	2	4291
4421	2	4441
4421	2	4893
5797	7	295
5797	3	5382
5797	3	5198
6210	4	1975
6210	7	1042
1975	7	39
1975	0	165
1975	4	6210
4752	2	4291
4752	2	5144
4752	2	4757
4752	2	4386
4752	2	4688
4752	2	4324
4752	2	5136
4752	2	5065
2933	8	7706
2933	0	45
33	0	3
33	3	5172
33	3	5169
33	3	5746
33	3	5177
33	3	5395
33	3	5389
33	3	5387
4457	2	4610
4457	2	5125
4457	2	4508
4457	2	5152
4457	2	4579
4457	2	4325
2472	8	7717
2472	8	7749
2472	0	424
1669	2	4447
1669	2	4946
1669	2	4941
1669	2	4735
1669	0	283
3130	0	30
3130	4	1590
5683	3	5339
5683	3	5198
5683	3	5179
5683	3	5256
5683	7	103
4622	2	4604
4622	2	5155
4622	2	4769
4622	2	4323
4622	2	4530
4622	2	4708
4622	2	4757
4622	2	4688
2140	2	4586
2140	2	4469
2140	2	4387
2140	2	4944
2140	0	2141
2140	2	4504
2146	4	1932
2146	0	258
1932	0	258
1932	4	2146
6088	7	168
6088	4	3302
7349	5	7350
3527	2	4387
3527	2	4452
3527	2	4652
3527	0	323
695	0	696
695	4	707
3361	0	101
3361	3	5796
3361	3	5172
3361	3	5673
3361	3	5228
3742	4	1876
3742	0	103
1876	4	3742
1876	0	94
5598	3	5360
5598	3	5250
5598	3	5248
5598	3	5214
5598	3	5599
2576	7	103
2576	0	67
2576	4	6124
1679	2	4504
1679	0	489
1679	2	4542
1679	2	4933
1679	2	4621
1679	2	4657
1679	2	4728
1395	4	416
1395	0	1158
416	4	1395
416	0	417
3381	6	3886
3381	6	3813
3381	0	384
3473	3	5246
3473	0	889
3473	3	5243
7857	8	7835
7857	8	7683
3210	4	984
3210	0	985
984	0	985
984	4	3210
1996	0	3
4419	2	4430
4419	2	4727
4419	2	5038
4419	2	4893
4419	2	4425
4419	2	4445
4419	2	5117
6202	4	6203
6202	7	7510
8475	9	8354
2404	4	1519
2404	0	301
1519	0	602
1519	4	2404
7160	5	7161
675	0	277
675	3	5389
6770	5	6324
3728	6	3843
3728	7	139
3728	0	120
7523	8	7667
7523	8	7742
7523	7	1753
6092	4	547
6092	7	79
547	4	6092
547	7	168
547	0	454
4980	2	4589
4980	2	4348
4980	2	4341
4980	2	4430
4980	2	4425
7797	8	7653
7797	8	7722
7797	8	7659
5439	3	5779
5439	3	5332
209	4	883
209	0	210
883	4	209
883	0	139
10419	9	10420
6224	8	7781
6224	8	7753
6224	4	1992
6224	7	295
6224	8	7672
6224	8	7724
578	2	5104
578	0	424
578	2	5090
4312	2	4313
4312	2	4821
4312	2	4670
4312	2	4273
4312	2	4254
4312	2	4498
4312	2	4584
711	8	7692
711	8	7726
711	8	7787
711	0	55
905	4	413
905	0	555
905	7	7503
413	0	414
413	4	905
2705	4	0
2705	0	2133
2705	7	79
0	0	1
0	4	2705
3528	4	2720
3528	7	79
3528	0	79
7071	5	7072
4467	2	5038
4467	2	4299
4467	2	4541
4467	2	4853
4467	2	4629
4467	2	4348
4467	2	4430
4467	2	4257
4467	2	4281
3441	0	89
3441	3	5179
3441	3	5198
3441	3	5339
5748	3	5321
5748	3	5356
5748	7	674
5748	3	5483
4695	2	4310
4695	2	4337
4695	2	4922
4695	2	4590
4695	2	5012
6048	4	3344
6048	7	103
3344	4	6048
3344	7	103
3344	0	103
5582	7	7542
5582	3	5256
5582	3	5172
5582	3	5204
5582	3	5179
5582	3	5261
5582	3	5583
2044	7	55
2044	0	55
2044	9	9647
3025	0	529
3025	4	2544
2270	9	9222
2270	9	8541
2270	0	3
2270	6	3848
4689	2	4341
4689	2	4690
4689	2	4984
4689	2	5015
4689	2	4801
4689	2	4489
4689	2	4853
4689	2	4922
2016	0	103
2016	4	6083
3297	6	7459
3297	0	81
3297	7	81
4820	2	4337
4820	2	4690
4820	2	4456
4820	2	5099
4820	2	4801
4820	2	4541
4288	2	5065
4288	2	4813
4288	2	4610
4288	2	4799
4288	2	5093
4288	2	4579
4288	2	4347
4288	2	4338
4288	2	4845
2741	4	6059
2741	0	3
6059	4	2741
6059	6	7461
659	4	452
659	0	43
452	0	265
452	4	659
8586	9	8587
10459	9	10460
274	2	4586
274	2	5112
274	2	4339
274	0	275
274	2	4450
274	2	4590
274	2	4564
274	2	4382
274	2	4680
274	2	4661
2168	4	3373
2168	0	283
3373	4	2168
3373	0	370
1605	0	638
1605	7	1478
1605	5	6691
5223	3	5172
5223	3	5181
8257	9	8258
1710	0	1417
1710	4	3313
2282	0	79
2282	4	3288
1550	2	4330
1550	2	4843
1550	2	4624
1550	2	4936
1550	2	4849
6108	4	2063
6108	4	2060
3442	0	323
3442	2	4452
3442	2	4758
3442	2	4787
3442	2	4466
3442	2	4293
474	7	139
474	0	139
474	6	3848
1488	7	301
1488	4	6231
1488	0	9
1941	0	346
1941	4	6164
4298	2	4238
4298	2	4348
4298	2	4690
4298	2	4299
4298	2	4489
4298	2	4445
4298	2	4285
4298	2	4456
4298	2	4321
979	0	143
979	7	3
979	4	1037
9978	9	9979
1541	3	5341
1541	7	644
1541	3	5248
1541	3	5187
1541	0	3
4659	2	4479
4659	2	4469
4659	2	4405
4659	2	4763
4659	2	4303
8631	9	8632
660	3	5177
660	3	5172
660	3	5520
660	3	5378
660	0	3
7600	7	432
7600	8	7654
10084	9	10085
1747	2	4485
1747	2	4253
1747	2	5115
1747	2	4291
1747	2	4443
1747	2	4855
4359	2	4720
4359	2	4558
4359	2	4577
4359	2	4680
4359	2	4382
4359	2	4736
4359	2	4360
4359	2	5064
4359	2	4763
1351	4	3756
1351	0	424
3756	0	424
3756	4	1351
6673	5	7028
6673	5	6457
4850	2	4456
4850	2	4824
4850	2	4299
4850	2	4348
4850	2	4672
4850	2	4489
4850	2	4238
4850	2	4236
4850	2	4506
2448	7	971
2448	4	6122
2448	4	2069
2448	0	1292
5588	3	5195
5588	3	5583
5588	3	5177
5588	3	5775
5588	3	5395
8536	9	8537
8536	9	8608
7002	5	7003
603	0	101
603	3	5328
603	3	5390
603	3	5771
3257	0	137
3257	7	137
3257	8	7737
3257	8	7725
837	7	1287
837	0	838
837	6	3937
3268	8	7653
3268	0	28
3268	8	7659
6788	5	6789
1396	3	5792
1396	0	810
1396	3	5583
1396	3	5417
1089	0	69
1089	3	5172
6405	5	6406
3166	3	5682
3166	3	5281
3166	3	5504
3166	3	5800
3166	3	5725
3166	0	1393
7586	8	7653
7586	7	1135
7586	8	7663
6081	7	30
6081	4	6082
5992	4	942
5992	7	103
942	4	5992
942	0	866
3764	4	6217
3764	0	3579
3764	7	3579
6217	7	55
6217	4	3764
110	7	79
110	9	9602
110	0	111
1543	0	79
1543	4	3148
4636	2	4590
4636	2	4436
4636	2	4339
4636	2	4962
4636	2	4936
4636	2	4924
4780	2	4509
4780	2	4922
4780	2	4324
4780	2	4368
4780	2	4708
4780	2	4291
1899	0	533
1899	4	956
1694	6	3848
1694	0	109
1694	6	4033
4883	2	4991
4883	2	5056
4883	2	4424
4883	2	4849
7940	9	7941
588	4	920
588	0	589
920	4	588
920	0	79
9264	9	9265
2503	0	1120
2503	3	5248
2503	3	5596
2503	3	5198
2503	3	5214
2503	3	5546
4398	2	4246
4398	2	4506
4398	2	4541
4398	2	4853
4398	2	4842
4398	2	4430
4398	2	4710
4398	2	4489
4398	2	4800
8990	9	8991
4449	2	4425
4449	2	4853
4449	2	4246
4449	2	4589
324	0	30
324	4	530
676	4	2434
676	0	308
2434	4	676
2434	0	101
2535	4	4346
2535	0	273
4346	4	2535
4346	2	4714
4346	2	4347
3951	6	7439
3951	1	3855
1161	4	6091
1161	7	388
1161	3	5160
1161	0	925
6091	4	1161
6091	7	388
1107	6	3924
1107	6	3845
1107	0	199
1581	4	2905
1581	0	13
2905	4	1581
2905	0	13
766	0	75
766	4	3685
5294	3	5396
5294	3	5179
5294	3	5400
1031	4	645
1031	0	1032
645	4	1031
645	0	3
6206	4	6207
6206	7	79
6207	7	79
6207	4	6206
1775	3	5384
1775	3	5172
1775	3	5263
1775	3	5339
1775	0	143
1775	3	5179
3235	6	7455
3235	0	2688
3235	6	7430
3235	7	470
2736	0	1229
2736	8	7720
2760	0	1982
2760	3	5297
2131	3	5812
2131	3	5179
2131	0	798
2131	3	5177
2131	6	4230
2131	3	5404
2131	3	5493
3234	2	4959
3234	2	5151
3234	2	5054
3234	0	1413
1098	4	1108
1098	0	139
1108	0	139
1108	4	1098
1242	2	4618
1242	2	4504
1242	0	1243
1242	2	4331
1242	2	4486
1242	2	4542
1242	2	4639
2481	4	5996
2481	7	168
2481	0	139
5996	4	2481
5996	7	168
3123	7	7513
3123	0	139
3123	4	3057
2334	0	2162
2334	4	1223
2129	0	17
2129	8	7653
2129	7	1042
2129	8	7659
6297	7	73
6297	4	5967
8048	9	8049
469	0	470
469	4	1607
8875	9	8876
8875	9	8584
7594	8	7677
7594	7	770
3452	8	7679
3452	0	424
3452	8	7749
4247	2	4299
4247	2	4456
4247	2	4642
4247	2	4425
4247	2	4489
4247	2	4238
4247	2	4236
4247	2	4348
4247	2	4552
4794	2	4341
4794	2	4456
4794	2	4236
4794	2	4256
4794	2	4903
4794	2	4941
3405	1	4120
3405	7	2240
3405	0	2240
7048	5	6622
3589	3	5172
3589	3	5634
3589	0	1277
3589	3	5367
3589	3	5249
6863	5	6864
2508	0	273
2508	4	2314
1921	0	1144
1921	4	2915
693	2	4708
693	2	4323
693	2	4832
693	2	4509
693	2	4703
693	2	5107
693	2	4268
693	2	4757
693	2	4306
1969	7	917
1969	8	7677
1969	8	7664
1969	0	222
4706	2	4589
4706	2	4526
4706	2	4285
4706	2	5015
4706	2	4456
4706	2	4489
4706	2	4853
7142	5	7143
4391	2	4508
4391	2	4347
4391	2	4392
4391	2	5152
4391	2	4325
4391	2	4610
3464	4	784
3464	0	785
784	0	785
784	4	3464
2319	8	7799
2319	0	806
2319	7	608
5074	2	5131
5074	2	4519
5074	2	5103
5074	2	5075
7927	9	7907
241	3	5459
241	3	5177
241	7	133
241	0	133
241	3	5920
1017	4	2450
1017	0	608
2450	4	1017
2450	0	424
5511	3	5731
5511	3	5198
5511	3	5263
5511	3	5520
4223	1	3823
2026	0	295
2026	4	2941
2712	0	748
2712	4	1416
748	5	6925
44	0	45
44	4	1687
1576	3	5194
1576	3	5315
1576	3	5212
1576	0	1577
1576	3	5468
4379	2	4257
4379	2	4281
4379	2	4946
4379	2	4526
5636	3	5389
5636	3	5177
5636	7	7548
4732	2	4299
4732	2	4518
4732	2	4341
4732	2	5057
4732	2	4424
4732	2	4321
4732	2	5060
4732	2	4246
4732	2	4701
4732	2	4489
4732	2	4592
9161	9	9162
4462	2	4635
4462	2	4753
4462	2	4424
4462	2	4382
4462	2	5035
4462	2	4559
5948	3	5367
5948	3	5725
5948	3	5389
5948	7	139
2292	4	639
2292	0	139
639	4	2292
639	0	139
3247	3	5172
3247	0	28
3247	3	5225
3247	3	5214
669	3	5336
669	3	5179
669	3	5286
669	0	101
2076	2	4443
2076	2	4968
2076	0	11
2076	2	4509
2076	2	5052
2291	4	6256
2291	0	667
2291	4	3132
6256	7	168
6256	4	2291
3569	1	3910
3569	0	744
3569	1	3823
4644	2	4358
4644	2	4757
4644	2	4769
4644	2	4819
4644	2	4323
7775	8	7683
7775	8	7835
4402	2	4914
4402	2	4494
4402	2	4452
4402	2	4849
4402	2	4618
4402	2	5017
4402	2	4337
4402	2	4254
4402	2	5113
1182	4	2892
1182	0	299
1182	7	1405
2892	0	299
2892	4	1182
1738	4	2699
1738	7	1478
1738	0	139
2699	4	1738
2699	0	83
2699	7	1478
2382	4	16
2382	0	101
16	0	17
16	4	2382
2298	4	6004
2298	0	163
6008	7	79
6008	4	6009
1074	4	2500
1074	0	45
2500	4	1074
2500	0	45
3796	6	3822
3796	6	3823
3796	0	234
1623	0	323
1623	4	2225
3078	0	1421
3078	3	5181
3078	3	5224
3078	3	5651
490	4	2477
490	0	173
490	4	288
2477	4	490
2477	4	6047
2477	0	28
3353	3	5186
3353	7	379
3353	3	5237
5302	3	5339
5302	3	5602
5302	3	5303
5302	3	5179
372	7	196
372	8	7665
372	0	30
2158	4	6100
2158	0	1569
6100	4	2158
6100	4	2874
4046	6	3848
4046	1	3837
4046	1	4047
4046	6	3967
2333	6	3813
2333	0	265
6428	5	7037
6428	5	6697
6428	5	6457
6428	5	6429
3213	0	323
3213	4	3074
1408	7	79
1408	0	240
2305	0	2306
2305	4	2301
374	7	79
374	0	139
5680	3	5179
5680	3	5239
5680	3	5840
5680	3	5890
9476	9	9477
108	0	109
108	7	1403
108	3	5204
108	3	5172
2457	4	6223
2457	7	103
2457	0	624
2457	4	954
6223	7	103
6223	4	2457
2928	0	111
2928	9	8273
2038	2	4853
2038	2	4727
2038	2	4348
2038	2	4388
2038	0	892
2038	2	4238
10165	9	10166
870	0	9
870	4	3623
870	7	605
6485	5	6768
6485	5	6486
6485	5	7191
2571	0	736
2571	9	8307
2571	7	644
700	0	701
700	4	653
2782	0	2783
2782	3	5673
2782	3	5796
7371	5	6378
840	8	7717
840	8	7806
840	8	7656
840	0	424
840	8	7747
840	8	7679
1976	0	83
1976	3	5271
1976	3	5355
1976	3	5247
10497	9	10498
3758	2	4814
3758	2	5142
3758	2	4701
3758	2	5060
3758	2	5114
3758	2	4592
3758	0	386
5135	2	4270
5135	2	4584
5135	2	4821
5135	2	4555
315	9	7888
315	9	8460
315	9	9612
315	0	316
1837	7	39
1837	3	5206
5653	3	5339
5653	3	5172
5653	3	5340
5653	3	5670
5653	3	5204
2816	4	6121
2816	0	17
6121	4	2816
6121	7	139
266	8	7753
266	0	267
266	8	7724
4406	2	4257
4406	2	4489
4406	2	4236
4406	2	4238
4406	2	4348
4406	2	4388
4406	2	4946
3577	7	83
3577	1	3870
3577	6	3870
3577	0	2370
3577	1	3823
2418	7	17
2418	0	53
2418	8	7663
2418	8	7653
4775	2	4291
4775	2	4819
4775	2	4743
4775	2	4776
4775	2	4253
4775	2	4557
4775	2	4703
4775	2	4769
1504	4	2550
1504	0	245
2550	4	1504
2550	0	245
4892	2	4323
4892	2	4757
4892	2	4319
4892	2	4769
4892	2	4688
4892	2	4350
4892	2	4831
1750	7	1929
1750	0	1092
1750	6	7441
5534	3	5535
5534	3	5890
5534	3	5179
3789	4	78
3789	7	1385
3789	0	101
2931	0	424
2931	4	2547
5922	3	5513
5922	3	5923
1918	0	139
1918	4	3520
1927	3	5293
1927	0	101
1927	3	5328
983	0	139
983	4	6193
769	0	770
769	7	196
7639	7	1664
7639	8	7659
7639	8	7653
5262	6	3848
5262	3	5172
5262	3	5263
6252	7	65
6252	4	6253
2998	2	4299
2998	2	4589
2998	2	4629
2998	2	4853
2998	2	4509
2998	2	4710
2998	2	4437
2998	2	4642
2998	2	4238
2998	0	2999
2704	2	4726
2704	2	4831
2704	0	279
3396	2	4639
3396	2	4559
3396	2	4504
3396	2	4661
3396	2	4492
3396	2	4466
3396	2	4494
3396	2	4382
3396	2	4452
3320	4	1737
3320	0	51
1737	0	139
1737	4	3320
9466	9	9467
7388	5	6438
4278	2	4577
4278	2	4621
4278	2	4680
4278	2	4639
4278	2	4699
4278	2	4279
4278	2	5035
4278	2	4498
3799	8	7677
3799	0	729
3799	8	7684
2345	3	5274
2345	3	5224
2345	3	5681
2345	0	2322
2345	7	1617
2345	3	5198
5446	3	5246
5446	3	5410
5446	3	5172
4369	2	4238
4369	2	4921
4369	2	4348
4369	2	4378
4369	2	4236
4369	2	4489
4369	2	4456
8130	9	8131
6307	7	1385
6307	4	3719
5561	6	3937
5561	6	3848
3786	0	13
3786	8	7788
3786	8	7706
4442	2	4443
4442	2	4358
4965	2	4323
4965	2	4755
4965	2	4769
3345	7	53
3345	0	1040
521	2	5121
521	2	4735
521	0	212
521	2	4368
521	2	4984
4678	2	4234
4678	2	5075
3695	7	67
3695	3	5375
3695	3	5382
3695	3	5635
3695	0	295
113	2	4731
113	2	4924
113	0	75
113	2	4586
113	2	4621
113	2	4661
113	2	4339
113	2	4559
113	2	4452
160	2	4918
160	2	4293
160	2	4279
160	0	161
160	2	5017
160	2	4387
160	2	4542
3120	3	5212
3120	3	5356
3120	0	959
3120	3	5194
3120	3	5468
3120	3	5497
3120	3	5315
3028	0	608
3028	4	6023
3624	0	139
3624	7	79
6558	5	6559
6558	5	6792
5723	3	5428
5723	3	5351
3642	7	79
3642	0	26
3666	2	5079
3666	2	5109
5891	3	5309
5891	3	5247
5891	6	7444
1258	0	67
1258	7	67
1258	9	9478
629	0	63
629	4	2996
657	8	7654
657	0	658
657	8	7659
2300	2	4699
2300	0	1753
2300	2	4843
1591	0	301
1591	7	79
1591	4	2613
5080	2	4254
5080	2	4728
5080	2	4310
5080	2	4492
5080	2	4564
10368	9	10369
1979	8	7792
1979	0	381
1979	8	7660
1979	7	1753
1806	0	1807
1806	7	1807
1806	9	7956
9348	9	8198
4502	2	4257
4502	2	4870
4502	2	5059
4502	2	4238
6283	4	1095
6283	8	7654
1095	0	779
1095	4	6283
1185	2	4388
1185	2	4801
1185	2	4589
1185	2	4690
1185	2	4786
1185	2	4489
1185	0	165
1185	2	4456
4834	2	4509
4834	2	4819
4834	2	4937
4834	2	4757
4834	2	4769
4834	2	4323
4834	2	4390
2479	0	139
2479	4	3656
2551	0	243
2551	3	5198
2551	3	5754
2551	7	7501
1299	0	985
1299	4	2954
5320	3	5360
5320	3	5321
5320	3	5535
430	6	4083
430	0	67
2965	0	139
2965	4	3038
8988	9	8989
5964	3	5228
5964	7	7548
494	0	301
494	4	3128
494	7	103
3135	3	5177
3135	0	701
3135	3	5855
3135	3	5172
2324	7	644
2324	0	1454
2324	1	3967
9157	9	9158
7693	8	7708
7693	8	7730
3838	1	3852
3838	3	5179
3838	3	5546
3838	3	5198
3838	3	5460
5811	3	5812
5811	6	3937
5811	7	605
6185	8	7663
6185	4	6184
7555	8	7674
7555	8	7659
7555	8	7848
7555	7	3
4166	1	4167
4917	2	4236
4917	2	4430
4917	2	4285
4917	2	4348
4917	2	5038
3423	3	5198
3423	3	5224
3423	0	2810
1059	2	4922
1059	2	4424
1059	2	4821
1059	2	4855
1059	2	4426
1534	0	103
1534	4	916
5912	3	5475
5912	3	5686
4716	2	4486
4716	2	4479
4716	2	5102
4716	2	4436
4716	2	4577
4716	2	4558
4716	2	5122
4716	2	4466
4716	2	4873
4716	2	4962
7544	8	7653
7544	7	1164
3178	0	390
3178	4	389
3245	0	1229
3245	8	7720
2290	4	363
2290	0	103
363	0	364
363	4	2290
3144	0	1071
3144	3	5179
3144	3	5335
3313	4	1710
3313	0	199
2264	0	83
2264	7	83
2264	3	5583
2264	6	3823
4713	2	4714
4713	2	4833
4713	2	4549
4713	2	5139
5639	3	5640
5639	7	210
5639	3	5208
683	3	5169
683	7	605
683	3	5731
683	0	83
950	3	5214
950	3	5341
950	0	648
6301	4	2754
6301	7	89
2754	0	89
2754	4	6301
3748	0	191
3748	4	190
3481	2	4722
3481	2	5062
3481	2	4932
3481	2	4504
3481	2	4469
3481	2	4639
3481	0	642
3481	2	4380
3481	2	4586
3481	2	4494
1085	2	4817
1085	2	4635
1085	2	5056
1085	2	4360
1085	0	323
2608	0	173
2608	7	139
289	3	5268
289	0	290
289	3	5179
4625	2	4549
4625	2	4786
4625	2	4915
4625	2	4714
2532	0	424
2532	8	7656
2532	8	7747
2532	8	7739
5189	3	5501
5189	7	2853
5189	3	5379
5189	3	5179
5189	3	5190
5189	3	5256
6218	7	139
6218	4	2649
5083	2	4902
5083	2	4559
5083	2	4766
4943	2	4504
4943	2	4254
4943	2	4661
4943	2	4339
4943	2	4639
2023	0	79
2023	7	1028
2023	3	5520
2624	9	10548
2624	9	8881
2624	9	8024
2624	0	1844
7500	7	1572
7500	8	7659
7500	8	7653
6536	5	6510
3188	7	667
3188	0	2059
4804	2	4238
4804	2	4456
4804	2	4567
4804	2	4285
4804	2	4236
4804	2	4541
4804	2	4824
4804	2	4489
5500	3	5351
5500	3	5513
5500	3	5815
5500	3	5767
636	7	139
636	0	199
636	6	3870
636	3	5389
7440	7	1065
7440	6	4115
7440	6	3813
966	0	424
966	2	5007
966	2	4246
1353	4	371
1353	0	57
371	0	103
371	4	1353
4540	2	4621
4540	2	4331
4540	2	4755
4540	2	4542
4540	2	4586
3526	0	79
3526	4	2686
4409	2	4358
4409	2	4616
4409	2	4352
4409	2	5104
3806	8	7665
3806	7	848
3806	0	848
2069	4	2448
2069	7	348
2069	0	2070
1300	0	224
1300	7	79
9436	9	9437
1169	0	17
1169	9	10381
2824	9	9730
2824	0	79
7599	8	7653
7599	8	7674
7599	7	55
3557	2	4324
3557	2	4542
3557	2	4530
3557	2	4769
3557	0	11
3557	2	4323
3557	2	4350
3557	2	4390
1701	7	71
1701	3	5509
1701	0	9
1701	3	5414
1701	3	5179
1701	3	5378
1701	3	5340
1195	7	2162
1195	0	103
4953	2	5033
4953	2	5054
3431	0	1953
3431	4	1151
2795	2	5128
2795	2	5121
2795	2	4984
2795	2	4777
2795	0	779
2807	4	6074
2807	0	173
6074	4	2807
6074	7	308
4569	2	4570
4569	2	5111
4569	2	4756
1491	7	17
1491	6	7432
1491	0	9
1491	6	3913
3034	4	1442
3034	0	28
1442	4	3034
1442	0	168
2255	7	599
2255	0	599
2255	4	6230
3082	0	381
3082	7	1405
4464	2	4541
4464	2	4465
4464	2	4509
4464	2	4291
4464	2	4928
4464	2	4485
4464	2	5136
4464	2	4358
3067	4	3646
3067	0	426
3646	4	3067
3646	0	2141
3463	0	30
3463	7	2521
2190	0	143
2190	4	3387
1249	4	6111
1249	0	224
6111	4	1249
6111	7	7503
283	5	7147
5026	2	5027
5026	2	4831
6680	5	6681
4649	2	4650
4649	2	5006
4649	2	4941
4594	2	4291
4594	2	4769
4594	2	4323
2553	2	5055
2553	2	4621
2553	2	4699
2553	0	381
2553	2	4494
2553	2	4558
2553	2	4877
2553	2	4914
2546	1	4055
2546	1	3924
2546	7	145
2635	9	8919
2635	0	985
300	2	4740
300	0	301
300	2	4324
300	2	4291
300	2	4726
9046	9	9047
9046	9	10241
3568	4	828
3568	0	28
828	4	3568
828	0	685
5245	3	5441
5245	3	5246
5245	3	5243
5245	3	5764
8603	9	8604
5541	3	5656
5541	3	5259
5541	3	5688
9342	9	9343
2871	0	103
2871	3	5179
4239	2	4485
4239	2	4769
4239	2	4761
4239	2	4291
4239	2	4324
4239	2	5052
5301	3	5249
5301	3	5261
5301	3	5652
10600	9	8965
509	6	3848
509	6	3937
509	9	8686
509	0	510
4940	2	4735
4940	2	4567
4940	2	4908
4940	2	4629
4940	2	4966
3007	0	145
3007	7	1287
3007	6	3924
8462	9	8463
1601	0	975
1601	4	6179
5231	3	5160
5231	7	103
9932	9	9933
5041	2	4786
5041	2	4855
5041	2	4268
5041	2	4400
5041	2	4262
5041	2	4291
5041	2	5024
4258	2	4348
4258	2	4535
4258	2	4236
4258	2	4903
4258	2	5126
6274	4	1154
6274	7	1361
1154	0	674
1154	4	6274
3296	4	1449
3296	0	308
1102	8	7800
1102	0	1103
1379	7	240
1379	0	648
3513	2	4475
3513	2	4337
3513	2	4390
3513	0	1934
3513	2	4344
3513	2	4400
3513	2	4492
3513	2	5024
3342	7	1622
3342	0	1622
3342	8	7674
3342	8	7680
3342	8	7719
3342	8	7659
6842	5	6843
1239	3	5468
1239	3	5194
1239	0	30
4864	2	4521
4864	2	4485
4864	2	4740
4864	2	4702
1391	0	463
1391	3	5340
1391	3	5425
1391	3	5356
1391	3	5809
1391	3	5268
7566	9	10262
7566	9	8940
7566	7	1493
9505	9	9506
4243	2	4244
4243	2	5136
4243	2	4324
4243	2	5155
4243	2	4323
4243	2	4291
2204	3	5268
2204	3	5177
2204	3	5179
2204	7	67
2204	0	1130
2204	3	5172
2204	3	5389
6437	5	6438
6437	9	9847
2520	0	2521
2520	4	1033
3875	1	3925
3875	1	3823
3875	1	4188
3875	1	4226
1840	7	301
1840	0	648
7604	7	253
7604	8	7753
7604	8	7724
7604	8	7781
2214	6	3889
2214	0	852
2214	6	3967
1653	0	1654
1653	3	5673
1653	3	5172
1653	3	5796
4459	2	4236
4459	2	4541
4459	2	4445
4459	2	4299
4459	2	4348
4459	2	4257
1818	0	342
1818	7	342
1818	4	1553
5233	3	5802
5233	3	5208
5233	3	5824
5233	3	5163
6774	5	6775
9113	9	9114
9113	9	9938
7705	8	7684
7705	8	7677
6098	4	6099
6098	7	2922
6099	7	253
6099	4	6098
2475	3	5177
2475	3	5520
2475	0	139
2475	3	5172
4507	2	4845
4507	2	4508
4507	2	4860
4507	2	4610
4507	2	4655
4507	2	5125
3455	4	1776
3455	0	51
3455	7	103
1776	4	3455
1776	0	77
2989	4	2656
2989	0	139
2656	4	2989
2656	0	30
10260	9	10261
2952	7	959
2952	4	2242
2952	0	2162
356	7	79
356	0	357
356	4	6282
172	0	173
172	4	706
1053	9	9633
1053	9	8345
1053	3	5503
7393	5	7394
1288	0	1289
1288	4	6259
1288	7	975
6047	4	1367
6047	4	2477
1367	4	6047
1367	0	478
2147	6	3889
2147	0	105
8100	9	8101
8100	9	9945
3478	2	5025
3478	2	4254
3478	2	5009
3478	0	648
6951	5	6952
6951	5	7182
1845	0	81
1845	8	7653
5253	3	5254
5253	3	5445
5253	3	5172
5253	3	5275
5253	3	5803
5253	3	5321
2544	4	3025
2544	0	308
647	3	5172
647	3	5187
647	7	105
647	0	648
7840	8	7824
7840	8	7731
7840	8	7807
7590	9	9263
7590	9	8346
7590	7	1401
581	8	7813
581	0	582
581	8	7701
6145	7	30
6145	4	6175
3694	0	139
3694	4	1536
4536	2	4759
4536	2	4969
4536	2	4766
4536	2	4902
3003	7	540
3003	0	139
211	9	10293
211	0	212
6824	5	7256
6824	5	7405
6824	5	6825
1475	4	2169
1475	0	15
2169	7	79
2169	0	1004
2169	4	1475
5308	3	5309
5308	3	5349
5308	3	5817
5308	3	5247
5308	3	5271
10315	9	10316
10315	9	10352
5586	3	5389
5586	3	5172
252	3	5268
252	3	5367
252	3	5177
252	0	253
7591	8	7659
7591	7	1004
7591	8	7653
7591	8	7722
1217	3	5490
1217	3	5169
1217	0	196
1217	3	5348
2899	0	388
2899	4	992
1867	3	5202
1867	3	5656
1867	3	5688
1867	0	149
3791	0	139
3791	7	168
2410	0	127
2410	4	1819
4578	2	4338
4578	2	4325
4578	2	4610
4578	2	4579
4578	2	4845
4578	2	4508
5655	3	5274
5655	6	7432
5655	7	196
5655	3	5781
21	7	7525
21	8	7659
21	0	22
1756	0	103
1756	7	7503
1756	4	6198
6152	7	79
6152	4	6151
1635	0	1636
1635	3	5781
1635	3	5156
1635	3	5525
3368	0	125
3368	4	948
1825	0	139
1825	3	5589
1825	3	5724
7529	9	9953
7529	9	7873
7529	7	381
1967	7	79
1967	0	149
4482	2	4747
4482	2	4435
4482	2	4483
3128	7	79
3128	4	494
3128	0	139
7419	5	7095
6184	4	6185
6184	7	3
9235	9	9236
2491	7	20
2491	4	1766
2491	0	2370
387	4	2499
387	0	388
2499	0	330
2499	4	387
5877	3	5191
5877	3	5360
5877	3	5755
5877	3	5172
5877	7	1130
949	4	1473
949	0	812
1473	4	949
1473	0	196
6036	4	6109
6036	7	207
6109	7	7519
8096	9	8097
10219	9	10220
4100	1	4172
4100	1	3848
4100	1	3813
4100	6	3831
3560	4	1218
3560	0	480
1218	4	3560
1218	0	1
9987	9	9988
4451	2	4452
4451	2	5025
4451	2	4498
4451	2	4559
4451	2	4590
4451	2	4814
703	7	147
703	0	101
703	3	5395
703	4	2423
3544	6	3957
3544	0	438
4927	2	4253
4927	2	4268
7687	8	7665
7687	8	7736
7687	8	7677
7687	8	7664
4599	2	4485
4599	2	4530
4599	2	4443
4599	2	5013
4599	2	4291
4599	2	4268
4599	2	4319
197	4	1090
197	0	139
1090	0	139
1090	4	197
1950	7	1224
1950	9	8756
1950	0	155
5257	3	5400
5257	3	5179
5882	3	5901
5882	7	9
6517	5	6518
2256	3	5475
2256	0	101
2256	3	5825
2256	3	5228
1477	0	1478
1477	4	1997
3430	8	7813
3430	8	7701
3430	8	7668
3430	4	6113
3430	0	103
3430	4	3153
7854	8	7677
7854	8	7684
9794	9	9795
2348	2	4703
2348	2	4358
2348	2	4323
2348	2	4485
2348	2	4465
2348	2	4748
2348	2	4757
2348	2	4253
1447	4	2569
1447	0	109
2569	0	139
2569	7	79
2569	4	1447
2447	3	5341
2447	0	139
2447	7	1667
2447	3	5172
2856	4	957
2856	0	295
957	0	295
957	4	2856
2074	6	3826
2074	6	4033
2074	0	17
6424	5	6425
4399	2	4492
4399	2	4400
506	0	507
506	4	1252
239	0	240
239	4	1749
1997	4	1477
1997	0	529
1997	4	6054
1997	7	79
4585	2	4735
4585	2	4341
4585	2	4868
4585	2	4903
4585	2	4824
4585	2	4496
4585	2	4526
427	0	428
427	4	1722
4307	2	4234
4307	2	4848
4307	2	4494
4307	2	4469
4307	2	4558
4307	2	5017
4101	1	4097
4101	1	4102
4101	7	147
4101	1	3967
3978	1	3979
3479	3	5243
3479	0	1518
3479	7	1361
3479	3	5198
6305	4	6306
6305	7	7501
6306	4	6305
6306	7	1120
2919	0	3
2919	7	7503
4367	2	4348
4367	2	4236
4367	2	4984
4367	2	4238
4367	2	4690
4367	2	4567
4367	2	4735
4367	2	4535
747	0	748
747	4	100
293	0	3
293	3	5199
293	3	5169
5558	7	463
5558	3	5176
5558	3	5727
5047	2	4522
5047	2	4631
1544	4	1983
1544	7	301
1544	0	1028
1983	4	1544
1983	0	269
4209	1	3886
4619	2	4944
4619	2	4469
4619	2	4722
4619	2	4691
4619	2	5045
4619	2	4933
633	8	7672
633	0	237
2232	4	1968
2232	0	424
1968	4	2232
1968	0	424
2116	8	7719
2116	0	810
2116	8	7663
4623	2	4936
4623	2	4624
4623	2	4382
4623	2	4411
4623	2	4722
844	2	4339
844	2	4586
844	0	845
844	2	4387
5693	3	5172
5693	3	5384
5693	3	5275
5693	3	5339
1213	4	1286
1213	0	101
1213	6	3967
1286	0	1287
1286	4	1213
10506	9	10507
4212	6	3848
4212	1	4213
6904	5	6905
1456	4	6180
1456	4	2082
1456	8	7654
1456	8	7653
1456	0	139
1456	8	7659
6180	4	1456
3111	7	79
3111	0	149
718	7	94
718	3	5501
718	0	370
3591	8	7659
3591	7	65
3591	0	173
3591	8	7653
1977	0	17
1977	3	5389
1977	6	3937
1977	3	5493
1511	0	103
1511	7	207
8763	9	8764
5931	4	1081
5931	7	388
5931	3	5503
1081	3	5503
1081	0	573
1081	7	388
5157	3	5179
5157	3	5172
5157	3	5602
5157	3	5188
5157	6	4180
5157	3	5158
5157	7	529
5157	3	5228
1903	4	1472
1903	0	1
1472	4	1903
1472	0	308
1507	0	101
1507	4	1440
1507	4	1987
1507	7	79
3272	7	7502
3272	0	308
3272	4	2121
7278	5	7279
3410	3	5177
3410	7	2688
3410	3	5172
3410	0	240
1186	4	2261
1186	0	424
2261	4	1186
2261	0	424
7478	6	7465
7478	7	3
7478	6	3987
3842	1	3843
3842	1	3967
3842	1	4035
5565	3	5179
5565	3	5198
2062	3	5198
2062	3	5169
2062	3	5256
2062	0	441
9248	9	9249
956	4	1899
956	0	376
9328	9	9329
1100	4	3519
1100	0	305
3519	0	658
3519	4	1100
9353	9	9354
9353	9	9602
1565	4	2060
1565	0	323
2060	0	125
2060	4	1565
3654	1	3967
3654	1	3994
3654	7	83
3654	0	30
5726	3	5177
5726	3	5268
5726	7	258
5726	3	5179
3538	0	555
3538	4	1741
9890	9	9424
7040	5	7041
7040	5	7168
10307	9	10308
2896	0	30
2896	6	3845
6560	5	7270
6560	5	6561
4455	2	4262
4455	2	4814
4455	2	5060
4455	2	4246
9744	9	9745
3738	4	6128
3738	0	624
6128	4	3163
6128	4	3738
9130	9	9131
1112	7	79
1112	4	200
1112	0	273
3907	1	4025
3907	1	3908
3907	3	5509
6294	4	6293
6294	7	135
6293	7	103
6293	4	6294
656	1	3848
656	6	3823
656	1	3823
656	0	133
1774	4	6041
1774	7	103
1774	0	243
6041	7	1020
6041	4	1774
5734	3	5309
5734	3	5355
2730	0	975
2730	7	79
2730	4	1762
7026	5	7027
352	7	139
352	0	67
352	4	6156
58	7	79
58	0	15
58	4	2387
10221	9	10222
1084	0	139
1084	8	7653
1084	8	7654
1481	4	2390
1481	0	69
2390	4	1481
2390	0	139
5935	3	5348
5935	3	5179
5935	3	5400
5935	3	5169
2353	0	866
2353	4	6077
4488	2	4456
4488	2	4801
4488	2	5099
4488	2	4489
3119	8	7653
3119	0	83
4964	2	4690
4964	2	4344
4964	2	5067
4964	2	4786
3599	3	5179
3599	3	5261
3599	3	5634
3599	0	139
3599	3	5552
3599	3	5172
3599	3	5249
6054	7	7493
6054	4	1997
3869	1	3870
8162	9	8163
3765	4	3048
3765	0	2688
3048	0	1224
3048	4	3765
3048	7	168
5650	3	5198
5650	7	243
5650	3	5241
5650	3	5224
3600	2	4952
3600	2	4849
3600	0	323
3600	2	4424
3600	2	4360
3600	2	4991
4788	2	5139
4788	2	4521
4788	2	4358
4788	2	4769
4495	2	4663
4495	2	4735
4495	2	4236
4495	2	4853
4495	2	4348
4495	2	4855
4495	2	4496
9553	9	9554
4554	2	4555
4554	2	4726
4554	2	5154
3605	0	667
3605	4	915
3421	7	555
3421	0	1052
339	4	2273
339	0	103
2273	0	103
2273	4	339
3152	2	4728
3152	2	4273
3152	2	4726
3152	0	496
3152	2	4339
3152	2	4293
3358	0	168
3358	4	3041
4108	1	4109
3160	2	4849
3160	2	4933
3160	2	4303
3160	2	4670
3160	0	299
3160	2	4337
6190	4	1616
6190	4	1588
1616	0	1617
1616	4	6190
3863	6	7446
3863	1	3924
3863	6	3924
3863	6	7452
3863	1	3864
3863	6	7428
1919	7	2415
1919	0	245
1919	4	6095
2155	8	7684
2155	0	245
2155	8	7677
1727	3	5224
1727	0	1303
1727	3	5181
1727	3	5732
1727	3	5261
5584	6	3937
5584	3	5583
5584	3	5792
5584	3	5172
5584	3	5652
5584	3	5426
5049	2	4437
5049	2	4348
5049	2	4842
5049	2	4236
5280	3	5520
5280	3	5670
5280	3	5321
5280	3	5195
5280	3	5425
5280	3	5179
5280	3	5395
1755	0	308
1755	7	2521
4829	2	4424
4829	2	4339
4829	2	4924
4829	2	4639
1535	8	7684
1535	0	245
4271	2	4236
4271	2	4526
4271	2	4238
4271	2	4424
4271	2	4281
4271	2	4842
4271	2	4348
4271	2	4441
3156	4	2747
3156	0	1028
2747	0	301
2747	4	3156
795	0	139
795	3	5343
795	3	5444
200	7	7510
200	4	1112
200	0	79
4679	2	4639
4679	2	4504
4679	2	4618
4679	2	4944
4679	2	4722
4679	2	4680
4679	2	4542
8496	9	8497
1762	7	7519
1762	4	2730
1762	0	894
2101	0	69
2101	7	79
5180	3	5172
5180	3	5812
5180	7	224
5180	3	5389
5180	3	5177
5180	3	5268
5180	3	5179
7826	8	7665
7826	8	7677
3609	0	101
3609	7	894
3609	4	6257
1474	0	410
1474	4	6227
1474	7	388
2387	0	83
2387	7	79
2387	4	58
7644	7	390
7644	9	9485
3559	0	1028
3559	7	7489
1087	3	5274
1087	0	75
1087	1	4013
5568	3	5367
5568	7	1289
5568	3	5195
5568	3	5177
7748	8	7749
7748	8	7679
1960	3	5281
1960	3	5181
1960	7	105
1960	3	5172
1960	0	147
1960	3	5651
5282	7	1817
5282	6	3845
5282	3	5263
5282	3	5803
1133	6	3957
1133	6	3937
1133	0	28
739	7	599
739	8	7653
739	8	7659
3221	0	424
3221	8	7749
3221	8	7739
3221	8	7679
5714	3	5802
5714	3	5208
5714	3	5824
6568	5	6569
2335	3	5358
2335	0	245
2335	1	3858
3039	2	4885
3039	2	4324
3039	2	4530
3039	2	4323
3039	0	11
3039	2	4757
6897	5	6898
1131	0	836
1131	4	1330
4080	1	3823
4080	6	3823
4080	1	3884
4080	6	3822
4080	1	3924
4263	2	4577
4263	2	4639
4263	2	5112
4263	2	4952
4263	2	5102
6359	5	6360
5941	6	3848
5941	6	3924
814	4	400
814	0	736
400	4	814
400	0	83
4866	2	4853
4866	2	4489
4866	2	4321
4866	2	4735
4866	2	4238
4866	2	5015
4866	2	4690
7915	9	10022
7915	9	9290
7915	9	8812
7915	9	7916
6664	5	6416
6664	5	6665
8284	9	8285
322	2	4635
322	0	323
322	2	4929
322	2	5056
322	2	4504
322	2	4411
7429	9	8933
7429	9	9640
7429	6	4137
8386	9	9954
8386	9	8387
3717	0	1243
3717	2	5089
3717	2	4624
3717	2	4452
3717	2	4262
3717	2	4618
4600	2	5088
4600	2	4559
4600	2	4262
4600	2	4873
4600	2	4731
4600	2	4728
4600	2	4639
4600	2	4270
3772	0	111
3772	4	2803
7511	9	10137
7511	7	3191
4960	2	4236
4960	2	4447
4960	2	4672
4960	2	4663
4960	2	5137
4960	2	4870
4960	2	4567
4960	2	4348
1676	0	1324
1676	7	103
3101	7	258
3101	9	9409
3101	0	2729
433	4	3010
433	7	386
433	0	386
3010	0	648
3010	4	433
100	7	555
100	4	2149
100	4	747
100	0	101
4602	2	4603
4602	2	5154
6257	4	3609
6257	7	79
10312	9	10313
4413	2	4358
4413	2	4509
4413	2	4688
1691	6	3957
1691	7	685
1691	6	3897
1691	0	1164
1691	6	3884
1947	4	2882
1947	0	37
2882	4	1947
2882	0	1487
4590	5	6773
7754	8	7813
7754	8	7701
7754	8	7668
1012	0	139
1012	1	4037
8676	9	8677
4336	2	5078
4336	2	4504
4336	2	4932
4336	2	4559
4336	2	4731
4336	2	4337
4336	2	4952
4336	2	4436
4336	2	4936
4336	2	4577
272	0	273
272	4	3727
4415	2	4614
4415	2	4655
4415	2	5093
4415	2	4860
4415	2	5144
4415	2	4508
4415	2	5120
9601	9	7942
1295	9	9669
1295	7	1880
1295	0	149
1295	3	5206
2512	0	125
2512	6	3937
2512	3	5387
2391	0	120
2391	7	971
2391	4	796
6783	5	6784
7828	8	7729
7828	8	7688
10	2	4324
10	2	4530
10	0	11
10	2	4291
10	2	4937
10	2	4465
3525	0	101
3525	4	3109
1018	7	667
1018	0	240
1018	4	6106
902	2	4776
902	2	4291
902	0	11
902	2	4819
902	2	4769
902	2	4358
932	0	762
932	7	301
932	4	761
2995	4	1695
2995	0	923
1695	0	1696
1695	4	2995
1768	0	143
1768	7	103
462	8	7654
462	8	7821
462	0	463
9597	9	9598
7447	6	7448
7447	7	7588
2505	6	3870
2505	0	199
2505	7	139
7323	5	7324
2727	3	5651
2727	3	5181
2727	7	1817
2727	0	67
8616	9	8617
2120	4	5592
2120	0	959
5592	3	5179
5592	4	2120
5592	3	5686
3334	4	6046
3334	0	384
6046	4	2489
6046	4	3334
5750	3	5751
5750	4	5514
7619	8	7677
7619	8	7665
4576	2	4910
4576	2	4650
4576	2	4324
4576	2	4465
4576	2	4291
2691	3	5181
2691	3	5732
2691	0	3
2691	3	5391
2691	7	605
2691	3	5172
2691	3	5261
1660	4	526
1660	0	57
526	4	1660
526	0	57
10427	9	10428
10363	9	10364
1925	4	3350
1925	0	139
3350	0	139
3350	4	1925
5989	8	7724
5989	7	940
5989	4	6147
5989	8	7672
4723	2	4642
4723	2	4541
4723	2	4348
4723	2	4321
4723	2	4489
4723	2	4246
4723	2	4238
4723	2	4388
4723	2	4236
4723	2	4893
4184	1	4167
4184	6	3813
1141	3	5367
1141	3	5464
1141	3	5177
4643	2	4988
4643	2	4323
4643	2	4530
4643	2	4740
4643	2	4769
4643	2	4757
4643	2	4819
5761	3	5179
5761	3	5339
8012	9	8013
6000	4	1117
6000	4	1377
1117	7	1118
1117	0	1118
1117	4	6000
6003	4	3382
6003	7	390
3382	4	6003
3382	0	390
8555	9	8551
3597	0	101
3597	4	986
5701	3	5596
5701	3	5198
5701	3	5335
5701	3	5179
5701	3	5181
5701	7	399
8872	9	8873
2138	2	4492
2138	2	4310
2138	0	1243
2138	2	4586
2138	2	4331
4058	6	3987
4058	1	4180
8449	9	8450
9052	9	9053
6823	5	6442
5430	3	5520
5430	3	5177
5430	3	5599
1177	0	1178
1177	4	2618
1568	0	1569
1568	7	1569
1568	4	6020
3465	4	3573
3465	0	111
3573	0	17
3573	4	3465
4461	2	4526
4461	2	4348
4461	2	4236
4461	2	4509
4461	2	4629
4461	2	4425
4461	2	4445
3062	4	1234
3062	0	465
1234	0	245
1234	4	3062
3581	9	8365
3581	3	5371
3581	0	79
1388	3	5840
1388	7	75
1388	0	826
1388	3	5382
1388	3	5336
8650	9	8651
1933	3	5303
1933	3	5179
1933	3	5760
1933	0	1934
3366	4	3711
3366	0	133
3711	4	3366
3711	0	1603
6838	5	6839
2042	0	83
2042	4	1808
980	2	4624
980	2	5138
980	2	5111
980	0	189
980	2	4676
980	2	4357
980	2	4756
2167	0	449
2167	2	4933
2167	2	4755
2167	2	4986
2167	2	5019
2167	2	5142
2167	2	4486
2179	4	6239
2179	4	3340
2179	7	55
2179	0	55
6239	4	2179
6239	7	133
1563	3	5441
1563	3	5676
1563	3	5246
1563	3	5764
1563	0	101
948	4	3368
948	0	185
2470	0	183
2470	7	210
2470	4	1005
5352	7	1636
5352	3	5321
5352	3	5172
5352	3	5389
5613	3	5172
5613	7	283
10415	9	10416
2910	0	101
2910	7	168
3402	7	2762
3402	9	7942
2384	1	4146
2384	6	4137
2384	0	139
2384	1	4170
2384	7	67
2384	6	7461
329	0	330
329	4	1455
5617	3	5464
5617	7	1667
5617	3	5261
5617	3	5249
8151	9	10584
8151	9	9101
8151	9	8702
8151	9	10298
8151	9	8509
5876	3	5923
5876	3	5852
5876	3	5820
1834	0	1835
1834	2	4824
1834	2	4341
1834	2	4567
1834	2	5137
1834	2	4552
5447	7	199
5447	3	5341
5447	3	5172
3873	1	3874
9993	9	8615
4300	2	4341
4300	2	4358
4300	2	4291
1311	7	79
1311	9	7988
1311	0	83
179	3	5237
179	0	137
179	7	137
3109	4	3525
3109	0	79
2127	0	602
2127	4	2471
2127	4	6044
9621	9	10573
9621	9	9622
3090	0	323
3090	2	4378
3090	2	4360
3090	2	4731
3090	2	4618
3090	2	4337
3090	2	4787
7671	8	7672
7671	8	7781
7671	8	7753
2778	3	5179
2778	3	5246
2778	0	17
2778	7	1130
3980	1	3981
2402	3	5356
2402	3	5486
2402	3	5177
2402	0	3
2402	3	5634
3771	4	1928
3771	0	1008
1928	0	1929
1928	4	3771
6698	5	6699
4187	1	4188
6124	4	2576
6124	7	103
411	0	103
411	3	5241
411	3	5195
411	3	5179
411	3	5360
411	3	5632
411	3	5732
3133	4	2633
3133	0	470
2633	0	1659
2633	4	3133
541	4	3330
541	0	542
541	7	105
3330	4	541
3330	0	301
3330	7	7503
9128	9	9129
3530	0	2141
3530	2	4262
3530	2	5012
3530	2	4310
6161	4	3241
6161	7	139
3241	0	454
3241	7	2688
3241	4	6161
2365	9	10073
2365	0	139
5606	3	5172
5606	3	5367
5606	3	5181
5606	7	1277
1444	4	1400
1444	0	3
1400	4	1444
1400	0	1401
3229	0	79
3229	4	6254
612	8	7684
612	0	613
612	8	7677
612	7	812
4647	2	4849
4647	2	4755
4647	2	4787
4647	2	4648
4647	2	4914
4647	2	4994
3153	0	17
3153	7	103
3153	4	3430
4809	2	4509
4809	2	4604
4809	2	4968
4809	2	4769
4809	2	4708
4809	2	4757
4809	2	4323
1758	2	4661
1758	0	1120
1758	2	4558
1758	2	4504
1758	2	4492
1758	2	4270
1758	2	4994
1758	2	4639
4791	2	4236
4791	2	4348
4791	2	4281
4791	2	4824
4791	2	4539
3754	3	5195
3754	3	5340
3754	3	5177
3754	3	5179
3754	0	2316
5164	3	5681
5164	3	5224
5164	3	5198
5164	7	1696
1614	4	884
1614	0	161
884	0	613
884	4	1614
6928	5	7377
251	6	7439
251	4	6320
251	0	129
3417	3	5367
3417	3	5489
3417	3	5249
3417	7	2688
3417	0	83
1276	0	1277
1276	4	2828
10393	9	10394
9011	9	9012
1364	0	1327
1364	4	6007
3091	2	4257
3091	2	4246
3091	2	4236
3091	2	4506
3091	2	4589
3091	2	5038
3091	2	4430
3091	2	4388
4470	2	4471
4470	2	4929
4470	2	5122
5791	3	5339
5791	3	5179
5791	3	5190
420	4	3663
420	0	421
4718	2	4842
4718	2	4853
4718	2	4489
4718	2	4445
5272	3	5239
5272	3	5273
8139	9	8140
2185	0	83
2185	3	5321
2792	0	103
2792	4	134
9919	9	9920
653	0	17
653	4	700
6916	5	6465
6253	4	6252
6253	8	7663
6253	7	65
6253	8	7674
6253	8	7653
2057	6	7459
2057	6	3924
2057	1	3824
2057	0	28
365	9	8907
365	9	9146
365	3	5633
9050	9	9051
9674	9	9675
2613	0	75
2613	4	1591
10144	9	10145
3193	3	5423
3193	0	196
3193	3	5335
3193	3	5198
3193	7	71
1298	0	57
1298	7	57
1298	5	6537
3084	9	8256
3084	0	1493
2934	8	7780
2934	8	7811
4545	2	4926
4545	2	4544
4545	2	4969
4545	2	4371
6943	5	6944
7293	5	7091
670	0	103
670	4	6162
4302	2	4670
4302	2	4380
4302	2	4378
4302	2	4722
4302	2	4303
4302	2	4424
6377	5	6378
10409	9	8553
3392	3	5179
3392	3	5281
3392	0	779
3392	3	5339
3392	3	5238
1831	8	7653
1831	8	7654
1831	0	791
4668	2	5051
4668	2	4631
4668	2	4483
4668	2	4475
4668	2	5131
1854	0	194
1854	3	5261
1854	3	5402
1854	7	738
1854	3	5249
3248	7	207
3248	6	4149
3248	6	3884
3248	0	1008
4783	2	4699
4783	2	4303
4783	2	5089
4783	2	4558
4783	2	4670
4783	2	4661
4783	2	5045
4783	2	5085
6318	7	30
6318	4	3105
6621	5	6622
1223	4	2334
1223	0	1224
5906	3	5179
5906	7	779
2019	0	83
2019	4	2615
10239	9	10240
9818	9	8808
3451	4	3201
3451	0	103
3201	4	3451
3201	0	3202
7576	8	7659
7576	8	7653
7576	7	2009
1492	9	9590
1492	7	2762
1492	0	1493
2891	0	265
2891	4	2679
2618	0	971
2618	4	1177
2217	2	4603
2217	0	1
2217	2	4726
2217	2	4518
5749	3	5204
5749	3	5317
5749	3	5339
2360	7	71
2360	3	5198
2360	3	5382
2360	3	5379
2360	3	5179
2360	0	845
4665	2	4339
4665	2	5105
4665	2	4270
4665	2	4661
9559	9	9560
7198	5	6814
9059	9	9060
5805	3	5336
5805	3	5410
5805	3	5339
5805	7	71
5805	9	9759
5805	3	5179
5805	3	5198
1152	2	4818
1152	2	5078
1152	2	4699
1152	2	4641
5222	3	5179
5222	3	5172
5222	3	5268
5222	3	5339
7864	8	7665
7864	8	7684
5183	7	1224
5183	3	5426
1495	3	5179
1495	7	79
1495	3	5395
1495	3	5177
1495	3	5387
1495	3	5172
1495	0	589
1604	7	2950
1604	0	295
6309	7	1659
6309	4	6310
10452	9	10453
2758	6	4111
2758	6	3813
2758	0	69
3001	0	120
3001	4	2971
472	4	6040
472	0	129
6040	4	1548
6040	4	472
3707	2	4824
3707	2	4703
3707	2	4702
3707	0	220
3707	2	4319
3707	2	4708
1822	0	642
1822	4	1159
5337	3	5621
5337	3	5633
5337	3	5338
5337	3	5820
9030	9	9031
2312	4	3233
2312	0	597
3233	0	597
3233	4	2312
5950	3	5607
5950	3	5721
5950	3	5179
5950	7	258
5950	3	5360
4446	2	4650
4446	2	4941
4446	2	5003
4446	2	5011
4446	2	4447
3271	0	2415
3271	4	1663
3110	4	1453
3110	0	470
1453	0	1454
1453	4	3110
7782	8	7853
7782	8	7692
7782	8	7726
2668	0	308
2668	4	3604
3793	7	83
3793	0	83
3793	5	6873
1306	0	37
1306	2	4906
1306	2	4928
1306	2	4362
1306	2	4371
1306	2	4855
268	0	269
268	4	232
4677	2	4868
4677	2	4430
4677	2	4690
4677	2	4777
614	4	104
614	0	602
104	4	614
104	0	105
649	8	7697
649	0	650
849	2	4714
849	2	4489
849	0	424
849	2	4855
849	2	5072
6189	4	3346
6189	4	1285
4697	2	4447
4697	2	4832
4697	2	4509
4697	2	5124
4697	2	4285
312	4	1954
312	0	69
1954	0	173
1954	4	312
1891	7	2799
1891	3	5960
1891	0	258
1891	3	5188
1891	3	5721
1891	3	5367
1891	4	6276
5344	3	5332
5344	3	5577
5344	3	5779
2343	8	7654
2343	0	1004
2343	8	7659
2343	8	7653
6970	5	6971
4423	2	4424
4423	2	4971
4423	2	4621
4423	2	4504
4423	2	4542
3545	4	3625
3545	0	283
3625	0	196
3625	4	3545
9410	9	9411
4082	1	3924
4082	3	5342
4082	1	4083
4082	3	5199
4082	1	3848
5643	3	5339
5643	3	5768
5643	3	5509
2398	8	7659
2398	7	224
2398	8	7759
2398	0	210
2398	8	7653
1911	9	10257
1911	7	55
1911	0	55
331	2	4952
331	2	4293
331	2	4339
331	2	4262
331	2	4691
331	0	332
331	2	4436
4839	2	4293
4839	2	4310
4839	2	4339
4839	2	4661
2954	4	1299
2954	7	139
2954	0	139
4401	2	4969
4401	2	4756
4401	2	4254
4401	2	4262
2338	2	4642
2338	2	4489
2338	2	4425
2338	2	5031
2338	2	4567
2338	2	4238
2338	2	4456
2338	2	5117
2338	0	892
906	0	279
906	4	333
1766	7	20
1766	4	2491
1766	0	249
6740	5	6741
5739	3	5177
5739	3	5520
38	9	8188
38	9	9076
38	0	39
38	9	10306
2757	8	7747
2757	0	424
2757	8	7656
4208	1	3860
2354	2	5105
2354	2	4914
2354	0	674
4970	2	4489
4970	2	4971
5615	3	5263
5615	7	83
5615	3	5339
5615	3	5256
5615	3	5179
2299	2	4254
2299	2	4492
2299	2	4504
2299	2	4558
2299	0	624
817	2	4757
817	0	818
817	2	4323
817	2	4748
817	2	4591
817	2	4819
817	2	4769
1714	0	243
1714	2	4787
1714	2	4577
1714	2	4952
1714	2	4273
1714	2	4378
5408	7	71
5408	3	5274
5408	3	5156
5408	3	5179
783	0	139
783	9	9452
783	9	8258
803	3	5172
803	3	5246
803	0	109
803	7	111
5226	3	5172
5226	3	5360
5226	3	5191
5226	3	5179
5226	3	5800
8575	9	8576
9407	9	9408
4935	2	4787
4935	2	4624
4935	2	4969
4935	2	5113
4935	2	4932
4935	2	4914
4935	2	4584
4935	2	4494
1293	0	17
1293	7	79
1293	4	6142
9635	9	9636
1821	3	5768
1821	3	5707
1821	0	89
1821	3	5494
1821	3	5239
1821	3	5441
1821	3	5179
5587	3	5179
5587	3	5211
5587	3	5443
5587	3	5400
6615	5	6479
6615	5	6616
3352	8	7683
3352	8	7835
3352	0	39
2560	4	3781
2560	0	533
3781	4	2560
3781	0	1547
6033	4	1214
6033	7	245
1214	0	917
1214	4	6033
5605	3	5432
5605	7	1478
5605	6	3831
5798	3	5764
5798	3	5441
5798	3	5682
5798	3	5676
5793	3	5721
5793	7	258
5793	3	5531
8210	9	8211
6393	5	6394
6451	9	8164
6451	5	6452
2379	2	4323
2379	2	4521
2379	2	4757
2379	2	4443
2379	2	4244
2379	2	4988
2379	2	4253
2379	0	818
7623	8	7677
7623	8	7665
7623	8	7736
924	9	8395
924	0	925
924	3	5503
4514	2	4937
4514	2	4769
4514	2	4324
4514	2	4291
6228	4	3236
6228	7	139
3236	4	6228
3236	0	644
7650	7	917
7650	8	7677
7650	8	7664
2930	0	28
2930	9	8453
6026	7	79
6026	4	6027
4551	2	4552
4551	2	4824
4551	2	5013
4551	2	4299
4551	2	4589
4551	2	4445
1913	0	101
1913	3	5172
1913	3	5181
1913	7	2556
8031	9	8696
8031	9	8032
3183	0	75
3183	7	79
3267	9	9174
3267	0	2133
3267	9	9591
3267	9	9535
3267	9	8325
4961	2	4918
4961	2	4787
4961	2	4489
4961	2	4492
2527	7	1577
2527	0	1577
2527	4	2436
3017	0	103
3017	4	3563
3017	7	139
1771	6	7460
1771	7	67
1771	0	67
962	0	228
962	4	3582
1371	0	79
1371	4	2890
7891	9	7892
7891	9	8675
7891	9	8520
4393	2	5087
4393	2	4769
4393	2	4847
4393	2	4324
4393	2	4757
4393	2	4253
4393	2	4357
4393	2	4702
9910	9	9911
9395	9	9396
6131	4	6132
6131	7	103
7568	7	2783
7568	8	7674
7568	8	7659
7568	8	7759
7568	8	7653
632	7	103
632	0	139
2171	0	240
2171	4	2212
2171	7	1478
10281	9	8135
4606	2	4853
4606	2	4615
4606	2	4430
4606	2	4690
4606	2	5015
1765	2	4557
1765	2	4591
1765	0	220
1765	2	4988
1765	2	4919
1765	2	4443
8780	9	8781
3058	8	7706
3058	8	7852
3058	0	30
3058	8	7743
59	3	5340
59	3	5635
59	0	60
9397	9	9398
3564	7	210
3564	0	101
3564	6	3884
3564	6	3924
3107	0	866
3107	9	1290
2599	0	139
2599	7	555
2599	9	8716
2941	4	2026
2941	0	295
2957	0	127
2957	4	2093
970	0	971
970	7	1401
970	9	8551
1571	0	1572
1571	4	3146
7822	8	7664
7822	8	7677
2022	9	9215
2022	7	1437
2022	0	275
2247	4	1435
2247	0	120
1435	0	139
1435	4	2247
3143	9	8380
3143	0	139
1208	0	1209
1208	8	7684
306	3	5225
306	3	5356
306	0	127
1259	7	79
1259	0	985
1259	4	6213
1259	4	2279
1259	4	373
1500	7	30
1500	0	265
5836	7	79
5836	3	5771
2808	7	55
2808	4	2573
2808	0	1880
9696	9	8103
9696	9	8137
1446	4	1406
1446	0	35
1406	0	35
1406	4	1446
7268	5	7269
8992	9	8993
4185	1	3822
4185	3	5310
3446	0	348
3446	4	2745
3363	3	5160
3363	3	5602
3363	0	925
3363	3	5503
6032	4	3905
6032	7	1493
537	8	7723
537	0	237
2295	3	5269
2295	9	9421
2295	0	3
8757	9	9763
8757	9	10019
5659	3	5455
5659	3	5237
5659	3	5339
2027	6	7453
2027	6	4057
2027	0	3
1786	9	9392
1786	9	9468
2756	0	390
2756	7	390
2756	9	10329
5985	4	1935
5985	7	2330
1935	4	5985
1935	7	2330
1735	2	4973
1735	0	424
1735	2	5072
1735	2	4598
1857	8	7653
1857	8	7654
1857	0	836
1468	0	1469
1468	7	1469
1468	8	7654
1468	8	7653
1468	8	7659
590	0	249
590	4	574
3984	3	5389
3984	7	316
3984	1	3985
8578	9	8579
2566	4	2888
2566	0	1204
2888	0	446
2888	4	2566
2627	0	139
2627	1	4004
2627	1	3886
2425	7	1478
2425	0	2426
3338	0	135
3338	4	3476
8125	9	8126
1220	8	7665
1220	8	7677
1220	0	247
5661	3	5247
5661	3	5349
5661	3	5271
4912	2	5139
4912	2	4627
4912	2	5067
4912	2	4913
4912	2	5001
2289	8	7665
2289	8	7677
2289	0	155
2311	7	3
2311	0	1403
2311	6	3855
4597	2	4642
4597	2	5124
4597	2	5011
4597	2	4598
10404	9	10405
5409	7	3202
5409	3	5382
5409	3	5198
2351	4	6002
2351	4	6260
2351	0	83
2351	7	79
4266	2	4447
4266	2	4589
4266	2	4893
4266	2	4629
4266	2	4615
4266	2	4236
4266	2	4690
3269	4	3142
3269	0	103
3142	0	470
3142	4	3269
1955	8	7803
1955	7	65
1955	0	1956
2813	7	1222
2813	5	6722
2813	0	111
3626	0	424
3626	2	5072
3626	2	4973
2128	7	79
2128	6	3850
2128	6	4057
6312	4	6311
6312	7	55
6311	4	6312
6311	7	555
2746	7	79
2746	0	103
2746	9	8346
1513	4	856
1513	0	89
856	0	89
856	4	1513
4879	2	5060
4879	2	4814
4879	2	5116
4879	2	4448
4879	2	4518
4879	2	4592
4879	2	4483
3398	2	4787
3398	2	4371
3398	0	2309
3398	2	4362
8018	9	8019
745	0	125
745	4	2427
3551	4	899
3551	0	139
899	0	757
899	3	5199
899	6	3848
899	6	3813
899	3	5444
899	4	3551
2395	4	6093
2395	0	1115
3484	7	139
3484	0	139
3484	6	7452
2642	0	308
2642	8	7653
2642	8	7659
3759	2	4310
3759	0	1953
2103	7	79
2103	0	143
5738	3	5867
5738	3	5339
5738	7	7520
5738	3	5172
6272	4	6271
6272	8	7721
6271	4	6272
6271	7	971
8517	9	8472
2157	3	5177
2157	6	3848
2157	3	5920
2157	0	83
2157	3	5459
3574	4	2364
3574	0	103
2364	4	3574
2364	0	135
6260	4	2351
6260	7	79
7626	7	295
7626	8	7723
9723	9	9724
3480	0	889
3480	6	3816
3480	6	3822
9606	9	8123
8507	9	8508
4750	2	4321
4750	2	4853
4750	2	4238
4750	2	4855
4750	2	4368
4750	2	4559
4750	2	4690
4750	2	4870
1992	4	6224
1992	8	7781
1992	7	7517
1992	0	295
1992	8	7724
1992	8	7672
8568	9	8569
997	3	5179
997	3	5300
997	3	5666
997	0	959
997	3	5191
1369	0	129
1369	6	3937
1369	7	540
2573	4	2808
2573	7	1493
2573	0	127
9616	9	9617
4765	2	4766
4765	2	5128
4765	9	7890
6063	4	2830
6063	7	79
2830	0	101
2830	7	28
2830	4	6063
7645	8	7665
7645	7	222
7645	8	7774
2567	8	7654
2567	4	606
2567	0	1929
2567	8	7659
7237	5	6662
2502	0	145
2502	4	1269
2052	0	2053
2052	8	7684
2052	7	848
2052	8	7665
2052	8	7677
3867	9	9662
978	4	2464
978	0	247
2464	4	978
2464	0	273
7498	7	139
7498	9	10066
2849	2	5064
2849	2	4657
2849	0	103
5766	7	388
5766	3	5513
5766	3	5428
5766	3	5767
8994	9	8995
8994	9	10387
385	1	3831
385	1	4111
385	6	4111
385	1	4099
385	1	3924
385	6	3924
385	0	386
385	1	4026
385	3	5673
1706	0	139
1706	4	2872
2561	4	2283
2561	0	330
2283	0	103
2283	4	2561
1896	7	1934
1896	9	9138
6280	8	7659
6280	4	2978
5283	3	5563
5283	7	9
5283	3	5727
5283	3	5397
4874	2	4253
4874	2	4291
4874	2	4386
4874	2	5001
4874	2	5124
4874	2	4703
3692	0	1654
3692	4	1415
6153	7	79
6153	4	2940
5913	3	5336
5913	3	5460
5913	3	5198
6877	5	6878
6877	5	6939
6042	7	648
6042	4	858
6259	7	240
6259	4	1288
2409	0	258
2409	7	386
8751	9	8752
1127	2	4324
1127	0	818
1127	2	4769
1127	2	4323
1127	2	4443
1127	2	4253
1127	2	4819
7319	5	7308
242	2	4821
242	2	4486
242	2	5027
242	2	4293
242	0	243
242	2	4624
242	2	4722
242	2	4262
3882	1	4094
3882	1	3894
3882	1	3957
8929	9	8930
7035	5	7036
530	4	324
530	0	30
3532	3	5744
3532	4	2908
3532	0	83
1517	2	5087
1517	2	4922
1517	2	5009
1517	2	4616
1517	0	1518
1517	2	4963
9349	9	9350
2215	9	10288
2215	0	2216
2215	7	779
3934	1	4137
3934	3	5310
7266	5	7267
3164	0	384
3164	4	1312
4340	2	4941
4340	2	4236
4340	2	4348
4340	2	4238
4340	2	4807
4340	2	4506
4340	2	4539
4340	2	4341
5608	3	5172
5608	3	5356
5608	3	5248
5585	3	5583
5585	3	5367
5585	7	757
5585	3	5177
5585	3	5195
5585	3	5378
2840	6	3845
2840	0	644
2840	7	7509
1964	4	2776
1964	0	529
2776	0	139
2776	4	1964
358	2	4586
358	2	4310
358	2	4764
358	0	359
4571	2	4735
4571	2	4489
4571	2	4254
4571	2	5115
4571	2	4705
4571	2	4506
3055	0	67
3055	6	3848
3055	6	3937
2383	9	9543
2383	0	145
3357	0	145
3357	4	2570
10170	9	10171
9381	9	9382
4898	2	4855
4898	2	4544
4898	2	5116
4898	2	4371
4898	2	4926
2107	7	30
2107	0	30
2107	9	9950
1940	4	548
1940	0	39
548	0	323
548	4	1940
2225	4	1623
2225	0	1817
6490	5	7374
6490	5	6491
6980	5	6944
1797	4	377
1797	0	1198
377	0	139
377	4	1797
2150	8	7659
2150	0	602
2150	8	7653
5857	3	5596
5857	3	5198
2012	3	5237
2012	3	5273
2657	4	3064
2657	0	30
3064	4	2657
3064	0	30
3064	4	29
9020	9	9021
7912	9	7913
5566	3	5709
5566	3	5215
5449	3	5179
5449	3	5256
9061	9	9062
1078	0	111
1078	4	776
4822	2	4390
4822	2	4584
4822	2	5116
4822	2	5071
4822	2	4400
4822	2	4756
4822	2	4735
4499	2	4639
4499	2	4254
4499	2	4270
4499	2	4821
4499	2	4661
4074	1	4121
4074	1	4075
7298	5	7081
1761	0	196
1761	4	1841
208	0	17
208	5	6854
208	7	15
1648	7	49
1648	3	5423
1648	0	648
1648	3	5775
1648	3	5172
5875	3	5632
5875	3	5224
5875	3	5580
8459	9	9677
8459	9	8660
8459	9	8460
8459	9	10095
1175	8	7677
1175	8	7684
3059	7	176
3059	0	176
3059	9	8620
2596	0	1357
2596	7	103
10494	9	9715
3371	3	5689
3371	3	5248
3371	0	145
3371	3	5199
549	3	5709
549	3	5215
8302	9	8303
1862	4	6246
1862	0	67
1862	7	79
6246	4	1862
6246	7	79
4162	1	4013
4162	1	4087
4982	2	5109
4982	2	4353
4982	2	4483
2079	2	4899
2079	2	4616
2079	2	5051
2079	0	57
2079	2	4353
2079	2	4906
1359	7	1241
1359	3	5249
1359	0	212
8056	9	8057
4587	2	4321
4587	2	4353
4587	2	4489
4587	2	4855
4587	2	4236
4587	2	4348
4587	2	4690
4587	2	4735
4587	2	4238
2889	0	1173
2889	6	3967
2889	6	3937
8334	9	8335
3740	2	4504
3740	0	77
3740	2	4273
3740	2	4270
3740	2	4586
3740	2	4590
3740	2	4621
3740	2	4486
257	2	5024
257	2	4741
257	2	4984
257	2	5103
257	2	4876
257	0	258
257	2	5131
8931	9	8932
3187	4	3379
3187	0	9
3187	7	9
2036	8	7654
2036	0	402
2153	0	424
2153	4	3735
3148	4	1543
3148	0	836
4595	2	4492
4595	2	4584
4595	2	5027
4595	2	5012
4595	2	4378
4595	2	4310
2967	7	7510
2967	0	125
6277	4	2260
6277	7	1617
2260	4	6277
2260	0	1266
3239	0	386
3239	8	7799
3239	8	7654
2394	7	667
2394	0	101
203	0	139
203	6	3937
203	6	3845
97	4	1512
97	0	67
1512	0	240
1512	4	97
7539	8	7742
7539	7	1753
5452	3	5503
5452	3	5453
5452	3	5160
10103	9	10104
6790	5	6791
1114	4	2869
1114	0	1115
2869	0	533
2869	4	1114
2869	7	667
3203	0	37
3203	8	7726
3203	8	7692
271	8	7778
271	8	7708
271	0	143
271	8	7730
2082	0	224
2082	4	1456
5519	3	5195
5519	3	5297
5519	3	5198
8782	9	8783
7602	8	7659
7602	8	7680
6945	5	6946
3043	4	64
3043	0	2059
64	0	65
64	4	3043
9335	9	9336
727	2	4238
727	2	4941
727	2	4236
727	2	5059
727	0	283
727	2	4552
727	2	4388
727	2	4663
727	2	4735
727	2	4348
2761	4	488
2761	0	2762
2761	7	1844
3780	7	316
3780	0	67
3780	6	3848
1884	0	83
1884	7	1115
1884	6	3831
1048	0	959
1048	3	5737
1048	3	5716
1048	3	5336
1048	3	5475
9681	9	9682
6643	5	6378
6847	5	6848
1602	1	4137
1602	1	4228
1602	0	1603
2940	0	55
2940	7	7510
2940	4	6153
2045	0	79
2045	4	931
3808	1	4214
3808	1	3809
5374	3	5198
5374	3	5475
5374	3	5179
27	7	210
27	0	28
27	6	3957
10217	9	10218
3204	0	785
3204	4	2864
3518	3	5340
3518	3	5378
3518	3	5670
3518	3	5198
3518	7	1361
3518	0	295
3631	4	3627
3631	0	149
3627	0	478
3627	4	3631
1618	0	376
1618	7	2875
4260	2	4929
4260	2	4936
4260	2	4691
4260	2	5056
1228	8	7654
1228	0	1229
1228	8	7720
4320	2	4899
4320	2	4321
4320	2	4819
4320	2	4885
4320	2	5106
4320	2	4986
4320	2	5004
6401	5	6402
5435	3	5247
5435	3	5349
5435	3	5271
5435	3	5774
5435	3	5309
5539	3	5689
5539	3	5497
5539	3	5356
5539	3	5248
5539	3	5468
2731	3	5179
2731	0	103
2731	3	5589
5334	3	5390
5334	3	5293
5334	3	5343
3555	4	2056
3555	0	421
2056	0	1071
2056	4	3555
2649	7	7493
2649	4	6218
2649	0	173
6027	4	6026
6027	7	79
1812	4	5991
1812	0	599
5991	7	308
5991	8	7653
5991	8	7659
5991	4	1812
5627	3	5490
5627	3	5358
3496	8	7653
3496	8	7659
3496	0	17
6179	4	1589
6179	4	1601
1380	0	155
1380	7	103
2784	0	139
2784	3	5179
2784	3	5172
2784	7	1667
755	0	602
755	4	2104
9787	9	9788
503	2	4496
503	2	4526
503	2	4735
503	2	4348
503	2	4238
503	0	370
503	2	4246
503	2	4321
503	2	4236
503	2	4663
503	2	4824
2114	8	7656
2114	0	32
2114	8	7685
2945	0	133
2945	4	1815
6023	4	3028
6023	8	7654
3725	2	4310
3725	2	4577
3725	0	2322
3725	2	4492
3725	2	4405
3725	2	4273
3725	2	4254
6883	5	6884
54	4	1698
54	0	55
1698	4	54
1698	0	55
3541	3	5228
3541	7	199
3541	0	101
3541	3	5673
3541	3	5172
3541	3	5796
5832	3	5414
5832	3	5426
1957	0	308
1957	4	1466
3216	0	3
3216	4	2655
5957	3	5179
5957	3	5198
5957	3	5256
1847	7	79
1847	0	869
1749	0	555
1749	4	239
2020	0	555
2020	9	9611
1780	0	424
1780	8	7708
1780	8	7730
1342	8	7654
1342	0	228
1342	8	7653
8844	9	8845
2143	0	323
2143	7	323
2143	4	2480
2108	0	28
2108	7	79
2108	4	1075
5200	7	71
5200	3	5382
5200	3	5198
5200	3	5367
5200	3	5177
5200	3	5195
2349	7	672
2349	0	672
2349	4	1308
4671	2	4915
4671	2	4559
4671	2	4627
4671	2	4577
4671	2	4833
4671	2	4913
1708	0	79
1708	4	6067
7433	6	4013
7433	7	30
7433	6	3937
3360	0	2525
3360	4	2717
742	0	196
742	4	3493
264	4	827
264	0	265
827	0	265
827	4	264
6044	4	2127
6044	4	733
6319	4	1910
6319	9	10408
1910	4	6319
1910	0	111
1788	7	79
1788	0	139
2483	0	424
2483	4	3745
3507	4	6229
3507	0	133
6229	7	89
6229	4	3507
5778	3	5228
5778	3	5474
5778	7	599
825	7	135
825	8	7655
825	0	826
9256	9	7398
9256	9	9318
8421	9	9525
8421	9	8422
6171	4	6170
6171	7	168
3192	3	5689
3192	3	5248
3192	0	424
761	0	762
761	4	932
5703	3	5198
5703	3	5191
6156	4	352
6156	7	2829
1036	0	145
1036	4	146
2336	3	5224
2336	3	5525
2336	3	5156
4534	2	5126
4534	2	4535
4534	2	4853
4534	2	4642
4534	2	4813
4534	2	4589
4534	2	4663
2517	9	8432
2517	9	10091
5898	3	5219
5898	7	559
5898	3	5256
5898	3	5179
3319	4	3422
3319	0	290
3422	4	3319
3422	0	608
9998	9	9999
2984	4	3277
2984	7	667
2984	0	836
3277	4	2984
3277	0	83
3747	7	149
3747	1	4097
3747	0	648
2093	8	7654
2093	8	7701
2093	4	2957
2093	0	103
2093	8	7813
1531	0	402
1531	4	422
6155	7	1478
6155	4	6154
8589	9	8680
8589	9	8590
6175	4	6145
6175	7	55
2469	6	3831
2469	0	139
5240	3	5342
5240	3	5396
5240	3	5179
5240	3	5290
5240	3	5241
5463	3	5395
5463	3	5520
5463	3	5172
5463	3	5670
5463	7	399
3582	4	962
3582	0	28
3469	0	384
3469	4	3524
1508	4	3703
1508	0	69
3703	0	894
3703	4	1508
1215	4	6143
1215	0	258
6143	5	7257
6143	4	1215
7203	5	7204
4805	2	4436
4805	2	4466
4805	2	4382
4805	2	4331
4805	2	4648
4805	2	4504
2780	0	542
2780	7	529
4311	2	4358
4311	2	4291
4311	2	4591
4311	2	4253
4311	2	4509
4311	2	4590
5856	3	5195
5856	3	5179
5856	7	75
9338	9	9339
8274	9	8275
1651	8	7685
1651	0	424
4692	2	4262
4692	2	5112
4692	2	4753
4474	2	4984
4474	2	5121
4474	2	4475
4474	2	4735
4474	2	4388
4474	2	4492
5700	3	5824
5700	3	5457
7410	5	7411
236	8	7672
236	0	237
236	8	7753
8978	9	8979
513	9	9202
513	9	8543
513	0	139
8789	9	8790
8789	9	8779
1016	4	2616
1016	0	170
2616	0	959
2616	4	1016
429	2	5072
429	2	5007
429	2	4430
429	0	424
429	2	4714
1917	0	67
1917	4	2694
7861	8	7672
7861	8	7724
2723	4	1305
2723	0	129
1305	0	129
1305	4	2723
9155	9	8881
9155	9	8509
7610	8	7664
7610	7	7561
3702	7	1006
3702	0	139
3702	6	3967
3702	6	7446
2846	0	30
2846	4	2953
598	8	7654
598	8	7653
598	8	7659
598	0	599
6686	5	6687
7569	8	7653
7569	8	7659
7569	7	3
2826	9	8026
2826	7	1478
2826	0	125
8896	9	8897
3735	4	2153
3735	0	424
1253	0	9
1253	7	605
10578	9	10579
2543	3	5746
2543	0	605
2543	3	5367
2543	3	5177
2543	3	5179
7122	5	7085
531	0	79
531	4	6072
3699	7	308
3699	0	139
3699	6	3848
2693	0	137
2693	4	3505
7201	5	7202
7412	5	6743
8593	9	8594
7815	8	7665
7815	8	7736
7815	8	7677
3491	4	473
3491	0	139
473	4	3491
473	0	301
7127	5	7325
7127	5	7128
2327	3	5520
2327	7	775
2327	0	390
4292	2	4818
4292	2	4293
4292	2	4586
4292	2	4639
4292	2	4873
765	1	4042
765	0	407
1554	7	83
1554	9	8524
1554	0	101
6819	5	6539
6051	7	79
6051	4	1318
3718	0	544
3718	4	543
9459	9	9460
2694	4	1917
2694	0	79
7596	7	597
7596	8	7833
7596	8	7807
7596	8	7731
890	3	5842
890	0	196
890	3	5890
890	3	5382
890	3	5198
166	4	862
166	0	30
862	4	166
862	0	863
665	0	79
665	4	3713
3105	0	30
3105	7	30
3105	4	6318
1733	7	721
1733	0	1405
2943	4	3015
2943	0	73
4355	2	4735
4355	2	4496
4355	2	4238
4355	2	4430
4355	2	4236
4355	2	4807
2326	4	919
2326	0	361
919	0	620
919	4	2326
3453	4	850
3453	0	648
850	4	3453
850	0	103
2900	4	6215
2900	0	83
6215	4	2900
6215	7	1478
6009	7	1042
6009	4	6008
6204	4	6205
6204	7	2417
6205	7	2417
6205	4	6204
259	3	5744
259	0	199
259	6	3813
259	6	3924
6050	7	838
6050	4	2750
282	0	283
282	8	7860
6988	5	6989
5772	7	258
5772	3	5340
5772	3	5607
5772	3	5721
5772	3	5268
954	4	2457
954	0	91
5712	3	5321
5712	3	5177
2061	0	120
2061	3	5188
2061	3	5228
2061	7	384
2061	3	5158
7936	9	10228
7936	9	9211
288	6	7436
288	0	147
5846	7	1945
5846	3	5847
8941	9	8942
3724	0	79
3724	3	5445
3724	3	5867
3724	3	5254
3724	7	2688
3724	3	5172
3724	3	5569
3724	3	5204
439	4	2833
439	0	55
2833	0	55
2833	8	7654
2833	8	7853
2833	4	439
6829	5	6830
3359	4	2198
3359	0	17
3359	7	139
3359	4	1247
2198	0	83
2198	7	79
2198	4	3359
6441	5	6442
10550	9	10551
3602	4	677
3602	0	674
677	7	75
677	0	75
677	4	3602
725	3	5707
725	0	240
725	3	5239
725	3	5246
2043	4	1764
2043	4	6208
2043	0	101
2043	7	79
1764	0	79
1764	4	2043
136	8	7737
136	0	137
136	8	7725
9667	9	9668
10513	9	10514
1593	3	5571
1593	3	5552
1593	6	3831
1593	3	5682
479	0	480
479	4	1069
8075	9	8076
855	1	3851
855	1	3937
855	0	301
3504	4	2660
3504	7	79
3504	0	79
2660	0	199
2660	4	3504
1075	0	553
1075	4	2108
7339	5	7340
403	4	3667
403	0	55
3667	0	388
3667	4	403
2662	2	4577
2662	2	4436
2662	0	243
2662	2	4726
2453	0	139
2453	9	10158
7497	8	7653
7497	8	7659
7497	7	308
4654	2	5070
4654	2	4655
4654	2	5093
4654	2	5125
4295	2	4904
4295	2	4831
4295	2	4330
4295	2	4296
4295	2	4445
2389	8	7659
2389	0	1164
2389	8	7653
973	0	301
973	8	7730
345	2	4865
345	2	5029
345	0	346
1984	0	79
1984	4	1626
6020	7	26
6020	4	1568
2983	6	4005
2983	0	240
2983	3	5423
10539	9	10540
3485	0	975
3485	7	111
692	0	147
692	3	5297
1440	7	79
1440	4	1507
1440	0	67
1023	3	5367
1023	3	5172
1023	0	55
1023	3	5686
9645	9	9646
2228	0	111
2228	4	1951
9835	9	9836
7592	7	2530
7592	8	7653
7592	8	7659
5678	9	8965
5678	9	8401
5678	3	5288
545	4	6193
545	0	55
6193	4	545
6193	4	983
2708	4	2039
2708	0	390
2039	0	667
2039	4	2708
7247	5	7248
5201	3	5733
5201	7	71
5201	3	5179
7464	6	7455
7464	6	7436
9351	9	9352
3713	4	665
3713	0	667
2089	0	1103
2089	8	7800
2751	0	79
2751	4	3438
8119	9	8607
8119	9	8120
8119	9	9760
8961	9	8962
1814	0	975
1814	4	1656
3505	0	137
3505	4	2693
7628	8	7866
7628	8	7654
7628	7	628
7628	8	7653
780	0	57
780	4	874
8805	9	8806
3425	0	139
3425	3	5520
3425	3	5395
3425	3	5172
3425	3	5571
10157	9	8135
2789	0	111
2789	3	5204
2789	3	5172
2789	7	605
2789	3	5569
7595	7	361
7595	8	7719
7595	8	7663
303	4	1681
303	0	265
1681	0	265
1681	4	303
4990	2	5103
4990	2	4378
4990	2	4352
4990	2	4764
3456	0	1622
3456	7	1622
3456	6	3870
5399	3	5400
5399	3	5443
2750	4	6050
2750	0	147
516	0	17
516	7	79
10345	9	10346
5593	3	5732
5593	3	5181
5593	3	5261
5593	3	5172
4505	2	4303
4505	2	4670
4505	2	4331
4505	2	5085
4505	2	4952
4505	2	4498
4505	2	4618
841	7	1361
841	0	103
4029	1	4030
5728	3	5577
5728	3	5259
2486	0	414
2486	9	9610
5213	3	5300
5213	3	5768
5213	3	5179
1672	8	7768
1672	0	301
2898	0	346
2898	4	393
1626	4	1984
1626	0	602
6632	5	6635
6632	5	6592
6632	5	6633
1441	0	681
1441	6	3870
1441	3	5725
1419	0	1044
1419	4	2772
2315	7	295
2315	0	2316
393	4	2898
393	0	346
3621	0	2316
3621	4	6141
6458	5	6459
2686	0	301
2686	4	3526
625	0	626
625	4	1333
5821	3	5497
5821	3	5248
5821	3	5356
5821	3	5809
2907	3	5767
2907	3	5513
2907	3	5428
2907	0	388
911	1	3846
911	1	4202
911	7	3202
911	0	103
317	0	30
317	4	3060
6320	6	3884
6320	7	53
6320	6	7439
8765	9	8766
9095	9	9096
4656	2	4652
4656	2	4657
4656	2	5102
4656	2	5019
3424	7	2122
3424	0	310
3424	8	7659
1194	2	4944
1194	2	4722
1194	2	4853
1194	2	4293
1194	0	283
1194	2	4496
1194	2	4526
1194	2	4303
1194	2	4818
1194	2	4735
3503	7	30
3503	0	30
3503	3	5949
3503	3	5423
3676	9	8062
3676	9	9673
3676	0	507
5735	3	5321
5735	3	5768
193	3	5179
193	7	103
193	0	194
3807	4	2843
3807	0	478
2843	4	3807
2843	0	83
9837	9	9647
1974	8	7783
1974	0	1622
1974	7	139
401	4	3026
401	0	402
4694	2	4641
4694	2	4494
4694	2	5055
4694	2	5088
4694	2	4387
4694	2	4994
873	8	7672
873	0	194
3998	1	3954
583	8	7665
583	8	7677
583	7	1704
583	0	103
583	8	7736
3060	4	317
3060	0	30
5498	7	463
5498	3	5179
2242	4	2952
2242	0	295
1341	0	1044
1341	7	1478
1196	7	79
1196	4	2636
1196	0	889
9257	9	9258
337	0	89
337	7	89
337	4	3662
2960	3	5172
2960	0	79
2960	3	5552
2960	3	5181
2287	7	79
2287	0	53
2095	0	424
2095	4	1685
1588	4	6190
1588	0	139
2163	4	3777
2163	0	139
3777	0	125
3777	4	2163
8270	9	8271
717	0	39
717	4	5973
201	8	7683
201	0	202
201	8	7654
7521	9	9301
7521	9	10121
7521	7	139
7521	9	9756
9087	9	9088
878	8	7653
878	8	7663
2040	9	8627
2040	9	9364
2040	0	67
6579	5	6580
2347	4	2366
2347	0	94
2366	4	2347
2366	0	185
2488	0	249
2488	7	3
3800	4	792
3800	3	5179
3800	3	5190
3800	3	5504
3800	0	1340
792	0	103
792	4	3800
1193	0	269
1193	7	143
1022	4	3149
1022	0	105
3149	0	644
3149	4	1022
712	4	2683
712	0	674
2683	0	381
2683	4	712
1451	6	7436
1451	0	149
5944	7	168
5944	4	6285
10429	9	10430
10267	9	10268
2229	0	290
2229	4	2308
7572	8	7663
7572	8	7653
7572	7	3
3970	1	4143
3970	1	4203
1252	0	30
1252	4	506
3068	0	9
3068	3	5181
3068	3	5172
3068	3	5651
1498	0	1361
1498	4	154
7635	7	79
7635	9	8966
7635	9	8121
7635	9	10339
8770	9	8771
7850	8	7668
7850	8	7701
7850	8	7813
2243	3	5177
2243	3	5378
2243	0	648
2243	7	1667
2243	3	5583
2243	3	5172
2243	3	5340
2243	3	5459
2997	4	1946
2997	0	2810
1946	4	2997
1946	0	426
5147	2	4928
5147	2	5142
5147	2	4584
4934	2	4238
4934	2	4853
4934	2	4589
1312	4	3164
1312	0	301
1741	0	139
1741	4	3538
5205	7	139
5205	3	5206
5205	9	10347
5205	3	5474
5205	9	9145
2538	4	3322
2538	0	1538
3322	4	2538
3322	0	1538
7789	8	7654
7789	8	7653
7789	8	7659
1658	0	1659
1658	4	6278
630	2	4436
630	2	4720
630	0	631
630	2	4577
630	2	4755
8969	9	8970
6055	4	2722
6055	7	7503
2935	9	10196
2935	7	11
2935	0	11
3741	7	2999
3741	0	103
3741	3	5596
3618	4	1649
3618	0	1572
1649	0	1572
1649	4	3618
1548	7	83
1548	0	101
1548	4	6040
1744	8	7659
1744	0	777
1744	8	7674
1744	7	898
4911	2	4699
4911	2	4486
4911	2	4558
4911	2	4933
4911	2	5089
4911	2	4618
8534	9	8535
2367	7	103
2367	0	139
575	4	1226
575	0	120
1226	4	575
1226	0	79
3383	6	3937
3383	6	7436
3383	0	1540
823	4	1630
823	0	3
1630	0	3
1630	4	823
9032	9	9033
4255	2	4256
4255	2	4663
4255	2	4642
1465	4	1201
1465	0	69
1201	0	67
1201	4	1465
235	4	6095
235	4	2801
235	0	139
235	7	1329
6095	4	5979
6095	4	235
6095	4	1919
1050	0	103
1050	4	3290
1050	7	696
9231	9	9232
4490	2	4496
4490	2	5038
4490	2	4236
4490	2	4506
4490	2	4348
4490	2	4642
1162	6	3848
1162	6	4204
1162	0	395
2427	4	745
2427	0	22
1019	2	4691
1019	2	4452
1019	0	1020
1019	2	4504
1019	2	5064
1019	2	4310
1019	2	4436
1019	2	4577
885	7	79
885	0	101
2768	3	5198
2768	0	426
2768	7	71
9388	9	9334
6077	7	103
6077	4	2353
5394	3	5535
5394	3	5670
5394	3	5395
5394	3	5177
5394	3	5387
7505	9	8542
7505	9	8196
3760	0	3
3760	7	139
3760	6	3870
9891	9	7958
8220	9	7990
7751	8	7780
7751	8	7817
7360	5	7361
2388	0	30
2388	7	863
7963	9	7964
3054	0	13
3054	4	1191
2646	0	1580
2646	7	1674
1827	0	39
1827	2	4549
1827	2	4786
1827	2	4344
1827	2	4714
1827	2	4528
1827	2	4915
2974	0	214
2974	7	529
535	4	1606
535	0	89
1606	4	535
1606	0	89
9515	9	9516
9515	9	9654
8861	9	8862
498	2	4389
498	0	499
334	3	5172
334	3	5177
334	0	199
334	3	5583
334	7	145
2956	0	79
2956	6	7453
2956	6	3884
6534	9	8058
6534	9	7990
4023	6	3848
4023	6	3814
6265	7	2004
6265	4	6264
2323	3	5268
2323	3	5228
2323	7	605
2323	3	5469
2323	0	1580
3057	4	3123
3057	0	889
218	6	3967
218	6	3813
218	0	173
1687	0	45
1687	4	44
10117	9	10118
7434	6	7436
7434	6	3831
733	0	139
733	4	6044
733	7	79
3161	0	143
3161	4	857
14	0	15
14	4	6268
7317	5	7318
6411	5	6412
2897	0	32
2897	8	7656
2897	8	7739
2897	8	7711
2897	8	7749
8778	9	8779
4280	2	4425
4280	2	4589
4280	2	4663
4280	2	4348
4280	2	4299
4280	2	4281
4280	2	4238
4280	2	4445
819	2	4621
819	0	381
819	2	4877
819	2	5055
819	2	4303
819	2	5045
2288	0	202
2288	8	7835
1057	4	2638
1057	3	5269
1057	0	1040
2638	4	1057
2638	7	79
2638	0	79
1037	4	979
1037	0	139
9457	9	9458
10068	9	10069
378	4	2080
378	0	379
4276	2	4471
4276	2	4848
4276	2	5064
4276	2	5106
4276	2	4479
7362	5	7363
3861	1	3862
3861	3	5172
1145	4	2226
1145	0	240
3242	0	275
3242	4	6238
3497	0	273
3497	7	139
3497	4	5994
1132	4	2231
1132	0	465
2231	4	1132
2231	0	381
6164	7	346
6164	4	1941
1378	4	6291
1378	0	295
3454	0	147
3454	4	3792
2166	0	3
2166	4	2006
6134	4	3140
6134	7	7525
3140	7	22
3140	4	6134
3140	0	173
3866	1	4033
3866	1	3867
3866	6	3848
398	7	15
398	0	399
398	6	3993
5533	3	5825
5533	3	5172
5533	3	5228
5533	7	111
5628	3	5172
5628	3	5367
280	3	5390
280	3	5328
280	3	5293
23	0	24
23	7	1659
5687	3	5208
5687	3	5330
5687	3	5163
3263	7	103
3263	9	8799
9580	9	9581
3448	0	253
3448	7	139
1119	0	1120
1119	4	1882
10581	9	8256
8112	9	8113
8112	9	9205
591	0	301
591	4	1035
4588	2	4567
4588	2	4893
4588	2	4589
4588	2	4921
4588	2	4238
4588	2	4663
4588	2	4853
3540	7	137
3540	9	8082
10276	9	10277
10454	9	10455
4050	1	4196
4050	1	3813
3656	4	2479
3656	0	69
4608	2	4933
4608	2	4492
4608	2	4469
4608	2	4944
4608	2	4691
4608	2	4382
8262	9	8263
5987	4	671
5987	4	2837
9109	9	9110
7851	8	7729
7851	8	7688
735	4	2821
735	0	736
2821	4	735
2821	0	480
8328	9	8329
5611	3	5214
5611	3	5248
5611	3	5360
7553	7	770
7553	8	7664
7553	8	7677
7553	8	7684
7904	9	7905
9272	9	9732
9272	9	9273
2555	4	976
2555	0	2556
976	0	779
976	4	2555
10500	9	10501
4838	2	4508
4838	2	4950
4838	2	4655
4838	2	4860
4838	2	4347
4838	2	5065
6078	4	2770
6078	7	149
2770	4	6078
2770	7	1287
2770	0	173
3390	8	7743
3390	8	7706
3390	0	13
6249	7	39
6249	4	6250
10242	9	10243
3662	4	337
3662	0	89
3022	9	9023
3022	0	69
6460	5	6461
6461	9	8055
74	9	10354
74	0	75
74	7	608
908	4	6214
908	0	103
6214	4	908
6214	7	283
7417	5	7418
7961	9	7962
2992	0	103
2992	4	347
8523	9	8524
6278	7	79
6278	4	1658
6084	7	1674
6084	4	2304
2703	0	22
2703	4	1373
3514	7	79
3514	0	101
2915	4	1921
2915	0	139
1784	8	7739
1784	8	7806
1784	8	7841
1784	8	7749
1784	0	32
6990	5	6991
2672	0	17
2672	4	1711
4438	2	4731
4438	2	4849
4438	2	4244
4438	2	4485
3291	0	1224
3291	4	3570
66	0	67
66	4	767
5555	3	5172
5555	3	5423
5555	3	5775
6075	8	7833
6075	4	3515
2908	0	101
2908	4	3532
6598	5	6599
6014	4	6013
6014	7	79
6013	4	6014
6013	7	168
5488	7	2829
5488	3	5489
897	7	1144
897	6	3884
897	0	898
3041	0	86
3041	4	3358
10592	9	9712
1068	4	150
1068	0	381
150	0	151
150	4	1068
5638	3	5379
5638	3	5382
561	4	1582
561	0	79
1582	0	69
1582	4	561
2817	3	5901
2817	3	5414
2817	0	295
6347	5	6348
9939	9	9940
8720	9	8348
8720	9	8636
10563	9	10564
1073	3	5179
1073	3	5172
1073	0	139
1073	3	5177
9493	9	9494
2458	0	133
2458	2	4387
2458	2	4904
2458	2	4339
2121	0	2122
2121	4	3272
2401	4	3645
2401	0	1006
3645	4	2401
3645	0	139
2412	8	7659
2412	8	7722
2412	0	1667
2412	8	7653
153	0	45
153	4	2506
2246	4	2968
2246	0	240
2968	4	2246
2968	0	111
9462	9	9463
7756	8	7654
7756	8	7737
3262	0	283
3262	8	7860
10495	9	10496
3367	3	5321
3367	3	5339
3367	3	5410
3367	3	5336
3367	0	149
3698	8	7733
3698	0	1229
3757	8	7677
3757	0	222
3757	8	7736
3757	8	7665
3408	2	4390
3408	2	4676
3408	2	4489
3408	2	4430
3408	2	5072
3408	0	424
3189	4	440
3189	0	2525
440	4	3189
440	0	441
737	0	738
737	3	5360
737	3	5172
737	3	5249
7810	8	7739
7810	8	7749
7810	8	7747
7810	8	7841
5873	3	5483
5873	3	5261
5873	3	5874
2541	4	1995
2541	0	139
1995	4	2541
1995	0	589
2511	2	4889
2511	2	4705
2511	0	1413
4826	2	4690
4826	2	4615
4826	2	5017
4826	2	4299
4826	2	4238
4605	2	4291
4605	2	4968
4605	2	4324
4605	2	4485
7492	7	705
7492	8	7720
354	4	680
354	7	168
354	0	67
354	4	532
680	0	681
680	4	354
1411	0	196
1411	1	3944
6961	5	6962
601	0	602
601	7	3
5967	3	5503
5967	4	6297
4795	2	4800
4795	2	4918
10006	9	10007
3370	9	8023
3370	7	139
3370	0	28
750	0	542
750	4	2422
1859	3	5315
1859	3	5341
1859	3	5187
1859	3	5356
1859	0	249
319	4	1873
319	0	139
319	7	2688
1873	7	139
1873	4	319
1873	0	17
9946	9	9947
3604	4	2668
3604	0	602
3000	4	1264
3000	0	1178
1264	4	3000
1264	0	83
1828	8	7715
1828	0	1829
1828	8	7654
1828	8	7655
931	4	2045
931	0	17
3483	4	6011
3483	0	183
6011	4	3483
6011	7	79
5556	3	5682
5556	3	5391
5556	3	5261
5556	3	5249
8008	9	8009
8717	9	8718
6997	5	6998
7169	5	7170
9379	9	9380
9733	9	9734
1363	6	3831
1363	3	5589
1363	0	139
1363	6	3848
1363	7	67
1363	3	5610
8734	9	8123
6160	7	73
6160	4	2647
3788	4	3200
3788	0	79
3788	7	1094
3200	0	310
3200	4	3788
6472	5	6350
6472	5	6685
2654	6	7430
2654	0	1654
2654	6	3845
2331	0	386
2331	4	3137
1490	3	5172
1490	1	3814
1490	1	4011
1490	0	299
1490	3	5243
1490	7	1289
2142	3	5682
2142	0	290
2142	3	5665
5752	3	5656
5752	3	5745
7241	5	7242
1244	4	715
1244	0	17
1244	6	4160
715	0	3
715	4	1244
7124	5	7125
10525	9	10526
7043	5	7044
9107	9	9108
8556	9	8557
1254	4	3274
1254	0	975
3274	0	139
3274	4	1254
9660	9	9661
7148	5	6876
2580	3	5187
2580	0	463
4417	2	4310
4417	2	4586
4417	2	4424
4417	2	4577
4417	2	4279
3258	4	2411
3258	0	1982
2411	4	3258
2411	0	1982
759	0	540
759	4	864
2423	0	83
2423	3	5172
5907	3	5293
5907	3	5390
4404	2	4469
4404	2	5102
4404	2	4736
4404	2	4450
4404	2	4405
4404	2	4873
6083	7	103
6083	4	2016
2054	2	4865
2054	2	5109
2054	2	4906
6241	7	1042
6241	4	2964
584	4	3523
584	0	388
3523	0	388
3523	4	584
495	4	6200
495	0	496
495	7	1478
6200	4	495
6200	7	1478
3220	8	7750
3220	7	323
9134	9	9776
9134	9	9135
9804	9	9805
2823	7	79
2823	4	2439
2823	0	125
6007	7	137
6007	4	1364
8490	9	8491
8490	9	8863
6803	5	6804
8248	9	8249
6159	4	6158
6159	7	105
6158	7	105
6158	4	6159
2676	6	7436
2676	0	3
4088	1	4089
2847	7	57
2847	0	57
2847	9	9291
546	7	485
546	0	485
546	9	9887
5230	3	5179
5230	3	5682
7801	8	7684
7801	8	7677
4229	1	4230
922	0	923
922	4	1188
2969	2	4740
2969	2	4688
2969	2	4993
2969	2	5052
2969	0	11
1076	6	3937
1076	0	1077
1076	6	3855
5908	3	5868
5908	3	5179
5908	3	5443
5372	3	5348
5372	3	5520
5372	3	5177
1570	4	977
1570	0	139
977	4	1570
977	0	843
6610	5	6611
6610	5	7068
3231	3	5172
3231	0	30
3231	3	5949
3231	3	5423
1989	7	3250
1989	0	384
1373	0	199
1373	4	2703
284	8	7682
284	8	7776
1886	0	94
1886	7	79
2734	0	118
2734	1	4211
5829	7	133
5829	6	3837
3278	0	2653
3278	4	903
2641	6	3878
2641	6	3858
2641	0	103
585	9	8697
585	9	10282
585	9	8336
5784	3	5249
5784	7	71
5784	3	5261
5784	3	5379
7648	9	10229
7648	9	10159
7648	9	9665
7648	7	729
3069	6	7459
3069	6	7446
3069	0	928
3146	0	1047
3146	4	1571
5484	3	5415
5484	3	5521
2773	4	1520
2773	0	79
1520	4	2773
1520	0	139
497	4	3388
497	0	101
3388	4	497
3388	0	139
10337	9	10338
1105	4	6035
1105	0	55
1105	7	79
134	4	2792
134	0	135
1800	6	4066
1800	3	5389
1800	0	1198
915	0	20
915	4	3605
6713	5	6714
2948	3	5179
2948	0	648
2948	3	5211
1719	0	971
1719	4	2557
8601	9	8602
8309	9	8310
6581	5	6582
1350	4	3632
1350	0	295
3632	4	1350
3632	0	456
7578	8	7677
7578	8	7790
2063	4	6108
2063	0	79
2055	0	196
2055	4	2639
2055	7	245
3432	0	139
3432	4	178
8518	9	8519
1791	3	5367
1791	0	139
5914	4	960
5914	3	5847
960	4	5914
960	0	103
9308	9	9309
1665	4	3182
1665	0	139
1665	7	79
3182	4	1665
3182	0	17
7984	9	10059
7984	9	7985
9239	9	9240
1711	4	2672
1711	0	1292
1308	4	2349
1308	0	672
8406	9	8407
3042	0	1556
3042	8	7724
3042	8	7781
3042	8	7753
2972	0	101
2972	6	3848
254	0	139
254	4	6220
36	3	5176
36	7	47
36	0	37
36	3	5444
2195	0	89
2195	4	3077
2195	7	667
8071	9	8072
6389	5	6390
2739	2	4549
2739	0	39
2739	2	4915
2739	2	4833
2100	3	5199
2100	7	71
2100	6	3843
2100	0	125
6289	7	103
6289	4	1070
5925	3	5163
5925	3	5208
5925	3	5457
453	0	454
453	7	210
3331	7	103
3331	0	103
3331	4	2944
6341	5	6750
6341	5	6342
8457	9	8458
706	0	26
706	4	172
4086	3	5249
4086	1	3871
4086	3	5356
4086	3	5634
4086	3	5464
903	0	602
903	4	3278
5008	2	5087
5008	2	4766
5008	2	4904
5008	2	5009
5008	2	4296
3903	1	4227
3903	1	3904
1343	2	4589
1343	2	4735
1343	2	4555
1343	2	4853
1343	0	1344
1343	2	4522
1732	4	2497
1732	0	1561
2497	4	1732
2497	0	1361
6725	5	6726
7621	7	463
7621	9	8319
2191	0	103
2191	7	103
2191	3	5256
2191	3	5198
2191	3	5179
2191	3	5339
2628	4	2674
2628	0	1421
2674	4	2628
2674	0	779
1613	2	4303
1613	2	5062
1613	0	1028
1613	2	4621
5421	3	5475
5421	3	5179
415	7	168
415	0	173
2430	8	7706
2430	8	7743
2430	0	45
6110	7	1478
6110	4	1180
1247	7	79
1247	0	79
1247	4	3359
6231	4	1488
6231	7	301
3253	0	187
3253	3	5179
3253	3	5256
3253	7	1493
1871	3	5336
1871	3	5172
1871	0	139
1871	3	5410
6593	5	6594
8810	9	8912
8810	9	8811
10567	9	10568
7082	5	7083
2697	4	1533
2697	0	605
1533	4	2697
1533	0	1115
1533	8	7653
2611	0	681
2611	4	887
3163	4	6128
3163	0	55
7970	9	7971
6521	5	6522
2539	8	7659
2539	8	7653
2539	0	139
3719	4	6307
3719	0	101
7547	8	7848
7547	8	7663
7547	7	3
7547	8	7674
7547	8	7719
7547	8	7783
2689	3	5596
2689	0	1596
3038	4	2965
3038	0	111
7877	9	7878
7922	9	7923
7922	9	8934
7922	9	8175
4218	1	3852
4218	1	4219
6751	5	6752
6751	5	7334
8652	9	8653
9690	9	9691
10395	9	10396
4568	2	4849
4568	2	4489
4568	2	4824
4568	2	4741
4568	2	4853
4568	2	4456
4568	2	4236
6035	4	1105
6035	7	7520
4550	2	4310
4550	2	4558
4550	2	4492
4550	2	4559
4550	2	4621
4550	2	4933
4550	2	4498
1315	0	1316
1315	8	7659
1315	8	7653
226	0	103
226	4	380
4517	2	5114
4517	2	4448
4517	2	4518
3137	0	103
3137	4	2331
1655	0	567
1655	3	5208
1655	3	5330
1655	3	5163
567	5	7134
3623	4	870
3623	7	605
3623	0	139
7643	9	10247
7643	9	8689
10014	9	10015
10060	9	10061
2318	4	3638
2318	0	348
3638	4	2318
3638	0	2070
2735	7	402
2735	0	30
3490	3	5250
3490	3	5341
3490	0	176
3490	3	5225
7074	5	7075
1056	0	301
1056	2	4726
1056	2	4570
6583	5	6601
6583	5	6378
3720	4	2170
3720	0	1198
2170	4	1309
2170	0	125
2170	4	3720
6889	5	6890
1863	7	3415
1863	4	2798
1863	0	9
3733	3	5426
3733	3	5775
3733	0	435
3779	2	5090
3779	0	424
3779	2	4565
466	7	277
466	0	277
466	8	7821
592	0	111
592	3	5172
592	7	139
592	3	5243
592	3	5179
6266	4	186
6266	8	7778
186	4	6266
186	0	187
102	0	103
102	4	6065
102	7	139
3782	4	2523
3782	0	1982
2523	0	1982
2523	4	3782
6250	4	6249
6250	7	39
939	8	7749
939	0	940
939	8	7679
1159	0	923
1159	4	1822
858	0	648
858	4	6042
1262	0	194
1262	7	295
1721	3	5198
1721	0	247
1721	3	5179
1721	3	5325
1721	3	5248
1721	3	5315
1721	3	5225
1721	3	5535
1721	3	5689
1721	3	5529
1721	3	5497
1721	3	5468
3256	0	139
3256	7	1667
8836	9	8837
5968	3	5535
5968	3	5325
3403	9	8921
3403	0	3
730	9	9542
730	7	168
730	0	99
1922	6	3813
1922	0	889
1922	6	7435
72	3	5170
72	3	5503
72	3	5317
72	3	5198
72	3	5602
72	3	5195
72	0	73
72	3	5542
7678	8	7749
7678	8	7841
7678	8	7679
7678	8	7739
9907	9	9908
2506	4	153
2506	0	45
8204	9	8205
2785	0	681
2785	4	1643
2094	0	295
2094	3	5179
2094	3	5198
2094	3	5321
3655	0	55
3655	4	3678
2222	6	3987
2222	6	4149
2222	0	101
2852	4	296
2852	0	2853
296	0	245
296	4	2852
2690	0	83
2690	4	2793
8156	9	8157
447	2	4759
447	2	4876
447	2	4250
447	0	258
447	2	4313
42	0	43
42	4	1499
6067	4	714
6067	4	1708
714	0	384
2130	0	388
2130	4	3073
9577	9	9578
10041	9	10042
5197	3	5198
5197	3	5800
307	4	2732
307	0	308
2732	4	307
2732	0	1654
3548	4	886
3548	0	424
3548	7	424
886	0	424
886	4	3548
1352	0	53
1352	4	1106
1382	8	7692
1382	0	189
1382	8	7787
7597	7	245
7597	8	7677
7597	8	7665
7597	8	7664
7597	8	7736
2465	0	685
2465	4	2484
1729	9	10077
1729	7	9
1729	0	9
3660	8	7659
3660	0	28
2828	0	2829
2828	4	1276
1642	0	139
1642	7	7534
951	0	597
951	4	1697
10211	9	10212
7707	8	7730
7707	8	7708
93	4	2277
93	0	94
2277	0	196
2277	4	93
6141	4	3621
6141	7	485
722	7	103
722	0	674
10476	9	10477
6264	7	2004
6264	4	6265
1013	4	56
1013	0	57
56	4	1013
56	0	57
56	8	7785
5647	3	5195
5647	7	2306
3476	4	3338
3476	0	2133
7732	8	7679
7732	8	7749
7732	8	7656
7732	8	7739
4220	1	4206
1713	7	13
1713	0	30
3056	4	3197
3056	0	69
3197	0	1417
3197	4	3056
4139	7	2875
4139	1	4180
4139	1	3870
1980	3	5169
1980	0	1469
1980	3	5177
1980	1	3967
1980	1	4204
2239	8	7778
2239	8	7768
2239	0	2240
9497	9	9498
1703	0	1704
1703	4	801
1200	4	2769
1200	0	265
2769	4	1200
2769	0	499
594	7	79
594	0	273
2639	4	2055
2639	0	245
2877	0	123
2877	6	3848
7180	5	7181
256	0	139
256	8	7866
10182	9	10183
857	0	269
857	4	3161
2005	0	301
2005	8	7768
2005	8	7778
3539	9	9683
3539	0	605
2725	0	1357
2725	7	650
2725	8	7697
9034	9	9035
68	0	69
68	7	69
68	4	1123
3021	0	111
3021	7	139
622	0	292
622	2	4592
622	2	4448
10542	9	8143
10330	9	10331
6263	7	1316
6263	4	6262
3561	0	330
3561	3	5215
6094	4	1334
6094	7	1945
1334	0	1335
1334	4	6094
1334	3	5847
1334	7	1945
2014	0	79
2014	7	79
2014	4	2692
2308	4	2229
2308	0	2309
6015	7	103
6015	4	6016
2622	1	3846
2622	0	892
2622	7	1405
1816	3	5310
1816	0	1817
333	0	279
333	4	906
304	4	2071
304	0	305
2071	4	304
2071	0	101
3387	4	2190
3387	0	101
1480	4	5974
1480	0	1071
8869	9	8553
6255	7	253
6255	4	2526
6299	4	2113
6299	7	230
2113	7	224
2113	0	139
2113	4	6299
3635	4	3013
3635	0	149
3013	4	3635
3013	0	79
2235	0	17
2235	4	2612
7172	5	6741
4812	2	4291
4812	2	4885
4812	2	4323
4812	2	4350
6986	5	6987
2010	8	7684
2010	0	196
8186	9	8187
6872	5	6873
3916	1	3917
3916	1	4001
360	4	2368
360	0	361
2368	4	360
2368	0	103
6963	5	7234
6963	5	6964
3739	0	139
3739	7	139
3739	6	3884
2603	4	2002
2603	4	5979
2603	0	17
2002	0	478
2002	7	79
2002	4	2603
952	8	7785
952	0	57
5388	3	5516
5388	3	5336
1553	4	1818
1553	0	165
3470	4	2540
3470	0	1403
2540	0	101
2540	4	3470
1924	0	1
1924	1	3848
1924	1	3954
2455	4	3701
2455	0	1357
3701	0	299
3701	4	2455
4195	1	3929
1634	3	5237
1634	0	137
1634	3	5425
1634	3	5169
1634	3	5177
1634	3	5348
5690	3	5250
5690	7	626
2463	4	3649
2463	0	79
1874	0	3
1874	4	6085
2355	4	930
2355	0	388
930	0	388
930	4	2355
3020	0	125
3020	4	847
2728	3	5607
2728	7	2799
2728	0	2729
1920	8	7659
1920	8	7653
1920	0	384
9870	9	9871
5461	7	224
5461	3	5460
5461	3	5682
5461	3	5172
9104	9	9105
9104	9	9819
6238	7	1561
6238	4	3242
1325	0	168
1325	7	79
1139	0	125
1139	4	3376
9808	9	9809
5292	7	202
5292	3	5206
3678	4	3655
3678	0	55
7312	5	7313
1685	0	424
1685	4	2095
7264	5	6530
1683	4	12
1683	0	13
12	0	13
12	4	1683
3610	7	658
3610	6	3957
3610	0	28
9767	9	9768
6914	5	6750
5780	3	5293
5780	3	5390
2528	0	139
2528	2	4814
2528	2	4592
2528	2	5060
2528	2	4448
3486	4	568
3486	0	273
568	4	3486
568	0	79
9757	9	9758
5419	3	5247
5419	3	5349
5419	3	5271
5932	3	5195
5932	3	5389
6308	7	2126
6308	4	2125
2893	4	2659
2893	0	30
2659	4	2893
2659	0	1982
2439	4	2823
2439	0	139
1496	6	7448
1496	6	7436
1496	0	45
2985	4	2257
2985	0	79
2257	4	2985
2257	0	139
2467	4	5993
2467	0	139
2467	7	168
2207	0	848
2207	4	1923
4224	1	4225
3316	4	525
3316	0	13
525	4	3316
525	0	13
6118	7	55
6118	4	2432
2815	0	917
2815	4	215
3180	3	5330
3180	3	5163
3180	7	470
3180	3	5208
3180	3	5166
3180	0	168
7863	8	7790
7863	8	7677
7863	8	7664
5559	3	5163
5559	3	5457
6462	5	6463
874	4	780
874	0	501
10147	9	10148
8260	9	8261
661	4	2106
661	0	662
2106	0	83
2106	4	661
1881	0	105
1881	4	2356
6766	5	6767
9821	9	9822
10215	9	10216
1192	3	5179
1192	3	5580
1192	0	237
7976	9	7977
2471	0	101
2471	4	2127
2949	4	6006
2949	0	2950
6006	4	2949
6006	7	295
1567	4	2855
1567	0	1538
3683	4	1268
3683	0	605
1268	0	139
1268	4	3683
2522	0	542
2522	3	5745
8998	9	8999
8085	9	8086
1070	4	6289
1070	0	1071
6894	5	6368
2104	0	454
2104	4	755
8089	9	8090
10122	9	10123
8956	9	8957
7745	8	7659
7745	8	7653
7745	8	7728
7745	8	7866
3947	1	3948
3947	1	3813
3947	6	3813
3672	6	3870
3672	6	3813
3672	0	240
6029	7	1664
6029	4	6030
6708	5	6709
4168	1	4130
1416	4	2712
1416	0	1417
1699	0	424
1699	8	7711
6136	7	555
6136	4	6135
2990	0	542
2990	7	79
2990	8	7653
3680	8	7686
3680	4	6296
3680	0	1641
3586	7	185
3586	0	17
2547	0	424
2547	4	2931
3942	1	4073
3942	1	3943
3942	1	4027
6220	7	168
6220	4	254
448	2	4893
448	2	4553
448	2	4986
448	0	449
448	2	4388
448	2	4824
2304	0	139
2304	4	6084
5839	6	3924
5839	6	3870
5839	3	5246
2490	8	7659
2490	8	7653
2490	0	139
8218	9	8219
2301	4	2305
2301	0	103
7582	9	9156
7582	9	8144
7582	9	10310
7582	7	2049
10318	9	10319
8683	9	8511
9489	9	9490
3437	3	5224
3437	3	5580
3437	0	674
3437	3	5198
3437	7	7501
684	4	3778
684	0	685
3778	4	684
3778	0	243
422	4	1531
422	0	402
926	4	3622
926	0	642
9747	9	9748
697	7	247
697	0	151
697	8	7665
697	8	7677
2046	0	775
2046	4	774
543	4	3718
543	0	544
8239	9	7993
6915	5	6505
1815	0	133
1815	4	2945
1489	3	5228
1489	0	454
1489	3	5363
1489	7	168
458	0	459
458	7	402
2720	0	101
2720	4	3528
7380	5	7381
8437	9	9779
8437	9	8438
10081	9	9265
4106	6	3889
4106	1	4107
4106	6	3813
2406	3	5342
2406	0	589
2406	7	555
2406	3	5525
25	0	26
25	4	731
1368	0	3
1368	8	7720
1368	8	7654
5345	3	5177
5345	3	5195
5345	3	5505
5345	3	5542
5345	7	73
5333	3	5268
5333	3	5198
5333	3	5256
3705	0	1
3705	4	434
6753	5	6754
1707	0	139
1707	4	3598
3031	3	5824
3031	0	880
3031	3	5163
3031	3	5802
5361	3	5362
5361	3	5444
1014	4	1255
1014	0	308
1255	4	1014
1255	0	301
767	0	308
767	4	66
5514	9	9324
5514	4	5750
6191	7	7503
6191	4	1978
2337	0	79
2337	7	7503
574	0	301
574	4	590
4118	1	4119
6453	5	6647
6453	5	6454
2779	0	17
2779	4	3298
8581	9	8582
2519	0	83
2519	7	139
9770	9	8886
6587	5	6588
1923	4	2207
1923	0	196
1620	0	1335
1620	4	5990
3121	3	5339
3121	3	5237
3121	3	5455
3121	0	137
2702	2	4931
2702	0	1743
3075	3	5367
3075	3	5256
3075	0	55
3075	7	55
1197	0	1198
1197	4	1302
8818	9	8819
804	7	1518
804	0	540
804	4	3762
5823	3	5179
5823	3	5224
5823	3	5198
7943	9	7944
7570	8	7753
7570	8	7724
7570	8	7672
7570	7	194
2636	0	898
2636	4	1196
7757	8	7684
7757	8	7677
6302	7	89
6302	4	3303
8046	9	8047
3715	3	5169
3715	0	3415
3715	3	5520
3715	3	5340
3435	7	139
3435	0	139
3435	6	3870
3435	6	3831
8359	9	8360
5530	3	5531
5530	7	456
5530	3	5501
5530	3	5721
5530	3	5268
436	8	7778
436	7	269
436	8	7730
436	0	143
9483	9	8699
3285	7	57
3285	0	57
3285	4	1372
8170	9	8171
5979	7	79
5979	4	6095
5528	3	5179
5528	3	5529
10163	9	10164
10163	9	10272
8027	9	8028
6072	4	531
6072	7	168
3773	0	224
3773	4	3106
9608	9	9609
1326	0	1327
1326	4	3648
5973	4	717
5973	7	39
7240	5	7177
1051	0	1052
1051	4	1304
3543	7	103
3543	0	2408
3238	4	1389
3238	0	390
7613	8	7720
7613	7	705
6710	5	6711
1304	4	1051
1304	0	199
4373	2	4624
4373	2	5004
4373	2	4528
4373	2	4254
4373	2	4714
4373	2	4986
577	4	2265
577	0	79
910	7	446
910	0	446
910	6	7469
7300	5	6629
5861	3	5682
5861	3	5825
6016	4	6015
6016	7	168
9595	9	9596
9121	9	9122
7618	8	7664
7618	8	7677
5722	7	71
5722	3	5198
10023	9	6503
7330	5	7331
5579	3	5224
5579	3	5241
5579	3	5580
2617	0	139
2617	3	5725
2617	4	3246
3088	0	83
3088	4	6197
6208	4	6209
6208	4	2043
8081	9	8082
9832	9	9833
7285	5	7286
2526	4	6255
2526	0	125
6167	4	1895
6167	4	2775
1895	7	79
1895	0	101
4015	1	4016
4015	1	4153
4015	1	3969
2476	4	6314
2476	0	9
6314	4	2476
6314	7	485
566	0	567
566	3	5247
8035	9	8036
2590	4	383
2590	0	1393
383	4	2590
383	0	384
7550	8	7677
7550	8	7790
8820	9	8821
10519	9	10520
556	9	8502
556	7	79
7382	5	7383
10456	9	10457
2007	4	431
2007	0	245
431	4	2007
431	0	432
3369	4	6300
3369	0	149
6300	4	3369
6300	7	79
6831	5	6832
8900	9	8901
4159	1	4160
1063	4	2160
1063	0	301
2160	0	83
2160	4	1063
2160	7	79
2605	9	8592
2605	7	79
2605	0	79
2605	9	9564
927	6	3884
927	6	7425
927	0	928
6001	7	1844
6001	4	1494
9638	9	9639
9638	9	9133
3689	2	5007
3689	2	4441
3689	0	424
3689	2	4735
3689	2	4598
3689	2	4921
9955	9	9956
5834	3	5410
5834	3	5243
5834	3	5339
5834	3	5682
6554	5	6744
6554	5	7262
6554	5	6555
1257	0	674
1257	3	5198
1257	1	3840
3685	0	1020
3685	4	766
6240	7	17
6240	4	2529
233	8	7654
233	8	7653
233	0	234
7347	5	7348
2982	0	529
2982	4	3617
6817	5	6818
7277	5	6649
5612	3	5847
5612	3	5158
5612	3	5188
5612	3	5238
5612	3	5228
2285	4	3228
2285	7	1547
2285	0	139
2545	7	1344
2545	0	295
6892	5	6577
6892	5	7192
6892	5	6438
9306	9	9307
1656	0	79
1656	4	1814
2452	0	1902
2452	9	10577
1715	4	1725
1715	0	101
1573	8	7806
1573	8	7654
1573	0	424
1573	8	7685
3106	0	139
3106	4	3773
2640	0	139
2640	4	80
6310	7	79
6310	4	6309
347	4	2992
347	0	348
3288	0	101
3288	4	2282
1536	4	3694
1536	0	139
8361	9	8362
10375	9	10376
2643	4	2552
2643	0	103
2552	0	20
2552	4	2643
1151	0	103
1151	4	3431
753	3	5689
753	3	5248
753	0	463
753	3	5315
1290	0	520
9537	9	9538
1381	0	1028
1381	6	3973
1381	3	5469
7615	7	388
7615	9	7972
7615	9	9994
6304	7	39
6304	4	3732
4144	1	4047
4144	6	7474
4144	1	3967
2615	4	2019
2615	0	99
1275	8	7659
1275	8	7653
1275	0	120
7326	5	6979
5777	3	5179
5777	3	5868
5777	7	103
5777	3	5198
6927	5	6928
1313	0	245
1313	2	4559
1313	2	4378
1313	2	4262
3583	4	1742
3583	0	57
1742	4	3583
1742	0	1743
2647	0	73
2647	4	6160
2645	2	4604
2645	2	4735
2645	0	424
2645	2	4496
2645	2	5090
2645	2	4813
5806	3	5356
5806	3	5172
6805	5	6806
6805	5	6679
2296	4	1370
2296	0	1266
1370	0	258
1370	4	2296
1730	7	985
1730	0	985
2996	4	629
2996	0	139
276	0	277
276	6	7431
276	7	258
276	3	5340
276	3	5177
309	4	3785
309	7	79
309	0	310
3785	4	309
3785	7	79
3785	0	1222
3209	6	3845
3209	0	139
3209	6	3973
5036	2	4847
5036	2	4627
6025	8	7697
6025	7	650
229	0	230
229	4	297
8486	9	8487
8768	9	8769
9877	9	9878
7587	8	7790
7587	7	7561
7587	8	7677
7589	8	7731
7589	7	1272
7589	8	7721
5299	3	5502
5299	3	5469
5299	3	5179
5299	3	5177
468	0	258
468	7	71
468	3	5198
5159	7	330
5159	3	5160
5159	3	5179
3116	0	199
3116	4	1637
6096	4	6097
6096	7	55
6097	4	6096
6097	7	55
3744	2	4430
3744	0	940
3744	2	5006
3744	2	4526
8822	9	8823
8288	9	8289
8288	9	8899
580	4	1322
580	0	168
1322	0	79
1322	4	580
587	0	13
587	8	7846
2904	4	1716
2904	0	125
1716	4	2904
1716	0	69
3244	0	555
3244	6	3870
3244	6	3813
7369	5	7370
3282	0	628
3282	4	338
10045	9	10046
2350	0	1008
2350	7	555
3502	7	101
3502	0	679
2634	9	8074
2634	0	139
2634	3	5725
8698	9	8699
9642	9	9643
2753	4	3716
2753	0	330
3716	4	2753
3716	0	13
7554	8	7720
7554	8	7654
7554	7	705
3063	3	5202
3063	0	529
3063	3	5688
6570	5	6450
820	0	388
820	4	3155
2591	0	101
2591	3	5343
7194	5	6496
1509	2	4758
1509	2	4293
1509	2	4641
8730	9	8731
2587	7	83
2587	3	5172
2587	0	147
2587	3	5673
2587	6	3850
4852	7	1266
4852	2	4849
9749	9	9750
9749	9	10410
9599	9	9600
988	0	265
988	4	2572
8639	9	8640
2262	0	540
2262	4	1868
3155	4	820
3155	0	299
10141	9	10142
5306	3	5825
5306	3	5179
5306	3	5490
6468	5	6469
2310	4	1889
2310	0	555
1889	4	2310
1889	0	1026
10107	9	10108
10465	9	10466
6132	4	6131
6132	7	135
2964	0	55
2964	7	55
2964	4	6241
1637	4	3116
1637	0	17
7178	5	7179
5456	3	5163
5456	3	5208
5456	3	5457
5456	3	5802
1883	3	5198
1883	3	5179
1883	0	1361
5886	3	5315
5886	3	5497
5886	3	5187
10382	9	10383
8145	9	8146
396	0	101
396	7	555
6168	4	6169
6168	7	3
6169	4	6168
6169	7	3
3932	1	3852
3932	1	3878
3932	1	3933
3578	3	5206
3578	0	3579
3578	3	5960
921	7	848
921	0	848
921	8	7665
6369	5	6370
2570	0	1659
2570	4	3357
3531	0	139
3531	9	8551
3531	9	7958
3520	4	1918
3520	0	1538
3306	7	103
3306	0	83
1892	4	327
1892	0	1287
327	4	1892
327	0	328
6339	5	6340
7870	9	7871
3386	2	4966
3386	2	4496
3386	2	4589
3386	2	4735
3386	2	4348
3386	0	283
1248	8	7706
1248	0	13
7306	5	6775
1372	4	3285
1372	7	57
1372	0	57
6269	4	6270
6269	7	529
6270	7	79
6270	4	6269
872	1	4085
872	1	4174
872	0	139
1330	4	1131
1330	0	149
2227	5	6982
2227	7	147
1294	0	196
1294	1	3858
1294	1	3909
1294	3	5358
1294	3	5490
1661	7	975
1661	0	975
1661	9	10063
10607	9	10608
1864	8	7684
1864	0	163
1864	8	7677
2399	0	13
2399	4	1600
1621	6	3870
1621	7	1622
1621	0	1622
2801	4	235
2801	7	125
2801	0	103
368	4	1532
368	0	308
1532	0	1403
1532	4	368
9816	9	9817
7007	5	6466
7105	5	7106
1180	4	6110
1180	0	17
1180	7	168
1043	3	5194
1043	3	5838
1043	3	5315
1043	0	1044
1043	3	5212
1043	3	5248
8286	9	10024
8286	9	8287
2072	3	5676
2072	3	5179
3493	4	742
3493	0	247
1600	0	13
1600	4	2399
2749	4	754
2749	0	573
754	0	573
754	4	2749
3584	7	1272
3584	0	597
2182	0	69
2182	4	1682
6247	7	2426
6247	4	571
10113	9	10114
6742	5	6743
10585	9	8285
2664	4	1436
2664	0	103
1436	4	2664
1436	0	1437
1285	0	852
1285	4	6189
1848	0	485
1848	8	7753
1848	7	295
128	4	3122
128	0	129
3122	4	128
3122	0	79
9692	9	10552
9692	9	9693
9036	9	9037
1722	4	427
1722	0	1723
1866	0	17
1866	4	538
8658	9	8659
2414	0	2415
2414	4	3751
7187	5	7188
698	0	176
698	4	1319
2944	4	3331
2944	0	729
2314	4	2508
2314	0	308
10086	9	10087
678	0	679
678	7	679
678	9	10225
3601	9	8388
3601	9	10407
3601	0	573
2165	6	7474
2165	0	308
2165	6	3886
5304	3	5246
5304	3	5286
5304	3	5235
4856	2	5116
4856	2	4908
4856	2	5031
8383	9	8384
3108	9	10554
3108	0	985
3108	9	10156
2284	3	5243
2284	3	5768
2284	0	237
8902	9	8903
6188	8	7659
6188	7	129
6188	4	6187
689	0	69
689	3	5410
689	3	5246
1386	7	3
1386	3	5225
1386	0	648
1386	3	5583
1386	3	5378
7473	6	3954
7473	6	3967
7473	6	3822
7951	9	7952
8705	9	8604
3930	1	3931
6693	5	6694
2006	0	301
2006	4	2166
3198	0	573
3198	6	7444
3198	6	3979
6657	5	6658
2154	4	1320
2154	0	402
1320	0	79
1320	4	2154
7611	7	424
7611	8	7656
6106	7	168
6106	4	1018
9826	9	9827
5785	6	3831
5785	7	7542
5785	3	5387
2117	8	7753
2117	0	1577
146	0	147
146	4	1036
2658	4	1875
2658	0	426
1583	4	3673
1583	0	253
3673	4	1583
3673	0	89
9229	9	9230
10559	9	10560
8292	9	8293
7560	8	7665
7560	7	7561
7560	8	7736
6477	5	6478
816	6	3814
816	7	139
816	0	139
5959	9	9782
5959	3	5960
1994	9	8503
1994	7	139
1994	0	17
8870	9	8871
10130	9	10131
3036	9	9970
3036	7	2602
3036	0	2602
8852	9	8853
5818	6	4149
5818	3	5490
3335	0	1277
3335	4	3679
3982	1	3983
3648	0	1327
3648	4	1326
3832	1	3833
3077	4	2195
3077	7	79
3077	0	168
2253	0	605
2253	4	3259
2607	0	1006
2607	8	7659
6630	5	6631
2979	9	7905
2979	0	135
2979	3	5288
2149	7	79
2149	0	176
2422	0	1224
2422	4	750
3920	1	3921
887	4	2611
887	0	139
1274	6	7461
1274	0	17
1274	6	3848
3303	4	6302
3303	0	89
5127	2	5138
5127	2	4389
1682	0	101
1682	4	2182
6230	7	139
6230	4	2255
1663	4	3271
1663	0	1664
9619	9	9620
5517	3	5602
5517	3	5503
5517	3	5160
3177	9	10146
3177	0	359
6879	5	6880
1499	0	43
1499	4	42
1232	0	137
1232	4	1760
1001	9	8767
1001	0	101
1001	9	9373
1001	3	5953
7092	5	7093
3751	0	370
3751	4	2414
7215	5	7216
1172	0	1173
1172	4	3391
3587	1	3915
3587	1	3841
5148	9	7890
5148	2	4931
6178	4	1803
6178	7	168
2862	9	10210
2862	0	45
2862	9	10326
2375	4	3708
2375	0	47
3708	4	2375
3708	0	47
1952	4	1638
1952	0	1953
1638	4	1952
1638	0	624
2874	4	6100
2874	0	2875
1542	0	361
1542	4	6129
2152	9	8306
2152	0	202
2152	7	202
8973	9	8974
6800	5	6801
5699	3	5332
5699	3	5577
2745	4	3446
2745	0	2070
3030	7	258
3030	6	7431
3030	0	463
2440	8	7656
2440	0	424
1354	0	139
1354	4	2881
7108	5	7109
6867	5	6868
6867	5	6681
2848	8	7679
2848	0	424
2848	8	7749
9797	9	9798
2275	4	3576
2275	0	894
3576	0	454
3576	4	2275
6828	5	6410
3126	4	6313
3126	0	424
3126	7	55
2250	3	5172
2250	0	1753
8665	9	8666
2864	4	3204
2864	0	2865
8830	9	8831
1106	0	101
1106	4	1352
7549	7	295
7549	8	7753
7549	8	7672
10390	9	8611
4744	2	4629
4744	2	4663
4744	2	4650
4744	2	4456
4744	2	4285
4744	2	4787
4744	2	4526
4744	2	4489
7320	5	6637
5427	3	5751
5427	3	5428
5427	3	5513
6576	5	6577
2978	8	7653
2978	8	7659
2978	4	6280
2978	0	99
6082	7	30
6082	4	6081
7078	5	7079
538	4	1866
538	0	139
800	0	308
800	8	7659
800	8	7653
6475	5	6476
5631	3	5378
5631	3	5339
5631	3	5417
7713	8	7653
7713	8	7659
4658	2	4496
4658	2	4570
2115	0	139
2115	9	9558
2115	7	1439
5609	3	5339
5609	3	5459
5609	3	5172
1422	4	6317
1422	0	103
6317	4	1422
6317	7	1020
1134	7	1135
1134	0	1135
1134	6	7459
6183	7	2521
6183	4	668
9563	9	8920
774	0	775
774	7	775
774	4	2046
6337	5	6338
7212	5	7213
7865	8	7653
7865	8	7803
7865	8	7674
7131	5	7132
9254	9	9255
7536	8	7720
7536	7	705
8116	9	8117
5175	3	5415
5175	3	5176
5175	3	5521
2791	0	196
2791	7	1753
2791	8	7667
2791	8	7795
8753	9	8754
3898	1	3899
9802	9	9803
6760	5	6761
2509	0	13
2509	8	7846
1754	3	5224
1754	1	4039
1754	3	5198
1754	0	143
9699	9	9700
9789	9	9790
9687	9	9688
2678	4	3185
2678	7	103
2678	0	103
3185	0	103
3185	4	2678
10043	9	10044
1302	4	1197
1302	0	1303
389	4	3178
389	0	390
1171	0	664
1171	4	2524
1377	7	1118
1377	0	1118
4031	1	4032
2822	6	3836
2822	0	1287
8669	9	8670
7176	5	7177
1362	0	79
1362	4	6089
3136	0	510
3136	8	7743
3136	8	7788
3136	8	7706
853	7	79
853	0	139
5711	3	5602
5711	3	5160
5711	3	5335
2356	0	28
2356	4	1881
7356	5	6637
3450	8	7659
3450	7	2556
3450	0	1115
3450	8	7653
3195	0	1956
3195	7	1956
3195	8	7653
10518	9	9221
7400	5	6582
6276	4	1891
6276	7	67
2099	0	79
2099	4	702
3671	4	1482
3671	0	149
1482	0	1483
1482	4	3671
8109	9	8110
1901	5	7280
1901	0	1902
1901	7	199
1789	8	7677
1789	8	7664
1789	0	245
3389	4	2870
3389	0	94
2870	4	3389
2870	0	1483
2913	7	55
2913	0	55
2913	9	7876
994	0	995
994	8	7677
6895	5	6896
6070	4	6069
6070	7	137
6069	4	6070
6069	7	137
3326	3	5247
3326	3	5309
3326	0	419
1552	6	3957
1552	0	111
1552	6	3848
7120	5	7121
6642	5	6476
9294	9	10058
9294	9	9295
8098	9	8099
5961	3	5363
5961	3	5172
5961	3	5389
5961	7	757
10320	9	10321
7344	5	7345
2692	7	79
2692	4	2014
2692	0	139
7281	5	7282
8614	9	8615
5458	3	5656
5458	3	5202
5458	3	5259
3926	1	3927
3926	3	5335
3926	3	5460
9447	9	9448
6976	5	7060
6976	5	6977
964	0	73
964	4	3413
6682	5	6423
9534	9	8148
5291	3	5681
5291	3	5754
5291	3	5379
5291	3	5191
5878	3	5771
5878	3	5328
8856	9	8857
9892	9	9893
297	0	199
297	4	229
9344	9	9345
8725	9	8726
8725	9	8882
3004	6	3884
3004	0	125
3004	6	3848
3004	7	555
8399	9	8400
3651	0	79
3651	4	2583
3972	1	3973
3972	1	3870
1212	4	318
1212	0	30
318	0	30
318	4	1212
8925	9	8926
3607	7	605
3607	0	638
3607	3	5682
3607	4	2473
5167	3	5313
5167	3	5682
5642	3	5504
5642	3	5179
6571	5	6572
3677	0	176
3677	4	2903
8879	9	9541
8879	9	8880
6116	7	2004
6116	4	6117
8644	9	8645
2772	4	1419
2772	0	301
8827	9	8828
3104	4	752
3104	0	55
752	4	3104
752	0	55
3669	0	265
3669	8	7856
3669	8	7842
8479	9	8480
4095	1	4096
7426	7	392
7426	6	3848
1557	8	7684
1557	7	103
1557	0	196
2583	4	3651
2583	0	3
990	3	5179
990	3	5177
990	0	139
8213	9	8214
8890	9	8891
6480	5	6459
5879	3	5160
5879	4	3312
3340	4	2179
3340	0	55
7100	5	7101
7004	5	7005
2612	0	79
2612	4	2235
223	4	1210
223	0	224
1210	0	79
1210	4	223
3199	5	6537
3199	5	6423
3199	0	57
7149	5	6691
483	0	149
483	7	1385
7910	9	7911
1875	4	2658
1875	0	1080
1838	0	277
1838	4	746
10294	9	10295
7760	8	7835
7760	8	7683
7793	8	7708
7793	8	7730
1392	0	1393
1392	7	83
10030	9	10031
10590	9	10591
3173	0	83
3173	6	3957
3173	6	3937
8067	9	8068
3391	4	1172
3391	0	308
3805	8	7653
3805	0	602
3805	8	7659
3616	0	101
3616	4	6180
3616	4	2082
10194	9	10195
8877	9	8878
9223	9	9224
3157	0	43
3157	4	2755
7336	5	7150
6209	7	139
6209	4	6208
9206	9	9207
8922	9	8923
2097	0	83
2097	7	1478
2097	4	107
3281	6	7448
3281	7	3169
3281	0	2924
3073	4	2130
3073	0	388
2575	1	3827
2575	0	995
1123	4	68
1123	0	139
1709	6	3848
1709	0	67
1597	0	69
1597	4	6123
9151	9	9152
1657	3	5328
1657	0	308
1657	3	5293
10336	9	7875
1861	0	103
1861	4	3230
7088	5	7089
8628	9	8629
6325	5	6326
10000	9	10001
1174	0	463
1174	8	7821
1174	8	7658
3266	0	170
3266	3	5194
3266	3	5468
2685	0	914
2685	4	2034
6776	9	9663
6776	5	6777
2748	4	3529
2748	0	1028
2755	0	43
2755	4	3157
3290	4	1050
3290	0	610
4652	5	6466
7574	7	199
7574	8	7653
7574	8	7654
9903	9	9904
1269	0	852
1269	4	2502
4116	1	3937
8416	9	8417
9925	9	9926
1734	6	7436
1734	0	105
1734	6	7425
1191	0	13
1191	4	3054
1926	0	1241
1926	4	1856
6397	5	6398
1963	6	7448
1963	0	1458
1963	6	7436
1963	7	137
3996	3	5177
3996	1	3997
5623	3	5389
5623	3	5367
3533	7	139
3533	0	1224
3533	9	8065
1856	0	212
1856	4	1926
10250	9	10251
6327	5	6328
1494	4	6001
1494	0	83
3372	0	2530
3372	4	2895
972	4	3255
972	0	779
3255	4	972
3255	0	9
6695	5	6696
8865	9	8866
8865	9	10432
6162	4	670
6162	7	168
3687	0	224
3687	3	5269
174	0	75
174	4	2966
2811	0	125
2811	4	3640
6282	7	1178
6282	4	356
9085	9	9086
8867	9	8868
7000	5	7001
7000	5	7117
8029	9	8030
7263	5	7173
6333	5	6334
373	0	101
373	4	1259
8332	9	8036
1853	0	370
1853	4	369
9005	9	9006
2717	0	1844
2717	4	3360
3617	0	147
3617	4	2982
380	4	226
380	0	381
10359	9	10360
6487	5	6488
3668	4	1412
3668	0	1413
7094	5	7095
2837	4	5987
2837	0	370
3825	1	3826
5422	7	245
5422	3	5681
5422	3	5224
5422	3	5179
5422	3	5241
121	7	7503
121	9	8889
121	0	83
5790	3	5389
5790	7	555
9753	9	9754
6511	5	6512
6196	4	6195
6196	7	667
6195	4	6196
6195	7	79
6197	7	1164
6197	4	3088
2489	4	6046
2489	0	105
6666	5	6667
8372	9	8373
1697	4	951
1697	0	1272
3727	4	272
3727	0	63
7839	8	7830
7839	8	7677
1796	0	265
1796	6	3870
1796	3	5747
9026	9	9027
5346	3	5321
5346	3	5571
5346	3	5177
702	0	79
702	4	2099
5496	3	5817
5496	3	5247
3205	8	7682
3205	8	7776
3563	0	3
3563	7	852
3563	4	3017
5945	3	5602
5945	3	5503
5945	7	388
5945	3	5160
2798	4	1863
2798	0	2799
7069	5	7070
8723	9	8724
1760	4	1232
1760	0	137
1841	0	125
1841	4	1761
7189	5	7190
9942	9	9542
6669	5	6670
6669	5	7204
2484	0	147
2484	4	2465
3775	0	139
3775	4	3287
7605	9	8904
7605	7	390
3246	0	129
3246	4	2617
6689	5	6690
2432	4	6118
2432	0	2309
10291	9	10292
3974	1	4003
3974	1	3975
3974	1	4071
3974	6	3865
3553	4	2031
3553	0	265
2031	0	43
2031	4	3553
477	9	8709
477	0	478
477	7	838
6038	7	3
6038	4	6039
1466	4	1957
1466	0	894
9863	9	9864
9325	9	9326
6285	4	5944
6285	7	79
2084	4	2906
2084	0	1222
3438	4	2751
3438	0	1934
4017	1	4018
6113	7	39
6113	4	3430
10612	9	10613
3709	8	7675
3709	8	7746
3709	0	2316
2218	0	69
2218	9	10010
2218	9	9582
7372	5	7373
10504	9	10505
5905	3	5464
5905	3	5535
6262	4	6263
6262	7	399
3049	0	602
3049	4	2494
776	4	1078
776	0	777
10535	9	10536
6556	5	6474
6556	5	6557
3679	0	1385
3679	4	3335
1916	0	555
1916	4	2710
178	4	3432
178	0	28
934	8	7668
934	8	7654
7307	5	7308
10112	9	8835
10340	9	8716
2144	4	2650
2144	0	139
6432	5	6433
9952	9	8745
6936	5	6368
9727	9	10139
9727	9	9728
1759	2	4925
1759	2	5043
1759	2	4939
7283	5	7284
6519	5	6396
6519	5	6520
6519	5	6675
9399	9	9400
1530	2	5151
1530	2	4889
1530	0	1413
1530	2	5054
10135	9	10136
8178	9	8179
6430	5	6431
1168	7	770
1168	8	7684
1168	0	381
8794	9	8795
7154	5	7155
6540	5	6541
2814	0	510
2814	1	3937
2814	1	3871
8315	9	8316
10202	9	10203
6142	7	1385
6142	4	1293
6548	5	6549
7019	5	7020
8408	9	8409
2585	0	13
2585	4	936
9565	9	9566
6628	5	6629
746	0	277
746	4	1838
1415	4	3692
1415	0	67
2825	7	3
2825	9	9634
2825	0	1044
2655	0	3
2655	4	3216
3524	4	3469
3524	0	105
7579	8	7659
7579	7	3
7579	8	7653
3732	4	6304
3732	7	55
3732	0	55
8300	9	8301
7271	5	7272
6495	5	6496
8469	9	8470
10119	9	10120
2332	0	655
2332	4	1690
1763	3	5177
1763	7	1287
1763	0	79
1868	4	2262
1868	0	1417
8127	9	9707
8127	9	8128
3225	4	2303
3225	0	757
2303	0	249
2303	4	3225
10618	9	10619
3418	0	602
3418	6	3845
2531	0	395
2531	4	3477
3168	0	3169
3168	4	3471
7288	5	7289
936	4	2585
936	0	13
3471	0	602
3471	4	3168
6975	5	6364
3495	4	6157
3495	0	798
6157	7	798
6157	4	3495
7113	5	7114
3999	1	3960
3999	3	5339
3999	1	4073
663	4	2861
663	0	664
2861	0	1880
2861	4	663
9495	9	9496
8692	9	8693
7625	7	139
7625	8	7653
528	0	529
528	6	4083
528	7	149
6	3	5391
6	0	7
6	7	105
7163	5	6505
5715	3	5716
5715	3	5737
5715	3	5336
6902	5	6903
8548	9	8549
6645	5	6646
7563	9	9183
7563	7	417
5476	3	5172
5476	3	5243
5476	7	94
3139	0	118
3139	3	5288
7831	8	7683
7831	8	7811
7831	8	7703
8366	9	8367
2279	4	1259
2279	0	89
1970	4	1187
1970	0	139
1187	7	79
1187	0	55
1187	4	1970
6254	7	139
6254	4	3229
10516	9	10517
6640	5	6641
29	4	3064
29	0	30
3279	0	13
3279	3	5855
7641	8	7663
7641	8	7674
7641	7	3
8975	9	8976
1374	8	7749
1374	0	424
1966	9	7973
1966	0	1130
1978	0	139
1978	4	6191
8246	9	8247
8419	9	8420
7389	5	7390
2881	4	1354
2881	0	139
6296	4	3680
6296	8	7753
1558	4	167
1558	0	79
167	4	1558
167	0	168
10190	9	10191
9812	9	9813
5966	9	8667
5966	7	139
5966	9	9208
5966	3	5269
3310	0	540
3310	4	3650
3787	1	3865
3787	0	889
3787	1	3850
7484	6	7427
7484	7	55
7484	6	7479
9844	9	9845
3397	0	71
3397	3	5172
3397	3	5281
3397	7	103
7612	8	7659
7612	7	336
7612	8	7653
3550	0	2049
3550	7	667
397	0	139
397	4	3214
7135	5	7136
1033	0	79
1033	4	2520
7449	6	3924
7449	6	3822
7449	7	605
3762	4	804
3762	0	540
3762	7	1518
1865	4	1129
1865	0	672
1029	0	381
1029	7	103
10005	9	3256
1594	9	9990
1594	7	1478
1594	0	79
2494	4	3049
2494	0	602
9631	9	10175
9631	9	9632
6435	5	6436
10003	9	10004
2219	9	10598
2219	7	139
6391	5	6392
9169	9	9170
2473	4	3607
2473	0	173
6972	5	6408
9423	9	9424
3622	4	926
3622	0	273
10264	9	10265
1882	4	1119
1882	0	73
5982	7	667
5982	4	5983
2883	4	1849
2883	0	1340
1849	4	2883
1849	0	103
10482	9	10483
5329	3	5330
5329	3	5824
5329	3	5163
5329	3	5457
5329	3	5802
5329	3	5208
5412	3	5389
5412	3	5172
5412	3	5160
5972	7	3
5972	3	5651
5972	6	7482
992	4	2899
992	0	388
10237	9	10238
6778	5	6779
9701	9	9702
9830	9	9831
10016	9	10017
3570	0	1224
3570	4	3291
9015	9	9016
6612	5	6613
5629	7	139
5629	3	5464
5629	3	5378
5629	3	5170
9481	9	9482
1799	0	79
1799	4	3300
2359	6	7459
2359	6	7446
2359	0	605
5314	3	5335
5314	3	5179
3737	0	139
3737	7	139
3737	9	8691
687	0	71
687	1	3834
687	3	5607
687	7	258
7226	5	7208
7208	5	7209
50	0	51
50	4	464
9731	9	7993
6874	5	6728
10244	9	8509
8172	9	8173
10511	9	10512
1906	0	28
1906	4	1398
666	0	667
666	3	5235
666	3	5475
2890	0	301
2890	4	1371
3071	9	9118
3071	7	137
6151	4	6152
6151	7	168
3259	4	2253
3259	0	67
9800	9	9801
6187	4	6188
6187	7	139
5990	4	1620
5990	7	1945
5695	3	5338
5695	3	5621
6660	5	6661
9523	9	9524
5801	7	94
5801	3	5682
5801	6	3814
10530	9	10531
1808	0	17
1808	4	2042
3019	7	667
3019	4	1615
3019	0	1222
8710	9	8711
6654	5	6655
5903	3	5179
5903	3	5733
154	0	155
154	4	1498
10207	9	10208
2529	0	2530
2529	4	6240
8414	9	8415
1035	0	301
1035	4	591
8069	9	8070
8014	9	8015
7564	7	79
7564	9	8712
7564	9	8230
10609	9	10610
9434	9	8157
10098	9	8472
3006	0	57
3006	4	2680
2839	0	610
2839	3	5552
2839	3	5179
2839	7	53
2839	3	5198
9191	9	9192
7758	8	7674
7758	8	7653
7758	8	7803
7758	8	7759
8531	9	8532
6227	4	1474
6227	7	914
2085	2	5019
2085	2	4504
2085	0	2086
6875	5	6876
2578	0	103
2578	4	2407
10160	9	10161
9203	9	9204
2407	4	2578
2407	0	2408
6127	7	2521
6127	4	6126
9451	9	9452
5994	4	3497
5994	7	139
558	4	3002
558	0	559
3002	4	558
3002	0	1229
6795	5	6796
10124	9	10125
80	0	81
80	4	2640
7045	5	7046
1718	4	6005
1718	0	55
6005	4	1718
6005	7	55
986	0	196
986	4	3597
9968	9	9969
8321	9	8322
7304	5	7305
1467	0	101
1467	4	1559
8887	9	8888
434	0	435
434	4	3705
7223	5	7224
6363	5	6364
839	6	3884
839	6	7481
839	0	83
8391	9	8392
8512	9	8513
10391	9	10392
7351	5	7352
9551	9	9552
10379	9	10380
10441	9	10442
6292	7	139
6292	4	1471
3074	0	139
3074	4	3213
7066	5	6792
6973	5	6974
9709	9	9710
5845	3	5195
5845	3	5486
7987	9	7988
7115	5	6647
10008	9	10009
3132	4	2291
3132	0	305
9625	9	9626
6236	4	6235
6236	7	650
6235	4	6236
6235	7	1753
2280	6	7455
2280	0	96
1455	4	329
1455	0	330
1987	4	1507
1987	0	1222
1987	7	79
7346	5	6356
6688	5	5120
9412	9	9413
9927	9	9928
464	4	50
464	0	465
6481	5	6482
62	0	63
62	4	3273
1005	0	1006
1005	4	2470
6373	5	6374
9066	9	9067
8892	9	258
9289	9	8837
6058	4	993
6058	7	103
993	4	6058
993	0	441
6071	7	57
6071	4	3407
7126	5	6421
2903	4	3677
2903	0	176
9738	9	9739
6154	4	6155
6154	7	667
6213	4	1259
6213	7	89
10447	9	10448
6840	5	6841
8735	9	8736
3640	4	2811
3640	0	139
215	0	196
215	4	2815
10565	9	10566
1607	4	469
1607	0	1204
9212	9	7889
8785	9	8786
1281	4	423
1281	0	424
423	4	1281
423	0	424
8255	9	8256
3876	1	3816
10304	9	10305
801	0	139
801	4	1703
190	0	191
190	4	3748
488	4	2761
488	0	489
6984	5	6792
3300	0	2530
3300	4	1799
6268	4	14
6268	7	1478
2572	0	43
2572	4	988
1245	7	1032
1245	0	1032
1245	6	7465
941	8	7824
941	0	597
941	8	7721
8834	9	8835
7196	5	7197
3260	9	8980
3260	0	779
3260	7	779
3113	4	996
3113	0	83
996	4	3113
996	0	336
600	0	39
600	8	7817
600	8	7703
600	8	7683
7029	5	7030
2872	0	79
2872	4	1706
10205	9	10206
7485	9	9644
7485	7	83
10177	9	10178
9991	9	9992
1240	0	1241
1240	9	9456
1240	7	779
9896	9	9897
7895	9	7896
4067	1	4068
1826	9	10378
1826	7	1674
1826	0	83
338	4	3282
338	0	139
7938	9	7939
2953	4	2846
2953	0	30
5904	7	2306
5904	3	5389
5904	3	5404
7528	8	7659
7528	7	2783
7528	8	7653
5545	3	5271
5545	3	5309
8510	9	8511
7008	5	7009
9556	9	9557
10333	9	10334
7403	5	7404
4060	1	3848
9982	9	9983
2895	0	83
2895	4	3372
7141	5	7036
9570	9	9571
369	0	370
369	4	1853
2436	4	2527
2436	0	1577
7959	9	7960
6509	5	6510
9499	9	9500
9852	9	9853
9069	9	9070
9614	9	9615
9859	9	9860
10096	9	10097
2695	9	9775
2695	7	137
8078	9	8079
8984	9	8985
4205	1	4037
7076	5	7077
7948	9	7949
1690	0	975
1690	4	2332
8748	9	8140
8010	9	8011
10296	9	10297
9341	9	8835
3477	4	2531
3477	0	83
8370	9	8371
10620	9	8906
1951	0	9
1951	4	2228
7315	5	7316
9513	9	9514
8732	9	8733
1590	4	3130
1590	0	30
8208	9	8209
10092	9	9700
10092	9	10093
5277	3	5281
5277	3	5179
6816	5	7174
9823	9	9824
1024	0	79
1024	4	2601
6445	5	6446
6917	5	6918
900	4	1506
900	0	901
1506	0	901
1506	4	900
1045	0	9
1045	8	7654
1045	7	3
7755	8	7660
7755	8	7792
3859	1	3860
10199	9	10200
9900	9	9901
6564	5	6565
6564	5	6891
8199	9	8200
8199	9	9572
3856	1	3857
1819	0	1820
1819	4	2410
2371	8	7684
2371	0	381
3792	0	975
3792	4	3454
8776	9	8777
1333	4	625
1333	0	626
4164	1	4165
938	4	6267
938	0	395
6267	7	438
6267	4	938
9330	9	9331
6387	5	6388
7957	9	7958
7296	5	7297
6833	5	6834
3911	1	3912
6030	4	6029
6030	7	1664
6923	5	6924
2793	0	149
2793	4	2690
1549	6	4204
1549	0	880
1549	6	3870
3413	4	964
3413	0	388
6965	5	6966
3598	0	109
3598	4	1707
8842	9	8843
2579	8	7821
2579	0	1432
6652	5	6653
2966	4	174
2966	0	1028
2568	0	196
2568	8	7684
9227	9	9228
3817	1	3818
7413	5	7414
1555	9	7978
1555	7	485
1555	0	1556
9491	9	9492
1398	4	1906
1398	0	173
8801	9	8802
3961	1	3962
2137	4	6019
2137	0	79
6019	4	2137
6019	7	79
9921	9	9922
2524	4	1171
2524	0	2525
8816	9	8817
4181	1	4182
2234	0	748
2234	4	6043
8803	9	8804
1702	0	424
1702	4	1271
7162	5	6374
7102	5	7103
9214	9	9215
6733	5	6734
6355	5	6356
6355	5	7274
8433	9	8434
1615	4	3019
1615	0	419
8447	9	8448
7631	7	295
7631	8	7672
7290	5	7291
2601	4	1024
2601	0	2602
8442	9	8443
6039	4	6038
6039	7	3
1188	0	674
1188	4	922
6731	5	6732
1284	6	3848
1284	0	139
1284	6	3973
9791	9	9792
2386	0	67
2386	3	5610
2386	7	7548
2386	3	5589
2386	3	5172
3378	4	6125
3378	0	127
9974	9	9975
6625	5	6626
1559	4	1467
1559	0	139
7301	5	7302
8908	9	8909
3849	1	3850
5983	4	5982
5983	7	139
9865	9	9866
9193	9	9194
6343	5	6344
8033	9	8034
48	0	49
48	4	2504
8149	9	8150
867	8	7677
867	0	407
8266	9	8267
7396	5	7397
232	0	230
232	4	268
10489	9	10183
8939	9	8686
9002	9	9003
7884	9	7885
9453	9	9454
6870	5	6871
9321	9	9322
4114	1	4115
6967	5	6968
6967	5	6594
9340	9	8617
9340	9	8474
6375	5	6376
9064	9	9065
9081	9	9082
7968	9	7969
6335	5	6336
4141	1	4142
6585	5	6586
2098	6	7428
2098	0	3
2098	7	17
3945	1	3946
6123	4	1597
6123	7	7519
7556	7	139
7556	8	7803
7556	8	7653
9909	9	9131
9531	9	9532
5947	3	5256
5947	7	2853
5947	3	5179
7273	5	6777
8087	9	8088
3633	8	7659
3633	0	1065
3633	8	7654
8003	9	8004
9209	9	9210
7249	5	7250
8351	9	8352
7406	5	7407
2887	4	2742
2887	0	2133
2742	4	2887
2742	0	103
10325	9	10326
9287	9	9288
6573	5	6574
8006	9	8007
6738	5	6739
9656	9	9657
10149	9	9593
569	4	6066
569	0	79
6066	4	569
6066	7	7489
2125	4	6308
2125	0	2126
7886	9	7887
6117	4	6116
6117	7	2004
6403	5	6404
7333	5	6818
8044	9	9416
8044	9	8045
3287	4	3775
3287	0	173
8840	9	8841
1515	3	5367
1515	3	5172
1515	3	5389
1515	0	30
9825	9	8940
6957	5	6958
6065	4	102
6065	7	139
8182	9	8183
9761	9	9762
7508	8	7665
7508	7	432
7508	8	7677
7217	5	6777
10467	9	8346
10467	9	9263
1628	0	674
1628	7	245
10484	9	10485
8672	9	8673
7228	5	6866
9225	9	9226
9883	9	9884
2192	3	5825
2192	0	67
7321	5	7322
6885	5	6886
2015	8	7753
2015	0	295
9912	9	9060
10252	9	10253
7235	5	7236
8774	9	8775
3380	0	247
3380	4	244
9529	9	9530
9022	9	8117
9885	9	9886
2971	0	1164
2971	4	3001
6515	5	6516
10435	9	9217
10593	9	10594
8357	9	8358
2680	0	57
2680	4	3006
847	0	848
847	4	3020
9083	9	9084
6589	5	6590
9243	9	9244
3499	3	5362
3499	0	3
3499	9	9315
3499	3	5474
9252	9	9253
8746	9	8747
9186	9	9187
6043	4	2234
6043	7	39
6949	5	6950
7014	5	7015
8563	9	8564
8944	9	8945
6921	5	6922
6850	5	6773
7385	5	7386
5491	3	5391
5491	3	5415
9873	9	9874
9741	9	9742
10322	9	10323
7358	5	7359
10049	9	10050
7243	5	7244
8053	9	8054
8197	9	8198
3312	4	5879
3312	0	388
6552	5	6553
9271	9	2350
6771	5	6772
1740	0	147
1740	4	6021
9464	9	8034
2775	0	101
2775	4	6167
7874	9	7875
7118	5	7119
6135	4	6136
6135	7	1478
10213	9	10214
7067	5	7068
6365	5	6366
8341	9	8342
9508	9	9509
6544	5	6545
9834	9	9729
1471	7	2122
1471	4	6292
1471	0	685
6527	5	6528
9519	9	9520
10245	9	9651
9772	9	9773
8681	9	8682
10071	9	10072
2267	0	1723
2267	4	1939
3968	1	3969
10350	9	10351
7920	9	7921
7023	5	7024
7199	5	7200
6508	5	6358
8744	9	8745
9561	9	9562
8389	9	8390
6345	5	6346
6531	5	6532
7294	5	7295
7354	5	7355
10150	9	10151
4215	1	4216
9586	9	9587
9618	9	9460
10115	9	10116
6349	5	6350
7255	5	7125
8927	9	8928
10544	9	10545
8410	9	8411
9040	9	8553
916	0	917
916	4	1534
6678	5	6679
3298	4	2779
3298	0	1164
6671	5	6672
3650	4	3310
3650	0	529
8498	9	8135
7012	5	7013
731	4	25
731	0	139
10184	9	10185
9856	9	9857
6940	5	6941
8168	9	8169
8935	9	8936
10491	9	9878
6845	5	6846
9056	9	9057
9419	9	9420
10527	9	8441
9013	9	9014
7897	9	7898
9375	9	9376
10062	9	9317
9815	9	8301
10582	9	6600
6720	5	6721
9163	9	9164
9438	9	9439
7245	5	7147
8464	9	8465
8471	9	8472
244	4	3380
244	0	245
3963	1	3964
6700	5	6701
8545	9	8546
9592	9	9593
9266	9	9267
9963	9	9964
7337	5	6663
8885	9	8886
8538	9	8539
2034	4	2685
2034	0	273
9526	9	9527
1939	4	2267
1939	0	613
8268	9	8269
8440	9	8441
9650	9	9651
9507	9	8009
8809	9	8790
